{"train_loss":4.611195781428343,"evaluate_loss":2.306639885902405,"evaluate_accuracy":0.1,"EXP_088_N8_R4_E2_CLIENT_02_status":0,"_runtime":5,"_step":2,"_timestamp":1.7565499971349754e+09,"_wandb":{"runtime":5}}