{"evaluate_accuracy":0.4248,"evaluate_loss":1.576163909103297,"train_loss":8.119403822734332,"_runtime":24925.962601585,"_step":9,"_timestamp":1.754219242704866e+09,"_wandb":{"runtime":24926}}