{"_step":0,"_wandb":{"runtime":37},"train_loss":8.98748803310257,"_timestamp":1.7542123997244911e+09,"_runtime":37.195145785}