{"_timestamp":1.757172564317545e+09,"_wandb":{"runtime":45},"evaluate_accuracy":0.4375,"evaluate_loss":1.5652682270322527,"train_loss":8.01270703458786,"_runtime":45,"_step":5}