{"_step":0,"train_loss":16.127687859344483,"_timestamp":1.7542089962862718e+09,"_wandb":{"runtime":68},"_runtime":68.329592973}