{"evaluate_loss":1.751094725728035,"train_loss":8.68876023049567,"_runtime":204,"_step":4,"_timestamp":1.7571543345280766e+09,"_wandb":{"runtime":204},"evaluate_accuracy":0.3152}