{"train_loss":4.004205869674682,"_runtime":4405.318621462,"_step":5,"_timestamp":1.7478323689632895e+09,"_wandb":{"runtime":4406},"evaluate_accuracy":0.25,"evaluate_loss":1.944663044065237}