{"evaluate_accuracy":0.3672,"evaluate_loss":1.7062631936012944,"train_loss":7.900583880397077,"_runtime":13837.345487601,"_step":8,"_timestamp":1.7541766329969904e+09,"_wandb":{"runtime":13837}}