{"_timestamp":1.7545860497177432e+09,"_wandb":{"runtime":156},"train_loss":10.555964720876592,"evaluate_loss":2.317888232896913,"evaluate_accuracy":0.10197960407918416,"_runtime":156.082536646,"_step":1}