{"train_loss":10.45159290621456,"_runtime":876.390017126,"_step":4,"_timestamp":1.7545840437538147e+09,"_wandb":{"runtime":876},"evaluate_accuracy":0.1392,"evaluate_loss":2.281239138373846}