{"evaluate_loss":1.545435857772827,"train_loss":4.764976128399801,"_runtime":4052.223423183,"_step":7,"_timestamp":1.7494653194015775e+09,"_wandb":{"runtime":4052},"evaluate_accuracy":0.4376124775044991}