{"_runtime":0,"evaluate_loss":2.3660171675303627,"evaluate_accuracy":0.1205,"_timestamp":1.7571717336600068e+09,"_step":0,"_wandb":{"runtime":0}}