{"_runtime":104.125084877,"_step":2,"_timestamp":1.7541534453312826e+09,"_wandb":{"runtime":104},"evaluate_accuracy":0.0916,"evaluate_loss":2.6460921779559676,"train_loss":3.442479271697998}