{"train_loss":6.909739077946786,"_runtime":2143.837927018,"_step":5,"_timestamp":1.754585443108852e+09,"_wandb":{"runtime":2143},"evaluate_accuracy":0.33293341331733656,"evaluate_loss":1.7408720344867346}