{"_step":5,"_timestamp":1.7564888563834603e+09,"_wandb":{"runtime":25},"evaluate_accuracy":0.31503150315031503,"evaluate_loss":1.7618708746773857,"train_loss":5.435002152868312,"_runtime":25}