{"_step":2,"_timestamp":1.7565512330244741e+09,"_wandb":{"runtime":13},"train_loss":9.890654301187794,"evaluate_loss":2.384241837263107,"evaluate_accuracy":0.0864,"EXP_091_N8_R4_E5_CLIENT_02_status":0,"_runtime":13}