{"evaluate_accuracy":0.081,"evaluate_loss":2.3058294355869293,"train_loss":4.22344388961792,"_runtime":33.360120075,"_step":2,"_timestamp":1.7478320926977596e+09,"_wandb":{"runtime":33}}