{"train_loss":6.970887630462647,"_runtime":199.32926037,"_step":2,"_timestamp":1.7494620990606732e+09,"_wandb":{"runtime":199},"evaluate_accuracy":0.0992,"evaluate_loss":2.4384250625683244}