{"evaluate_loss":1.9834533396221343,"train_loss":5.596960571172426,"_runtime":256.316385147,"_step":3,"_timestamp":1.7542118172837052e+09,"_wandb":{"runtime":256},"evaluate_accuracy":0.22345530893821236}