{"evaluate_accuracy":0.1476,"evaluate_loss":2.2407140248938453,"train_loss":8.796138168523868,"_runtime":430.481240538,"_step":3,"_timestamp":1.7541730156920474e+09,"_wandb":{"runtime":430}}