{"evaluate_loss":1.5783334563050089,"train_loss":4.774055137801856,"_runtime":30450.980634558,"_step":10,"_timestamp":1.754217409181797e+09,"_wandb":{"runtime":30450},"evaluate_accuracy":0.4268}