{"_step":1,"_timestamp":1.7541729449579768e+09,"_wandb":{"runtime":90},"train_loss":9.704357817150152,"evaluate_loss":2.514018982271605,"evaluate_accuracy":0.104,"_runtime":90.202086577}