{"_runtime":21,"_step":4,"_timestamp":1.7564893192543476e+09,"_wandb":{"runtime":21},"evaluate_accuracy":0.304,"evaluate_loss":1.8524140238761901,"train_loss":5.670406718922269}