{"_runtime":0,"_step":5,"_timestamp":1.7565729500059283e+09,"_wandb":{"runtime":0},"evaluate_accuracy":0.308,"evaluate_loss":1.8204140439629555,"EXP_102_N10_R4_E3_CLIENT_08_status":0}