{"_timestamp":1.754206367176843e+09,"_wandb":{"runtime":1684},"evaluate_accuracy":0.3576,"evaluate_loss":1.7163932255119274,"train_loss":5.21316931438446,"_runtime":1684.938744339,"_step":5}