{"_runtime":2.0085629307834628e+08,"_step":26,"_timestamp":1.7478336538562818e+09,"_wandb":{"runtime":200856293},"evaluate_accuracy":0.2483503299340132,"evaluate_loss":1.8800509668531873,"train_loss":3.5605801544029365}