{"_step":3,"_timestamp":1.7564897494768815e+09,"_wandb":{"runtime":16},"evaluate_accuracy":0.1692169216921692,"evaluate_loss":2.167989812578474,"train_loss":6.1172211530397265,"_runtime":16}