{"evaluate_loss":1.6453781036814308,"train_loss":4.862348001098633,"_runtime":653.98143413,"_step":4,"_timestamp":1.7541300641119423e+09,"_wandb":{"runtime":653},"evaluate_accuracy":0.4026}