{"EXP_104_N8_R5_E3_CLIENT_02_status":0,"_wandb":{"runtime":18},"_runtime":18,"_timestamp":1.7565737182406583e+09,"train_loss":5.908971213990716,"_step":0}