{"_runtime":23.253879708,"_step":0,"train_loss":6.914577731697394,"_timestamp":1.749465130991292e+09,"_wandb":{"runtime":23}}