{"_timestamp":1.7565737176003554e+09,"train_loss":5.836359189574126,"_step":0,"_wandb":{"runtime":17},"_runtime":17,"EXP_104_N8_R5_E3_CLIENT_01_status":0}