{"train_loss":6.135519034839703,"_runtime":69933.554739537,"_step":10,"_timestamp":1.7545856744985034e+09,"_wandb":{"runtime":69933},"evaluate_accuracy":0.39892021595680865,"evaluate_loss":1.6299640794969954}