{"_step":4,"_timestamp":1.7571543346797278e+09,"_wandb":{"runtime":187},"evaluate_accuracy":0.3088,"evaluate_loss":1.7455791175365447,"train_loss":8.64611053163079,"_runtime":187}