{"evaluate_accuracy":0.1085,"evaluate_loss":2.435212014213441,"train_loss":4.006167287826538,"_runtime":75.96258285,"_step":2,"_timestamp":1.7541545571046252e+09,"_wandb":{"runtime":75}}