{"_step":0,"_wandb":{"runtime":43},"train_loss":13.825238199660573,"_timestamp":1.7545838893361068e+09,"_runtime":43.113299128}