{"_timestamp":1.7564893027995086e+09,"_wandb":{"runtime":19},"evaluate_accuracy":0.1432,"evaluate_loss":2.1931093096733094,"train_loss":5.725395927763289,"_runtime":19.103234074,"_step":3}