{"evaluate_loss":2.3062379028223736,"evaluate_accuracy":0.0952,"_timestamp":1.7542165853769863e+09,"_wandb":{"runtime":38},"train_loss":5.916617988016658,"_runtime":38.094024219,"_step":1}