{"evaluate_accuracy":0.0976,"_wandb":{"runtime":44},"train_loss":5.6500698899308714,"_runtime":44.305492155,"_step":1,"_timestamp":1.7542171488773298e+09,"evaluate_loss":2.4248236070705365}