{"_step":2,"_timestamp":1.7542147617876732e+09,"_wandb":{"runtime":296},"evaluate_accuracy":0.09568086382723456,"evaluate_loss":2.3577825478145056,"train_loss":12.459877437538951,"_runtime":296.005047714}