{"_timestamp":1.757172133370789e+09,"_wandb":{"runtime":45},"evaluate_accuracy":0.2175,"evaluate_loss":2.044881162189302,"train_loss":8.907122043132782,"_runtime":45,"_step":3}