{"_step":5,"_timestamp":1.75421360822588e+09,"_wandb":{"runtime":1870},"evaluate_accuracy":0.41271745650869823,"evaluate_loss":1.629645231791905,"train_loss":8.160318139073945,"_runtime":1870.433244897}