{"evaluate_accuracy":0.2816,"evaluate_loss":1.8420474588871003,"train_loss":7.529555061820206,"_runtime":59,"_step":4,"_timestamp":1.7571523483531532e+09,"_wandb":{"runtime":59}}