{"_runtime":58,"_step":5,"_timestamp":1.7564825025830593e+09,"_wandb":{"runtime":58},"evaluate_accuracy":0.3164,"evaluate_loss":1.7897130266020569,"train_loss":5.3750738625328385}