{"_step":12,"_timestamp":1.754208828241942e+09,"_wandb":{"runtime":308776},"evaluate_accuracy":0.4694,"evaluate_loss":1.5093505557175655,"train_loss":7.467691060543061,"_runtime":308776.224278006}