{"evaluate_loss":1.8832784831523894,"train_loss":9.08352045344699,"_runtime":36,"_step":3,"_timestamp":1.757155547875232e+09,"_wandb":{"runtime":36},"evaluate_accuracy":0.2624}