{"_runtime":10494.093555987,"_step":8,"_timestamp":1.7542069678763866e+09,"_wandb":{"runtime":10494},"evaluate_accuracy":0.4118,"evaluate_loss":1.5849869995360162,"train_loss":4.7256270860672}