{"evaluate_loss":1.6603654296534835,"train_loss":3.383868190765381,"_runtime":882.751249037,"_step":5,"_timestamp":1.7492057213592901e+09,"_wandb":{"runtime":882},"evaluate_accuracy":0.3866}