{"_runtime":361,"_step":11,"evaluate_accuracy":0.4,"evaluate_loss":1.593184185028076,"_timestamp":1.7571499053332963e+09,"_wandb":{"runtime":361},"train_loss":6.288953755311905,"EXP_110_N8_R5_E4_CLIENT_05_status":0}