{"train_loss":7.416258516494167,"_runtime":509.918547457,"_step":3,"_timestamp":1.7545853566399827e+09,"_wandb":{"runtime":509},"evaluate_accuracy":0.1907618476304739,"evaluate_loss":2.1593523092989653}