{"_timestamp":1.7565475979614253e+09,"evaluate_loss":1.6572579830884933,"train_loss":8.53945325286525,"EXP_086_N8_R4_E5_CLIENT_07_status":0,"_runtime":14,"_step":8,"_wandb":{"runtime":14},"evaluate_accuracy":0.3904}