{"_wandb":{"runtime":169},"train_loss":12.502985084724424,"evaluate_loss":2.3861284544513484,"evaluate_accuracy":0.1264,"_runtime":169.614997682,"_step":1,"_timestamp":1.7542090276715293e+09}