{"_timestamp":1.7565456890454652e+09,"_wandb":{"runtime":16},"train_loss":7.373692767471788,"EXP_081_N6_R4_E4_CLIENT_01_status":0,"_runtime":16,"_step":2,"evaluate_loss":2.360312542825375,"evaluate_accuracy":0.09718056388722256}