{"train_loss":6.914196622848511,"_step":0,"_wandb":{"runtime":12},"_runtime":12,"EXP_102_N10_R4_E3_CLIENT_03_status":0,"_timestamp":1.7565728423130221e+09}