{"evaluate_accuracy":0.4295140971805639,"evaluate_loss":1.5589679218473889,"train_loss":7.798249692082119,"_runtime":15277.190223193,"_step":8,"_timestamp":1.7542137355867064e+09,"_wandb":{"runtime":15277}}