{"train_loss":6.914196622848511,"evaluate_loss":2.306341700255871,"evaluate_accuracy":0.108,"EXP_102_N10_R4_E3_CLIENT_03_status":0,"_runtime":12,"_step":2,"_timestamp":1.7565728601558945e+09,"_wandb":{"runtime":12}}