{"_step":0,"_wandb":{"runtime":3},"evaluate_loss":1.8604161693936303,"evaluate_accuracy":0.2948410317936413,"_timestamp":1.7477453810008895e+09,"_runtime":2.294689749}