{"_runtime":115,"_step":3,"_timestamp":1.7571522842609193e+09,"_wandb":{"runtime":115},"evaluate_accuracy":0.184,"evaluate_loss":2.0669466257095337,"train_loss":7.746090815325451}