{"_runtime":450.27064695,"_step":4,"_timestamp":1.7541314319466004e+09,"_wandb":{"runtime":450},"evaluate_accuracy":0.211,"evaluate_loss":1.9882714391513991,"train_loss":3.6533794521331786}