{"train_loss":3.4884968143463135,"_runtime":143.020351213,"_step":2,"_timestamp":1.754156339547688e+09,"_wandb":{"runtime":143},"evaluate_accuracy":0.1292,"evaluate_loss":2.262569779803039}