{"train_loss":3.9820920491961838,"_runtime":1.5955239002693278e+08,"_step":22,"_timestamp":1.7478335529420223e+09,"_wandb":{"runtime":159552390},"evaluate_accuracy":0.3844,"evaluate_loss":1.676172162913069}