{"evaluate_accuracy":0.234,"evaluate_loss":2.054791136632992,"train_loss":9.094630319089555,"_runtime":389.945213001,"_step":3,"_timestamp":1.754219035451746e+09,"_wandb":{"runtime":389}}