{"_wandb":{"runtime":48},"train_loss":6.911949918673823,"evaluate_loss":2.3055660905717295,"evaluate_accuracy":0.096,"_runtime":48.094477296,"_step":1,"_timestamp":1.7542165862827878e+09}