{"_step":3,"_timestamp":1.754219847338793e+09,"_wandb":{"runtime":526},"evaluate_accuracy":0.1272,"evaluate_loss":2.4390229394164264,"train_loss":13.566517749914349,"_runtime":526.330387553}