{"_step":0,"train_loss":5.694248424530029,"_timestamp":1.7571714261463716e+09,"_wandb":{"runtime":12},"_runtime":12.174430575}