{"_runtime":185.31158381,"_step":2,"_timestamp":1.754218382369977e+09,"_wandb":{"runtime":185},"evaluate_accuracy":0.0984,"evaluate_loss":2.3994252892989145,"train_loss":9.124455555940207}