{"_runtime":2618.109652982,"_step":6,"_timestamp":1.7492164333566508e+09,"_wandb":{"runtime":2618},"evaluate_accuracy":0.373125374925015,"evaluate_loss":1.658959278606233,"train_loss":6.552630976235552}