{"evaluate_loss":1.6577044320556353,"EXP_079_N6_R4_E2_CLIENT_02_status":0,"_step":10,"_timestamp":1.7565451359322507e+09,"evaluate_accuracy":0.39832033593281346,"train_loss":3.4486967530547146,"_runtime":21,"_wandb":{"runtime":21}}