{"_runtime":157.101366894,"_step":2,"_timestamp":1.7541304500480182e+09,"_wandb":{"runtime":157},"evaluate_accuracy":0.1096,"evaluate_loss":2.3101482938049704,"train_loss":5.526823072052002}