{"train_loss":10.555964720876593,"_timestamp":1.75458603331502e+09,"_runtime":77.356308219,"_step":0,"_wandb":{"runtime":77}}