{"_wandb":{"runtime":55106},"evaluate_accuracy":0.40491901619676063,"evaluate_loss":1.6177100550453618,"train_loss":9.2038393819161,"_runtime":55105.968371653,"_step":9,"_timestamp":1.7545871533727071e+09}