{"_timestamp":1.747832352060703e+09,"_wandb":{"runtime":2518},"evaluate_accuracy":0.092,"evaluate_loss":2.2735041677951813,"train_loss":3.9944290742874147,"_runtime":2518.294468712,"_step":4}