{"_timestamp":1.7563109234091182e+09,"_wandb":{"runtime":53},"evaluate_loss":2.3075517336527507,"evaluate_accuracy":0.09237228831350595,"train_loss":8.052221755741694,"_runtime":53.857313392,"_step":1}