{"_step":7,"_timestamp":1.754582840117899e+09,"_wandb":{"runtime":4896},"evaluate_accuracy":0.4188,"evaluate_loss":1.5743453668642649,"train_loss":6.591368121080125,"_runtime":4896.404660356}