{"_timestamp":1.7565499949901843e+09,"_wandb":{"runtime":6},"train_loss":4.183286846822994,"evaluate_loss":2.301851201057434,"evaluate_accuracy":0.1152,"EXP_088_N8_R4_E2_CLIENT_01_status":0,"_runtime":6,"_step":2}