{"_wandb":{"runtime":19},"train_loss":9.127394002437592,"evaluate_loss":2.4475033169700984,"evaluate_accuracy":0.1105,"_runtime":19,"_step":1,"_timestamp":1.757172404009895e+09}