{"_step":5,"_timestamp":1.7478323680268307e+09,"_wandb":{"runtime":286},"evaluate_accuracy":0.243,"evaluate_loss":1.95443557202816,"train_loss":3.980470573425293,"_runtime":285.308351479}