{"_timestamp":1.756573429037507e+09,"_wandb":{"runtime":40},"train_loss":5.444900198347249,"evaluate_accuracy":0.1312,"evaluate_loss":2.2906052231788636,"EXP_103_N8_R4_E3_CLIENT_01_status":0,"_runtime":40,"_step":6}