{"_step":3,"_timestamp":1.7545853571979544e+09,"_wandb":{"runtime":519},"evaluate_accuracy":0.20875824835032994,"evaluate_loss":2.185996314264693,"train_loss":7.308791181687533,"_runtime":519.746477949}