{"_step":5,"_timestamp":1.756551280949722e+09,"_wandb":{"runtime":32},"evaluate_accuracy":0.228,"evaluate_loss":2.029741868376732,"train_loss":9.31571720815768,"EXP_091_N8_R4_E5_CLIENT_03_status":0,"_runtime":32}