{"_wandb":{"runtime":39},"epoch":2,"accuracy":0.5,"_timestamp":1.7458606847649403e+09,"_runtime":38.090175161,"_step":1874,"loss":1.2999873161315918}