{"_wandb":{"runtime":35},"_step":0,"train_loss":8.089258966931872,"_timestamp":1.75458886598664e+09,"_runtime":35.224801972}