{"EXP_108_N8_R5_E5_CLIENT_02_status":0,"_runtime":78,"_timestamp":1.756575854541791e+09,"_wandb":{"runtime":78},"evaluate_loss":1.7699455499649048,"train_loss":8.75543775224382,"_step":8,"evaluate_accuracy":0.3184}