{"evaluate_accuracy":0.3252747252747253,"evaluate_loss":1.7619838673492958,"train_loss":6.0223830980167055,"_runtime":9,"_step":3,"_timestamp":1.7564906434282353e+09,"_wandb":{"runtime":9}}