{"evaluate_accuracy":0.416,"evaluate_loss":1.5900199941441984,"train_loss":8.09430238461723,"_runtime":22934.159798982,"_step":9,"_timestamp":1.7542186084669917e+09,"_wandb":{"runtime":22934}}