{"evaluate_accuracy":0.4,"evaluate_loss":1.6216472577137553,"train_loss":4.980319919967651,"_runtime":763.046145844,"_step":4,"_timestamp":1.754206830981756e+09,"_wandb":{"runtime":763}}