{"evaluate_loss":2.323570251464844,"train_loss":12.918906954149849,"_runtime":268.330406352,"_step":2,"_timestamp":1.7541780510973642e+09,"_wandb":{"runtime":268},"evaluate_accuracy":0.102}