{"_timestamp":1.7477459057955825e+09,"_wandb":{"runtime":3},"_runtime":2.312957138,"_step":0,"evaluate_loss":1.8441667409170241,"evaluate_accuracy":0.2855428914217157}