{"evaluate_accuracy":0.113377324535093,"evaluate_loss":2.2990055061521986,"train_loss":12.610074144187305,"_runtime":276.963759602,"_step":2,"_timestamp":1.7542142846629071e+09,"_wandb":{"runtime":276}}