{"train_loss":3.893943897451455,"_runtime":19958.335684902,"_step":7,"_timestamp":1.7478329229910877e+09,"_wandb":{"runtime":19958},"evaluate_accuracy":0.0968,"evaluate_loss":2.3356082469602173}