{"_runtime":236.235168499,"_step":2,"_timestamp":1.7545839738053765e+09,"_wandb":{"runtime":236},"evaluate_accuracy":0.0972,"evaluate_loss":2.352032085008259,"train_loss":11.375127139944619}