{"evaluate_loss":2.3573691487312316,"EXP_091_N8_R4_E5_CLIENT_01_status":0,"_runtime":17,"_step":2,"_timestamp":1.756551233249806e+09,"_wandb":{"runtime":17},"train_loss":9.543203886147518,"evaluate_accuracy":0.1128}