{"_timestamp":1.7477758220987947e+09,"_wandb":{"runtime":24},"_runtime":24.014776763,"_step":0,"train_loss":3.5639290880203247}