{"_timestamp":1.7477389349709423e+09,"_runtime":6.359604727,"_step":0,"_wandb":{"runtime":7},"loss":2.3134922571242993,"accuracy":0.0986}