{"evaluate_accuracy":0.4292141571685663,"evaluate_loss":1.5598536650339763,"train_loss":10.875944686450548,"_runtime":41866.831741532,"_step":9,"_timestamp":1.7542150696621459e+09,"_wandb":{"runtime":41866}}