{"_step":50,"_timestamp":1.7479231059859238e+09,"_wandb":{"runtime":4294967310},"evaluate_accuracy":0.09628074385122976,"evaluate_loss":2.4638358910878497,"train_loss":3.7549477212434765,"_runtime":4.2949673109481325e+09}