{"_runtime":0,"EXP_088_N8_R4_E2_CLIENT_08_status":0,"_timestamp":1.7565500006501486e+09,"evaluate_loss":2.3097937941551208,"evaluate_accuracy":0.0928,"_step":1,"_wandb":{"runtime":0}}