{"evaluate_accuracy":0.1632,"evaluate_loss":2.251733922958374,"train_loss":9.7630053348602,"EXP_108_N8_R5_E5_CLIENT_01_status":0,"_wandb":{"runtime":18},"_runtime":18,"_step":4,"_timestamp":1.756575799943814e+09}