{"train_loss":6.899545580363102,"_runtime":1294.562873913,"_step":5,"_timestamp":1.7494660902903185e+09,"_wandb":{"runtime":1294},"evaluate_accuracy":0.3578284343131374,"evaluate_loss":1.7080690247671946}