{"evaluate_loss":1.9951340556144714,"train_loss":3.9944290742874142,"_runtime":5037.648632961,"_step":5,"_timestamp":1.7478323682104406e+09,"_wandb":{"runtime":5038},"evaluate_accuracy":0.229}