{"_timestamp":1.7564901829462788e+09,"_wandb":{"runtime":18},"evaluate_accuracy":0.341,"evaluate_loss":1.7706082239747047,"train_loss":5.456315499305725,"_runtime":18,"_step":4}