{"_step":0,"EXP_079_N6_R4_E2_CLIENT_03_status":0,"_wandb":{"runtime":8},"_runtime":8,"_timestamp":1.7565450016987126e+09,"train_loss":4.026848965854736}