{"_timestamp":1.7571715340514371e+09,"_wandb":{"runtime":25},"evaluate_accuracy":0.3425,"evaluate_loss":1.7463796857803586,"train_loss":5.535883045196533,"_runtime":25,"_step":4}