{"evaluate_loss":2.362270209902809,"train_loss":3.595621976063406,"_runtime":86.969230384,"_step":2,"_timestamp":1.7494630971875968e+09,"_wandb":{"runtime":86},"evaluate_accuracy":0.10257948410317937}