{"evaluate_loss":1.6581720249562324,"train_loss":5.146377759619643,"_runtime":13242.071301029,"_step":9,"_timestamp":1.7542168053225126e+09,"_wandb":{"runtime":13242},"evaluate_accuracy":0.3916}