{"_timestamp":1.7541746948352535e+09,"_wandb":{"runtime":10641},"evaluate_accuracy":0.36052789442111577,"evaluate_loss":1.707909568300787,"train_loss":8.854895824450626,"_runtime":10641.935111824,"_step":7}