{"train_loss":4.183286846822994,"_runtime":7,"_step":6,"_timestamp":1.756550075501147e+09,"_wandb":{"runtime":7},"evaluate_loss":1.9109316051006318,"EXP_088_N8_R4_E2_CLIENT_01_status":0,"evaluate_accuracy":0.3064}