{"evaluate_accuracy":0.426,"evaluate_loss":1.5787622988978518,"train_loss":4.694135815190812,"_runtime":60936.309870618,"_step":11,"_timestamp":1.7542174272114122e+09,"_wandb":{"runtime":60936}}