{"_timestamp":1.7563088131638587e+09,"_wandb":{"runtime":160},"evaluate_accuracy":0.22405518896220755,"evaluate_loss":1.9849015951156617,"train_loss":3.704793404332168,"_runtime":160.289495852,"_step":3}