{"evaluate_accuracy":0.09598080383923216,"EXP_078_N6_R3_E2_CLIENT_01_status":0,"_wandb":{"runtime":14},"evaluate_loss":2.314735138191367,"train_loss":3.9941264162793684,"_runtime":14,"_step":3,"_timestamp":1.7565438319215147e+09}