{"_wandb":{"runtime":2079},"evaluate_accuracy":0.2904128761371588,"evaluate_loss":1.8641131930881076,"train_loss":7.395461667849365,"_runtime":2079.170324956,"_step":5,"_timestamp":1.7563111335140412e+09}