{"evaluate_accuracy":0.3833233353329334,"evaluate_loss":1.6300887814107932,"_runtime":26,"_timestamp":1.7565454018026698e+09,"_wandb":{"runtime":26},"train_loss":4.971401510056126,"EXP_080_N6_R4_E3_CLIENT_04_status":0,"_step":7}