{"train_loss":11.26385415855207,"_runtime":388.03089632,"_step":2,"_timestamp":1.7545861416281567e+09,"_wandb":{"runtime":388},"evaluate_accuracy":0.09598080383923216,"evaluate_loss":2.3262436344938457}