{"_timestamp":1.754171711686395e+09,"_wandb":{"runtime":100},"train_loss":8.918616770553589,"evaluate_loss":2.3097261668770175,"evaluate_accuracy":0.1006,"_runtime":100.838343172,"_step":1}