{"_timestamp":1.7479202519252837e+09,"_wandb":{"runtime":4294967298},"evaluate_accuracy":0.138,"evaluate_loss":2.265864432997005,"train_loss":3.796146521949768,"_runtime":4.294967298950965e+09,"_step":33}