{"_timestamp":1.7571721332053456e+09,"_wandb":{"runtime":23},"evaluate_accuracy":0.2315,"evaluate_loss":2.0398661087429715,"train_loss":9.15913863992691,"_runtime":23,"_step":2}