{"train_loss":3.418608223505729,"_runtime":2678.433252617,"_step":7,"_timestamp":1.7494638397134705e+09,"_wandb":{"runtime":2678},"evaluate_accuracy":0.39022195560887823,"evaluate_loss":1.6499574786140805}