{"_wandb":{"runtime":638},"evaluate_accuracy":0.34523095380923813,"evaluate_loss":1.7389862457911174,"train_loss":3.567441469187931,"_runtime":638.322844422,"_step":5,"_timestamp":1.7494631649907799e+09}