{"evaluate_accuracy":0.2488,"evaluate_loss":1.9299162864685058,"EXP_100_N8_R4_E3_CLIENT_06_status":0,"_runtime":0,"_step":3,"_timestamp":1.75657204328552e+09,"_wandb":{"runtime":0}}