{"_wandb":{"runtime":886},"evaluate_accuracy":0.3752,"evaluate_loss":1.6548538990081496,"train_loss":3.4228319314956663,"_runtime":886.877230022,"_step":5,"_timestamp":1.7492050103712096e+09}