{"_runtime":2639.598664354,"_step":5,"_timestamp":1.754207547286453e+09,"_wandb":{"runtime":2639},"evaluate_accuracy":0.3106,"evaluate_loss":1.7585920087850777,"train_loss":8.695822074890136}