{"_timestamp":1.7541792742589886e+09,"_wandb":{"runtime":581984},"evaluate_accuracy":0.4448,"evaluate_loss":1.5436952944043316,"train_loss":10.216186478115118,"_runtime":581984.248131694,"_step":13}