{"_timestamp":1.754216584980346e+09,"_wandb":{"runtime":44},"train_loss":6.086507119309788,"evaluate_loss":2.306781789924525,"evaluate_accuracy":0.0968,"_runtime":44.299554635,"_step":1}