{"_step":4,"_timestamp":1.7545840454257689e+09,"_wandb":{"runtime":904},"evaluate_accuracy":0.1372,"evaluate_loss":2.2808964674985863,"train_loss":10.4721404161697,"_runtime":904.215885022}