{"_runtime":13.789234738,"_step":0,"_wandb":{"runtime":13},"train_loss":3.8625780112451786,"_timestamp":1.7477458235576324e+09}