{"_step":0,"_wandb":{"runtime":29},"train_loss":3.869721582221985,"_timestamp":1.7541533938481839e+09,"_runtime":29.125615467}