{"evaluate_loss":2.534135745820545,"train_loss":7.030799392887729,"_runtime":151.131109738,"_step":2,"_timestamp":1.756309068010119e+09,"_wandb":{"runtime":151},"evaluate_accuracy":0.11037792441511696}