{"evaluate_loss":1.6551560220264254,"train_loss":6.704385822053721,"_runtime":1404.332106227,"_step":5,"_timestamp":1.7492159516753325e+09,"_wandb":{"runtime":1404},"evaluate_accuracy":0.367126574685063}