{"evaluate_accuracy":0.3710257948410318,"evaluate_loss":1.680604326157343,"train_loss":11.752987119219572,"_runtime":2330.522421492,"_step":5,"_timestamp":1.7542144032091577e+09,"_wandb":{"runtime":2330}}