{"train_loss":8.114943448904972,"_runtime":374.251971084,"_step":7,"_timestamp":1.7571545542864282e+09,"_wandb":{"runtime":374},"evaluate_accuracy":0.3552,"evaluate_loss":1.6785404950380325}