{"_runtime":1,"EXP_080_N6_R4_E3_CLIENT_05_status":0,"_timestamp":1.7565453140033202e+09,"evaluate_loss":2.2359983426220014,"evaluate_accuracy":0.14757048590281943,"_step":1,"_wandb":{"runtime":1}}