{"_wandb":{"runtime":643824},"evaluate_accuracy":0.41931613677264545,"evaluate_loss":1.5610425239517576,"train_loss":10.16462316258634,"_runtime":643824.682488898,"_step":13,"_timestamp":1.7542158996017997e+09}