{"_runtime":814.033589323,"_step":5,"_timestamp":1.7542166948187087e+09,"_wandb":{"runtime":814},"evaluate_accuracy":0.3564,"evaluate_loss":1.7536124564424347,"train_loss":5.514182733270688}