{"_wandb":{"runtime":156},"evaluate_accuracy":0.10437912417516496,"evaluate_loss":2.326944787161691,"train_loss":6.900530982646439,"_runtime":156.018694704,"_step":2,"_timestamp":1.749466006513081e+09}