{"_runtime":0,"_step":7,"_timestamp":1.7565468481571734e+09,"_wandb":{"runtime":0},"evaluate_accuracy":0.1032,"evaluate_loss":2.302312397956848,"EXP_084_N8_R4_E3_CLIENT_05_status":0}