{"_step":4,"_timestamp":1.7545869154104187e+09,"_wandb":{"runtime":1717},"evaluate_accuracy":0.3143371325734853,"evaluate_loss":1.89842759663204,"train_loss":10.113087979800394,"_runtime":1717.010861894}