{"evaluate_loss":1.670960112980434,"EXP_097_N3_R4_E3_CLIENT_03_status":0,"_runtime":3,"_step":5,"_timestamp":1.7565708307627115e+09,"_wandb":{"runtime":3},"evaluate_accuracy":0.3707258548290342}