{"_step":9,"_timestamp":1.7541791049135258e+09,"_wandb":{"runtime":32584},"evaluate_accuracy":0.4552,"evaluate_loss":1.5141484118715118,"train_loss":10.649662997204656,"_runtime":32584.256674862}