{"train_loss":9.353248441562105,"_runtime":336.411499236,"_step":3,"_timestamp":1.754218399956383e+09,"_wandb":{"runtime":336},"evaluate_accuracy":0.1464,"evaluate_loss":2.158765581589711}