{"evaluate_loss":2.0297274453730525,"train_loss":5.410582497097052,"_runtime":202.242523949,"_step":3,"_timestamp":1.754217204362316e+09,"_wandb":{"runtime":202},"evaluate_accuracy":0.2404}