{"train_loss":7.924812727451324,"_runtime":45.774842075,"_step":5,"_timestamp":1.7571725966127436e+09,"_wandb":{"runtime":45},"evaluate_accuracy":0.4155,"evaluate_loss":1.579443617472573}