{"_step":0,"evaluate_loss":2.366036860148112,"evaluate_accuracy":0.10257948410317937,"_wandb":{"runtime":2},"_timestamp":1.7477452768963773e+09,"_runtime":2.284558207}