{"_step":7,"_timestamp":1.7571725630157025e+09,"_wandb":{"runtime":90},"evaluate_accuracy":0.419,"evaluate_loss":1.5962284803390503,"train_loss":7.877830443382263,"_runtime":90}