{"_wandb":{"runtime":20},"_timestamp":1.7492153580684073e+09,"_runtime":20.986815826,"_step":0,"train_loss":5.744863624481274}