{"train_loss":11.458114864346319,"_runtime":927.270307915,"_step":4,"_timestamp":1.7541789202645576e+09,"_wandb":{"runtime":927},"evaluate_accuracy":0.21,"evaluate_loss":2.047399795508083}