{"_wandb":{"runtime":16},"evaluate_accuracy":0.3624,"evaluate_loss":1.7277255684137345,"EXP_091_N8_R4_E5_CLIENT_05_status":0,"_runtime":16,"train_loss":8.192092789206535,"_step":6,"_timestamp":1.756551358686399e+09}