{"_runtime":148.379316073,"_step":3,"_timestamp":1.7492141117138667e+09,"_wandb":{"runtime":148},"evaluate_accuracy":0.17666466706658668,"evaluate_loss":2.046729184332348,"train_loss":3.799641214686332}