{"evaluate_loss":2.323783780955061,"train_loss":5.291891232085304,"_runtime":481.95852887,"_step":4,"_timestamp":1.754216244985104e+09,"_wandb":{"runtime":481},"evaluate_accuracy":0.1948}