{"_runtime":2202.087449858,"_step":4,"_timestamp":1.7478323214908586e+09,"_wandb":{"runtime":2202},"evaluate_accuracy":0.094,"evaluate_loss":2.2646653801202774,"train_loss":4.004205869674682}