{"_runtime":10032.240533516,"_step":7,"_timestamp":1.754214974386789e+09,"_wandb":{"runtime":10032},"evaluate_accuracy":0.4262147570485903,"evaluate_loss":1.5585515794299898,"train_loss":10.979786016386477}