{"_runtime":3219.697580391,"_step":5,"_timestamp":1.754586267713339e+09,"_wandb":{"runtime":3219},"evaluate_accuracy":0.235752849430114,"evaluate_loss":1.9335765118868846,"train_loss":11.425502324788765}