{"_runtime":95.935071246,"_step":0,"train_loss":8.018205049690927,"_timestamp":1.7571522004494958e+09,"_wandb":{"runtime":95}}