{"evaluate_loss":2.3010928812481106,"train_loss":3.663960144674178,"_runtime":6.382095845460281e+08,"_step":24,"_timestamp":1.7478336059441729e+09,"_wandb":{"runtime":638209584},"evaluate_accuracy":0.11007798440311936}