{"_runtime":1886.576558423,"_step":5,"_timestamp":1.7563111356404598e+09,"_wandb":{"runtime":1886},"evaluate_accuracy":0.30160951714485656,"evaluate_loss":1.8913292646408082,"train_loss":7.343143015600449}