{"evaluate_loss":1.7594106310889834,"train_loss":8.772361027822791,"_runtime":1680.374628208,"_step":5,"_timestamp":1.7542130151168423e+09,"_wandb":{"runtime":1680},"evaluate_accuracy":0.3194361127774445}