{"_wandb":{"runtime":43},"client_name":"EXP_001_Nunknown_R3_E2_CLIENT_01","_timestamp":1.754148188468398e+09,"partition_id":1,"evaluate_loss":2.2773124108648606,"train_loss":3.708139557075501,"evaluate_accuracy":0.1056,"_runtime":42.976226632,"_step":1}