{"_wandb":{"runtime":7039},"evaluate_accuracy":0.4196,"evaluate_loss":1.5690909774997566,"train_loss":4.829685676592988,"_runtime":7039.042381009,"_step":8,"_timestamp":1.7542173518355477e+09}