{"EXP_105_N8_R4_E4_CLIENT_05_status":0,"_runtime":42,"_timestamp":1.7565743323829186e+09,"evaluate_loss":1.7886064678430558,"_step":7,"_wandb":{"runtime":42},"evaluate_accuracy":0.3136,"train_loss":6.628295305428232}