{"_runtime":70638.500205162,"_step":10,"_timestamp":1.754587220287992e+09,"_wandb":{"runtime":70638},"evaluate_accuracy":0.4439112177564487,"evaluate_loss":1.5237837535030436,"train_loss":9.02186072870875}