{"_runtime":25,"_step":0,"EXP_105_N8_R4_E4_CLIENT_01_status":0,"_timestamp":1.7565741757909703e+09,"train_loss":7.895256640045506,"_wandb":{"runtime":25}}