{"evaluate_accuracy":0.4244,"evaluate_loss":1.5247026681900024,"train_loss":10.337142319915394,"_runtime":73408.917780263,"_step":10,"_timestamp":1.7542213762375593e+09,"_wandb":{"runtime":73408}}