{"evaluate_accuracy":0.10587882423515296,"evaluate_loss":2.3606123765309652,"train_loss":3.8655747169499204,"_runtime":74.983145429,"_step":2,"_timestamp":1.74946372823771e+09,"_wandb":{"runtime":74}}