{"EXP_091_N8_R4_E5_CLIENT_04_status":0,"_timestamp":1.7565512163575718e+09,"train_loss":11.515443730506169,"_step":0,"_wandb":{"runtime":16},"_runtime":16}