{"EXP_103_N8_R4_E3_CLIENT_06_status":0,"_runtime":43,"_step":8,"_timestamp":1.7565734779029808e+09,"_wandb":{"runtime":43},"evaluate_loss":1.9647900193929673,"evaluate_accuracy":0.2384,"train_loss":5.122790232585494}