{"evaluate_loss":1.663733088402521,"train_loss":3.2687662499699948,"_runtime":1400.30891187,"_step":6,"_timestamp":1.7492146234494736e+09,"_wandb":{"runtime":1400},"evaluate_accuracy":0.38662267546490703}