{"_runtime":319485.962652265,"_step":11,"_timestamp":1.7478330176007967e+09,"_wandb":{"runtime":319486},"evaluate_accuracy":0.1928,"evaluate_loss":1.9601539463936528,"train_loss":3.769303667278717}