{"_runtime":14,"_timestamp":1.756550038474357e+09,"_wandb":{"runtime":14},"evaluate_loss":2.1613714516162874,"_step":5,"evaluate_accuracy":0.1584,"train_loss":3.8478881287726625,"EXP_088_N8_R4_E2_CLIENT_03_status":0}