{"_timestamp":1.756570878185664e+09,"_wandb":{"runtime":79},"EXP_097_N3_R4_E3_CLIENT_02_status":0,"evaluate_accuracy":0.3707258548290342,"evaluate_loss":1.6727640344983055,"train_loss":5.138254492402934,"_runtime":79,"_step":11}