{"_timestamp":1.7571722184387658e+09,"_wandb":{"runtime":85},"evaluate_accuracy":0.351,"evaluate_loss":1.7081414820655945,"train_loss":8.212613072395325,"_runtime":85.067232532,"_step":6}