{"_runtime":103.171076369,"_step":2,"_timestamp":1.7494607108466887e+09,"_wandb":{"runtime":103},"evaluate_accuracy":0.1196,"evaluate_loss":2.271796474031582,"train_loss":3.4370762413024902}