{"evaluate_loss":1.95365871489048,"EXP_103_N8_R4_E3_CLIENT_02_status":0,"_timestamp":1.756573477541136e+09,"train_loss":5.152215344131372,"_runtime":28,"_step":7,"_wandb":{"runtime":28},"evaluate_accuracy":0.2672}