{"_step":2,"_timestamp":1.757172460049297e+09,"_wandb":{"runtime":20},"evaluate_accuracy":0.2475,"evaluate_loss":1.9324508508046467,"train_loss":9.127394002437592,"_runtime":20}