{"_runtime":68,"_step":9,"_timestamp":1.756546198571425e+09,"_wandb":{"runtime":68},"evaluate_accuracy":0.3905218956208758,"evaluate_loss":1.6342810797241498,"train_loss":7.874233913193479,"EXP_082_N6_R4_E5_CLIENT_02_status":0}