{"_wandb":{"runtime":68},"train_loss":12.413346595954895,"_timestamp":1.7542100601356723e+09,"_runtime":68.164476019,"_step":0}