{"_runtime":0,"evaluate_loss":2.3801771879196165,"evaluate_accuracy":0.1024,"_step":1,"EXP_091_N8_R4_E5_CLIENT_07_status":0,"_timestamp":1.756551236513648e+09,"_wandb":{"runtime":0}}