{"train_loss":8.732543358128133,"_runtime":919.382935905,"_step":4,"_timestamp":1.7542129957066648e+09,"_wandb":{"runtime":919},"evaluate_accuracy":0.1949610077984403,"evaluate_loss":2.156776453199841}