{"_runtime":3099.964780858,"_step":6,"_timestamp":1.754206904628268e+09,"_wandb":{"runtime":3099},"evaluate_accuracy":0.406,"evaluate_loss":1.597873769747983,"train_loss":4.850403009605408}