{"_step":3,"train_loss":5.300960332583013,"_timestamp":1.7565453391910741e+09,"_wandb":{"runtime":22},"evaluate_accuracy":0.15296940611877624,"evaluate_loss":2.2428170060211756,"EXP_080_N6_R4_E3_CLIENT_03_status":0,"_runtime":22}