{"_wandb":{"runtime":23},"evaluate_accuracy":0.4005,"evaluate_loss":1.6283061088077606,"train_loss":9.15913863992691,"_runtime":23,"_step":4,"_timestamp":1.7571722384475744e+09}