{"train_loss":8.854895824450626,"_runtime":5320.242288494,"_step":6,"_timestamp":1.754174675280688e+09,"_wandb":{"runtime":5320},"evaluate_accuracy":0.28434313137372524,"evaluate_loss":1.8370106895014924}