{"_step":12,"evaluate_loss":1.6013813585042953,"EXP_110_N8_R5_E4_CLIENT_01_status":0,"_runtime":382,"_timestamp":1.7571499084075453e+09,"_wandb":{"runtime":382},"evaluate_accuracy":0.3976,"train_loss":6.3193402472575}