{"_timestamp":1.7565508416152594e+09,"train_loss":4.043460410871323,"_step":0,"_wandb":{"runtime":6},"_runtime":6,"EXP_090_N8_R4_E2_CLIENT_01_status":0}