{"_step":9,"_timestamp":1.7478329705638177e+09,"_wandb":{"runtime":79864},"evaluate_accuracy":0.1044,"evaluate_loss":2.310917796967905,"train_loss":3.963468753491728,"_runtime":79864.318116158}