{"_timestamp":1.7565759677163155e+09,"evaluate_loss":1.6344831049442292,"_step":12,"_wandb":{"runtime":51},"evaluate_accuracy":0.3864,"train_loss":8.088448994478602,"EXP_108_N8_R5_E5_CLIENT_06_status":0,"_runtime":51}