{"_timestamp":1.7492058592320945e+09,"_runtime":20.162565317,"_step":0,"_wandb":{"runtime":20},"train_loss":4.608632960891724}