{"_wandb":{"runtime":38},"evaluate_accuracy":0.42,"evaluate_loss":1.5888481557369232,"train_loss":6.786652648524874,"EXP_106_N8_R5_E4_CLIENT_07_status":0,"_runtime":38,"_step":9,"_timestamp":1.7565748670625591e+09}