{"_wandb":{"runtime":126},"train_loss":16.12788268416334,"evaluate_accuracy":0.10767846430713857,"evaluate_loss":2.350298638570876,"_runtime":126.289053658,"_step":1,"_timestamp":1.754214693385888e+09}