{"_runtime":143.021611617,"_step":2,"_timestamp":1.7545826922565968e+09,"_wandb":{"runtime":143},"evaluate_accuracy":0.0904,"evaluate_loss":2.3776275568370577,"train_loss":7.170889519274044}