{"_wandb":{"runtime":14},"_runtime":14,"_step":0,"EXP_098_N4_R4_E3_CLIENT_02_status":0,"_timestamp":1.7565710901866245e+09,"train_loss":6.913926393460161}