{"train_loss":6.565295026742583,"_runtime":5066.235602712,"_step":7,"_timestamp":1.7494670277518456e+09,"_wandb":{"runtime":5066},"evaluate_accuracy":0.3935212957408518,"evaluate_loss":1.6266647940590269}