{"train_loss":5.91999692837017,"_wandb":{"runtime":12},"_runtime":12,"_step":0,"EXP_080_N6_R4_E3_CLIENT_01_status":0,"_timestamp":1.7565452952733953e+09}