{"evaluate_accuracy":0.093,"evaluate_loss":2.3018371491205123,"train_loss":9.041419957637787,"_runtime":343.338175566,"_step":2,"_timestamp":1.7541737367581077e+09,"_wandb":{"runtime":343}}