{"_runtime":19,"_step":8,"_wandb":{"runtime":19},"EXP_083_N8_R4_E2_CLIENT_01_status":0,"_timestamp":1.756546515763453e+09,"evaluate_accuracy":0.3688,"evaluate_loss":1.7097102493047713,"train_loss":3.6020218164298186}