{"_timestamp":1.7494659457163637e+09,"_runtime":26.971664866,"_wandb":{"runtime":26},"_step":0,"train_loss":7.3515797481834175}