{"_wandb":{"runtime":34},"evaluate_accuracy":0.38609112709832133,"evaluate_loss":1.6343111395835876,"train_loss":5.348473519370669,"_runtime":34,"_step":4,"_timestamp":1.7564911519550023e+09}