{"evaluate_loss":2.3349193334579468,"train_loss":5.889436979293823,"_runtime":21.865908283,"_step":2,"_timestamp":1.756490124189279e+09,"_wandb":{"runtime":21},"evaluate_accuracy":0.09}