{"_timestamp":1.756545718265504e+09,"train_loss":7.627505083973898,"_step":3,"_wandb":{"runtime":28},"evaluate_accuracy":0.08938212357528494,"evaluate_loss":2.3905181479903885,"EXP_081_N6_R4_E4_CLIENT_02_status":0,"_runtime":28}