{"_step":2,"_timestamp":1.754171772896321e+09,"_wandb":{"runtime":248},"evaluate_accuracy":0.1006,"evaluate_loss":2.3097261668770175,"train_loss":8.598620331954956,"_runtime":248.177943998}