{"evaluate_loss":2.0326339176722934,"train_loss":5.3505120208795125,"_runtime":74.177867229,"_step":4,"_timestamp":1.7564634360404925e+09,"_wandb":{"runtime":74},"evaluate_accuracy":0.22555488902219556}