{"evaluate_loss":2.016442435979843,"evaluate_accuracy":0.2056,"train_loss":7.740591614109696,"EXP_085_N8_R4_E4_CLIENT_02_status":0,"_runtime":26,"_step":5,"_timestamp":1.7565471012195618e+09,"_wandb":{"runtime":26}}