{"_runtime":70.524119781,"_step":1,"_timestamp":1.7494668389005797e+09,"_wandb":{"runtime":70},"train_loss":7.781204540380757,"evaluate_accuracy":0.09928014397120576,"evaluate_loss":2.6742876166389102}