{"_timestamp":1.7541504297128263e+09,"_runtime":23.978195441,"_step":0,"_wandb":{"runtime":23},"train_loss":3.7315997720718386,"client_name":"EXP_002_N2_R4_E2_CLIENT_01","partition_id":0}