{"_wandb":{"runtime":10},"train_loss":5.906496700967193,"_runtime":10,"_timestamp":1.756546769634176e+09,"evaluate_accuracy":0.0952,"evaluate_loss":2.302799552679062,"EXP_084_N8_R4_E3_CLIENT_02_status":0,"_step":4}