{"evaluate_accuracy":0.19081908190819083,"train_loss":6.068290118690875,"EXP_101_N9_R4_E3_CLIENT_04_status":0,"_runtime":17,"_step":5,"evaluate_loss":2.113840048653739,"_timestamp":1.7565724808561378e+09,"_wandb":{"runtime":17}}