{"_timestamp":1.7542135891781669e+09,"_wandb":{"runtime":850},"evaluate_accuracy":0.249250149970006,"evaluate_loss":2.018254088220142,"train_loss":8.3814594539807,"_runtime":850.13188092,"_step":4}