{"_runtime":8.83173438,"train_loss":6.913104901210867,"_timestamp":1.7564896359377038e+09,"_step":0,"_wandb":{"runtime":8}}