{"evaluate_accuracy":0.1256,"_wandb":{"runtime":0},"_runtime":0,"_step":1,"EXP_087_N8_R4_E2_CLIENT_06_status":0,"_timestamp":1.7565484004219348e+09,"evaluate_loss":2.2651730120182036}