{"_wandb":{"runtime":14080},"evaluate_accuracy":0.4332,"evaluate_loss":1.5310774498347994,"train_loss":4.829685676592988,"_runtime":14080.130183439,"_step":9,"_timestamp":1.754217371580328e+09}