{"evaluate_loss":1.5680819659293452,"train_loss":8.10256347031639,"_runtime":24155.834026107,"_step":9,"_timestamp":1.7541758159776077e+09,"_wandb":{"runtime":24155},"evaluate_accuracy":0.4272}