{"train_loss":11.952005233246679,"_runtime":1104.088978219,"_step":4,"_timestamp":1.7542199142561126e+09,"_wandb":{"runtime":1104},"evaluate_accuracy":0.1272,"evaluate_loss":2.4390229394164264}