{"_runtime":9.00284676,"train_loss":6.10761252152834,"_timestamp":1.7564887578339083e+09,"_step":0,"_wandb":{"runtime":9}}