{"evaluate_accuracy":0.15056988602279545,"evaluate_loss":2.1944696228459195,"train_loss":11.387343514478948,"_runtime":964.204572791,"_step":4,"_timestamp":1.7545862238110874e+09,"_wandb":{"runtime":964}}