{"train_loss":5.816617726233968,"_runtime":12,"_step":2,"_timestamp":1.75649060260917e+09,"_wandb":{"runtime":12},"evaluate_accuracy":0.24642464246424642,"evaluate_loss":1.9390849697178807}