{"_timestamp":1.749215473664611e+09,"_wandb":{"runtime":457},"evaluate_accuracy":0.17726454709058187,"evaluate_loss":2.181069706735157,"train_loss":5.181514683959009,"_runtime":457.013945239,"_step":4}