{"_runtime":6548.029005537,"_step":7,"_timestamp":1.7545835576068575e+09,"_wandb":{"runtime":6548},"evaluate_accuracy":0.3796,"evaluate_loss":1.6166991417921042,"train_loss":9.793808591251556}