{"_runtime":207.22291832,"_step":2,"_timestamp":1.7545861071250088e+09,"_wandb":{"runtime":207},"evaluate_accuracy":0.08938212357528494,"evaluate_loss":2.3290142518169477,"train_loss":10.75433866943469}