{"_step":2,"_timestamp":1.7565467487629025e+09,"_wandb":{"runtime":9},"evaluate_accuracy":0.0928,"evaluate_loss":2.363653326034546,"EXP_084_N8_R4_E3_CLIENT_08_status":0,"_runtime":9,"train_loss":6.91157129767594}