{"_wandb":{"runtime":51},"evaluate_accuracy":0.3905218956208758,"evaluate_loss":1.6342810797241498,"train_loss":8.328331277130893,"EXP_082_N6_R4_E5_CLIENT_02_status":0,"_runtime":51,"_step":8,"_timestamp":1.7565461676974134e+09}