{"train_loss":6.622924253130644,"_runtime":8835.830926055,"_step":7,"_timestamp":1.7545855272257483e+09,"_wandb":{"runtime":8835},"evaluate_accuracy":0.39652069586082783,"evaluate_loss":1.6462029893443269}