{"_runtime":474.066736512,"_step":3,"_timestamp":1.7541780700535183e+09,"_wandb":{"runtime":474},"evaluate_accuracy":0.1808,"evaluate_loss":2.1661805472796476,"train_loss":13.505090671225478}