{"_wandb":{"runtime":201},"evaluate_accuracy":0.10137972405518896,"evaluate_loss":2.317607189360119,"train_loss":8.93963126112803,"_runtime":201.421582177,"_step":2,"_timestamp":1.7542135066070168e+09}