{"evaluate_accuracy":0.2668,"evaluate_loss":1.919170191333552,"train_loss":6.584044487953186,"_runtime":822.212682099,"_step":4,"_timestamp":1.7494626578977802e+09,"_wandb":{"runtime":822}}