{"evaluate_accuracy":0.393,"evaluate_loss":1.6267258742498973,"train_loss":8.26426474237442,"_runtime":11925.893974306,"_step":7,"_timestamp":1.7541739884659116e+09,"_wandb":{"runtime":11925}}