{"_runtime":464.946525049,"_step":3,"_timestamp":1.7545839919750311e+09,"_wandb":{"runtime":464},"evaluate_accuracy":0.1424,"evaluate_loss":2.2797890705398367,"train_loss":11.700356206954858}