{"evaluate_loss":2.019498726299831,"train_loss":3.532424269820289,"_runtime":315.014698471,"_step":4,"_timestamp":1.7494637723319938e+09,"_wandb":{"runtime":315},"evaluate_accuracy":0.2423515296940612}