{"evaluate_accuracy":0.3836,"evaluate_loss":1.6555682813064962,"train_loss":10.953969989531338,"_runtime":18370.922421948,"_step":8,"_timestamp":1.7542205929981213e+09,"_wandb":{"runtime":18370}}