{"_wandb":{"runtime":33},"partition_id":0,"_timestamp":1.754150857153051e+09,"_runtime":33.100706646,"_step":0,"train_loss":6.912476210403442,"client_name":"EXP_003_N2_R3_E3_CLIENT_01"}