{"_step":3,"_timestamp":1.7541771400788848e+09,"_wandb":{"runtime":348},"evaluate_accuracy":0.1916,"evaluate_loss":2.1992085583602328,"train_loss":9.257709062518405,"_runtime":348.01321475}