{"_wandb":{"runtime":4184},"evaluate_accuracy":0.3028,"evaluate_loss":1.804804134972488,"train_loss":11.256499769969489,"_runtime":4184.069116192,"_step":6,"_timestamp":1.7542211989199514e+09}