{"train_loss":12.557386516952972,"_runtime":126.316276922,"_step":1,"evaluate_loss":2.6531829652332126,"evaluate_accuracy":0.10437912417516497,"_timestamp":1.7542153530442605e+09,"_wandb":{"runtime":126}}