{"_runtime":688.840900771,"_step":3,"_timestamp":1.7542095796472101e+09,"_wandb":{"runtime":688},"evaluate_accuracy":0.1976,"evaluate_loss":2.101367257962561,"train_loss":12.014299901008606}