{"evaluate_accuracy":0.40401919616076787,"evaluate_loss":1.6209455104101271,"train_loss":6.578197836018295,"_runtime":4606.396548507,"_step":7,"_timestamp":1.7494670292518551e+09,"_wandb":{"runtime":4606}}