{"_wandb":{"runtime":4520},"evaluate_accuracy":0.2224,"evaluate_loss":1.9713355151912837,"train_loss":12.99598421646764,"_runtime":4520.008555264,"_step":6,"_timestamp":1.754178220410712e+09}