{"_timestamp":1.7564910326473842e+09,"_step":0,"train_loss":6.010547857057481,"_wandb":{"runtime":14},"_runtime":14.961539389}