{"_runtime":1754.983577835,"_step":4,"_timestamp":1.754210306238289e+09,"_wandb":{"runtime":1754},"evaluate_accuracy":0.3884,"evaluate_loss":1.6342075364604878,"train_loss":11.143583405685424}