{"EXP_095_N3_R3_E3_CLIENT_01_status":0,"_runtime":23,"evaluate_loss":2.321977994555519,"evaluate_accuracy":0.10887822435512898,"_step":2,"_timestamp":1.7565693983730028e+09,"_wandb":{"runtime":23},"train_loss":5.939648608223711}