{"_wandb":{"runtime":30326},"evaluate_accuracy":0.4445110977804439,"evaluate_loss":1.5481020223526727,"train_loss":7.7431534970407006,"_runtime":30326.664844963,"_step":9,"_timestamp":1.7542137522559023e+09}