{"train_loss":9.651919404855756,"_runtime":399.91040639,"_step":3,"_timestamp":1.7541744895237544e+09,"_wandb":{"runtime":399},"evaluate_accuracy":0.17456508698260348,"evaluate_loss":2.0379085023448154}