{"_runtime":6806.45881245,"_step":7,"_timestamp":1.754174695384053e+09,"_wandb":{"runtime":6806},"evaluate_accuracy":0.33293341331733656,"evaluate_loss":1.7295882364488997,"train_loss":8.872389374167154}