{"train_loss":8.02116888461353,"_runtime":14507.009778333,"_step":8,"_timestamp":1.7542131412971869e+09,"_wandb":{"runtime":14507},"evaluate_accuracy":0.3869226154769046,"evaluate_loss":1.6307683978761949}