{"_timestamp":1.7565438705964894e+09,"_wandb":{"runtime":7},"evaluate_accuracy":0.2405518896220756,"evaluate_loss":1.9690019117211397,"train_loss":3.819217351635107,"EXP_078_N6_R3_E2_CLIENT_06_status":0,"_runtime":7,"_step":4}