{"_step":3,"_timestamp":1.7571724938935363e+09,"_wandb":{"runtime":46},"evaluate_accuracy":0.239,"evaluate_loss":1.9500897876800052,"train_loss":8.155974510669708,"_runtime":46.036938561}