{"_wandb":{"runtime":30472},"evaluate_accuracy":0.3272,"evaluate_loss":1.7626941430417797,"train_loss":12.317083571284725,"_runtime":30472.756048944,"_step":9,"_timestamp":1.7541783223489716e+09}