{"_step":6,"_wandb":{"runtime":17},"evaluate_accuracy":0.33773245350929815,"train_loss":7.154718313490945,"_timestamp":1.75654578283548e+09,"evaluate_loss":1.8184733908131439,"EXP_081_N6_R4_E4_CLIENT_06_status":0,"_runtime":17}