{"evaluate_loss":2.3240784451931336,"evaluate_accuracy":0.1024,"_runtime":71.954378914,"_step":1,"_timestamp":1.7542189583621244e+09,"_wandb":{"runtime":71},"train_loss":9.753077532917548}