{"_timestamp":1.7545856751466851e+09,"_wandb":{"runtime":69325},"evaluate_accuracy":0.4427114577084583,"evaluate_loss":1.558742174562418,"train_loss":6.323009611031655,"_runtime":69325.357475709,"_step":10}