{"_runtime":337.173136748,"_step":2,"_timestamp":1.754214299193328e+09,"_wandb":{"runtime":337},"evaluate_accuracy":0.11217756448710256,"evaluate_loss":2.3055082048688615,"train_loss":12.640917894937438}