{"_step":5,"_timestamp":1.7571715782964509e+09,"_wandb":{"runtime":26},"evaluate_accuracy":0.398,"evaluate_loss":1.643126372307066,"train_loss":5.030620203971862,"_runtime":26}