{"_step":3,"_timestamp":1.7565450555701501e+09,"_wandb":{"runtime":1},"evaluate_accuracy":0.21715656868626274,"evaluate_loss":1.9985100660683974,"EXP_079_N6_R4_E2_CLIENT_04_status":0,"_runtime":1}