{"train_loss":8.490325720446885,"_runtime":488,"_step":7,"_timestamp":1.7571545055547366e+09,"_wandb":{"runtime":488},"evaluate_accuracy":0.3336,"evaluate_loss":1.67940034866333}