{"train_loss":7.656440606527922,"EXP_081_N6_R4_E4_CLIENT_02_status":0,"_runtime":15,"_step":2,"_timestamp":1.7565456882972505e+09,"evaluate_loss":2.3905181479903885,"evaluate_accuracy":0.08938212357528494,"_wandb":{"runtime":15}}