{"EXP_082_N6_R4_E5_CLIENT_01_status":0,"evaluate_accuracy":0.4367126574685063,"evaluate_loss":1.5604063227491558,"_runtime":38,"_step":9,"_timestamp":1.7565462140921247e+09,"_wandb":{"runtime":38},"train_loss":7.759145134658905}