{"_runtime":42,"_step":4,"_timestamp":1.7571721868615284e+09,"_wandb":{"runtime":42},"evaluate_accuracy":0.3505,"evaluate_loss":1.700812476021903,"train_loss":8.487961091041566}