{"train_loss":5.590367634519398,"_step":4,"_timestamp":1.7565725037632668e+09,"_wandb":{"runtime":8},"evaluate_accuracy":0.22772277227722773,"evaluate_loss":2.09917117527553,"EXP_101_N9_R4_E3_CLIENT_06_status":0,"_runtime":8}