{"_timestamp":1.754214973788528e+09,"_wandb":{"runtime":10434},"evaluate_accuracy":0.41871625674865026,"evaluate_loss":1.5659018414361137,"train_loss":11.122743969769786,"_runtime":10434.46534891,"_step":7}