{"_timestamp":1.756575246592735e+09,"_wandb":{"runtime":21},"EXP_107_N8_R4_E5_CLIENT_01_status":0,"_step":4,"evaluate_accuracy":0.2544,"evaluate_loss":1.9228750169277191,"train_loss":9.400495941471902,"_runtime":21}