{"train_loss":8.742416095161438,"_runtime":247.243182929,"_step":2,"_timestamp":1.7542078085856378e+09,"_wandb":{"runtime":247},"evaluate_accuracy":0.1074,"evaluate_loss":2.733854094887995}