{"evaluate_loss":2.192155086994171,"train_loss":8.7621461798431,"EXP_108_N8_R5_E5_CLIENT_08_status":0,"_step":5,"_timestamp":1.7565758388206973e+09,"_wandb":{"runtime":46},"evaluate_accuracy":0.1432,"_runtime":46}