{"_step":0,"train_loss":9.697173570371737,"_timestamp":1.75715406449723e+09,"_wandb":{"runtime":170},"_runtime":170.994762064}