{"_runtime":281.86817765,"_step":2,"_timestamp":1.7542083739052236e+09,"_wandb":{"runtime":281},"evaluate_accuracy":0.104,"evaluate_loss":2.6520931492945192,"train_loss":8.684017786026}