{"evaluate_accuracy":0.205,"evaluate_loss":2.029953930526972,"train_loss":5.460082283973694,"_runtime":31.902549356,"_step":4,"_timestamp":1.7564901642005503e+09,"_wandb":{"runtime":31}}