{"EXP_109_N8_R5_E4_CLIENT_08_status":0,"_runtime":35,"_step":2,"_timestamp":1.7571488463249934e+09,"_wandb":{"runtime":35},"evaluate_accuracy":0.1024,"train_loss":7.231498508696344,"evaluate_loss":2.327909827232361}