{"train_loss":4.229919129371643,"_timestamp":1.747831935323926e+09,"_runtime":6.562099358,"_wandb":{"runtime":6},"_step":0}