{"evaluate_loss":1.5210741962705339,"train_loss":4.797679990029735,"_runtime":4030.162685594,"_step":7,"_timestamp":1.7494653179472282e+09,"_wandb":{"runtime":4030},"evaluate_accuracy":0.4412117576484703}