{"train_loss":4.966864431218849,"_runtime":1018.495804296,"_step":5,"_timestamp":1.7494645093981445e+09,"_wandb":{"runtime":1018},"evaluate_accuracy":0.39592081583683264,"evaluate_loss":1.6370185125441779}