{"train_loss":5.036848714923859,"_runtime":155.947407651,"_step":2,"_timestamp":1.7541299917159882e+09,"_wandb":{"runtime":155},"evaluate_accuracy":0.1322,"evaluate_loss":2.2558866215359634}