{"evaluate_accuracy":0.3702,"_runtime":343.639796149,"_wandb":{"runtime":343},"_timestamp":1.754150939895891e+09,"client_name":"EXP_003_N2_R3_E3_CLIENT_01","_step":3,"evaluate_loss":1.7227785549346049,"partition_id":0,"train_loss":5.339052787780762}