{"evaluate_accuracy":0.20305938812237553,"evaluate_loss":2.185434671810695,"train_loss":3.525132046329032,"_runtime":363.954873057,"_step":4,"_timestamp":1.7494631460932574e+09,"_wandb":{"runtime":363}}