{"evaluate_loss":1.7732769130151482,"train_loss":8.753563090254323,"_runtime":1566.161749195,"_step":5,"_timestamp":1.7541772076140778e+09,"_wandb":{"runtime":1566},"evaluate_accuracy":0.3144}