{"_runtime":54.255500544,"_step":1,"_timestamp":1.7494659655642111e+09,"_wandb":{"runtime":54},"train_loss":7.3515797481834175,"evaluate_loss":2.326960933776129,"evaluate_accuracy":0.09508098380323936}