{"client_name":"EXP_001_Nunknown_R2_E2_CLIENT_02","_runtime":106.259268887,"partition_id":1,"evaluate_loss":2.225685977632073,"train_loss":3.585289682197571,"_step":2,"_timestamp":1.754148581015742e+09,"evaluate_accuracy":0.1294,"_wandb":{"runtime":106}}