{"train_loss":11.521226195057043,"_timestamp":1.7541743507601347e+09,"_runtime":40.181144759,"_step":0,"_wandb":{"runtime":40}}