{"train_loss":6.91213653755188,"_timestamp":1.7542066992999947e+09,"_runtime":36.21852877,"_step":0,"_wandb":{"runtime":36}}