{"_runtime":8,"_step":2,"_timestamp":1.7564897488404875e+09,"_wandb":{"runtime":8},"evaluate_accuracy":0.1564748201438849,"evaluate_loss":2.1831399236406597,"train_loss":6.916916689426779}