{"_timestamp":1.7571543349232879e+09,"_wandb":{"runtime":333},"evaluate_accuracy":0.3344,"evaluate_loss":1.7090325057506561,"train_loss":8.689333712219433,"_runtime":333,"_step":5}