{"evaluate_loss":1.6804643082168866,"_wandb":{"runtime":23},"evaluate_accuracy":0.39592081583683264,"train_loss":3.659950281444349,"EXP_079_N6_R4_E2_CLIENT_03_status":0,"_runtime":23,"_step":10,"_timestamp":1.756545135945793e+09}