{"_timestamp":1.7541305450407236e+09,"_wandb":{"runtime":1326},"evaluate_accuracy":0.3346,"evaluate_loss":1.7683180912285095,"train_loss":5.320019174385071,"_runtime":1326.802325691,"_step":5}