{"evaluate_accuracy":0.096,"evaluate_loss":2.49397447139402,"_runtime":76.253748568,"_step":1,"_timestamp":1.7541763653495054e+09,"_wandb":{"runtime":76},"train_loss":9.49789540379192}