{"train_loss":7.939308787993104,"_runtime":3808.227102132,"_step":6,"_timestamp":1.754213660631737e+09,"_wandb":{"runtime":3808},"evaluate_accuracy":0.40791841631673664,"evaluate_loss":1.618983247166588}