{"_wandb":{"runtime":189973},"evaluate_accuracy":0.4268,"evaluate_loss":1.536156735842741,"train_loss":7.8196058509448845,"_runtime":189973.041923878,"_step":12,"_timestamp":1.754177463857572e+09}