{"_runtime":115.713636091,"_step":1,"_timestamp":1.7545846833427434e+09,"_wandb":{"runtime":115},"train_loss":7.6927437776583805,"evaluate_accuracy":0.10197960407918416,"evaluate_loss":2.3369556103112563}