{"client_name":"EXP_003_N2_R2_E2_CLIENT_02","partition_id":1,"_timestamp":1.754149913241686e+09,"_runtime":20.989031315,"_step":0,"_wandb":{"runtime":20},"train_loss":3.7038352390289306}