{"_timestamp":1.754207814629705e+09,"_wandb":{"runtime":276},"evaluate_accuracy":0.1112,"evaluate_loss":2.745653225358125,"train_loss":8.904011174583434,"_runtime":276.007704925,"_step":2}