{"evaluate_accuracy":0.3972,"evaluate_loss":1.6432664014731244,"train_loss":6.584044487953186,"_runtime":1646.877122852,"_step":5,"_timestamp":1.7494626749084253e+09,"_wandb":{"runtime":1646}}