{"EXP_110_N8_R5_E4_CLIENT_04_status":0,"_runtime":173,"_timestamp":1.7571495930176766e+09,"_wandb":{"runtime":173},"evaluate_loss":2.3120776891708372,"train_loss":7.255931226311216,"_step":3,"evaluate_accuracy":0.1008}