{"_timestamp":1.7545869930999458e+09,"_wandb":{"runtime":4142},"evaluate_accuracy":0.35632873425314937,"evaluate_loss":1.6990945451664474,"train_loss":9.61519898238935,"_runtime":4142.191125041,"_step":6}