{"evaluate_loss":2.089338922802406,"train_loss":9.128737723865449,"_runtime":380.110175632,"_step":3,"_timestamp":1.7542190332210708e+09,"_wandb":{"runtime":380},"evaluate_accuracy":0.2324}