{"evaluate_loss":1.729774172139016,"_timestamp":1.7541509824256742e+09,"client_name":"EXP_003_N2_R3_E3_CLIENT_02","evaluate_accuracy":0.3598,"_step":4,"train_loss":5.0351163711547855,"_runtime":641.027888886,"_wandb":{"runtime":641},"partition_id":1}