{"EXP_110_N8_R5_E4_CLIENT_03_status":0,"_runtime":79,"_step":2,"evaluate_loss":2.2869196951389315,"evaluate_accuracy":0.096,"_timestamp":1.757149480955704e+09,"_wandb":{"runtime":79},"train_loss":7.730770275850964}