{"_timestamp":1.757155372774107e+09,"_wandb":{"runtime":21},"train_loss":9.38469336670675,"evaluate_accuracy":0.096,"evaluate_loss":2.467098259925842,"_runtime":21,"_step":1}