{"_timestamp":1.7542184481359046e+09,"_wandb":{"runtime":706},"evaluate_accuracy":0.1464,"evaluate_loss":2.158765581589711,"train_loss":8.91615833756261,"_runtime":706.1586297,"_step":4}