{"_timestamp":1.754129945873971e+09,"_wandb":{"runtime":63},"train_loss":6.913293698501587,"_runtime":63.240105642,"_step":1,"evaluate_loss":2.2558866215359634,"evaluate_accuracy":0.1322}