{"_timestamp":1.7565512666862645e+09,"_wandb":{"runtime":16},"train_loss":9.474573994897733,"evaluate_accuracy":0.1024,"evaluate_loss":2.3801771879196165,"EXP_091_N8_R4_E5_CLIENT_07_status":0,"_runtime":16,"_step":2}