{"_runtime":12.609584605,"_timestamp":1.7564900793647316e+09,"_step":0,"train_loss":5.976868153572083,"_wandb":{"runtime":12}}