{"_timestamp":1.7565437906561437e+09,"_wandb":{"runtime":8},"_runtime":8,"train_loss":4.609429113032145,"_step":0,"EXP_078_N6_R3_E2_CLIENT_01_status":0}