{"_step":3,"_timestamp":1.7564901409746933e+09,"_wandb":{"runtime":20},"evaluate_accuracy":0.183,"evaluate_loss":2.028232656419277,"train_loss":5.617710180282593,"_runtime":20}