{"evaluate_loss":1.9241755098104476,"EXP_083_N8_R4_E2_CLIENT_01_status":0,"train_loss":3.811387839590668,"_runtime":13,"_step":5,"_timestamp":1.7565464803549316e+09,"_wandb":{"runtime":13},"evaluate_accuracy":0.2664}