{"_wandb":{"runtime":14},"evaluate_accuracy":0.29256594724220625,"evaluate_loss":1.916211070837798,"train_loss":5.716391869953701,"_runtime":14,"_step":2,"_timestamp":1.756491102083142e+09}