{"_runtime":121.199278151,"_step":2,"_timestamp":1.7541296377901576e+09,"_wandb":{"runtime":121},"evaluate_accuracy":0.1194,"evaluate_loss":2.3719195211009616,"train_loss":3.623683054161072}