{"_timestamp":1.7541522725759072e+09,"_wandb":{"runtime":42},"train_loss":3.7793511589050297,"evaluate_loss":2.652653062419527,"evaluate_accuracy":0.0986,"_runtime":42.907412977,"_step":1}