{"_runtime":47,"_step":4,"_timestamp":1.7571725124351132e+09,"_wandb":{"runtime":47},"evaluate_accuracy":0.41,"evaluate_loss":1.6341157262287442,"train_loss":8.155974510669708}