{"train_loss":3.6449014434389246,"_runtime":17,"_wandb":{"runtime":17},"EXP_090_N8_R4_E2_CLIENT_06_status":0,"_step":10,"_timestamp":1.7565509692368855e+09,"evaluate_accuracy":0.3512,"evaluate_loss":1.7294352650642395}