{"evaluate_loss":2.315746766102465,"train_loss":5.422896510495926,"_runtime":117.124899566,"_step":2,"_timestamp":1.754216193224106e+09,"_wandb":{"runtime":117},"evaluate_accuracy":0.0864}