{"evaluate_loss":2.434305101633072,"train_loss":7.638263657594183,"_runtime":147.557971723,"_step":2,"_timestamp":1.7571512706176436e+09,"_wandb":{"runtime":147},"evaluate_accuracy":0.0984}