{"train_loss":5.752942797115871,"_runtime":14,"_step":3,"_timestamp":1.7564911533354678e+09,"_wandb":{"runtime":14},"evaluate_accuracy":0.38848920863309355,"evaluate_loss":1.6967769243099071}