{"evaluate_accuracy":0.4232153569286143,"evaluate_loss":1.574312026160104,"train_loss":10.635102367944285,"_runtime":42286.751270981,"_step":9,"_timestamp":1.7542157163394237e+09,"_wandb":{"runtime":42286}}