{"_step":10,"_timestamp":1.754177393972989e+09,"_wandb":{"runtime":45872},"evaluate_accuracy":0.3912,"evaluate_loss":1.6403124966198883,"train_loss":7.9886764657383145,"_runtime":45872.203510326}