{"train_loss":7.3777437506208,"_wandb":{"runtime":67},"evaluate_accuracy":0.164,"evaluate_loss":2.145773559808731,"EXP_109_N8_R5_E4_CLIENT_06_status":0,"_runtime":67,"_step":5,"_timestamp":1.7571488725017424e+09}