{"_timestamp":1.7542059081721957e+09,"_wandb":{"runtime":181},"evaluate_accuracy":0.1642,"evaluate_loss":2.236741805532176,"train_loss":5.285909525489807,"_runtime":181.194254575,"_step":2}