{"client_name":"EXP_001_Nunknown_R2_E2_CLIENT_01","_step":3,"partition_id":0,"_timestamp":1.7541486040359275e+09,"evaluate_loss":1.7947585370130599,"_runtime":227.659807037,"evaluate_accuracy":0.3254,"train_loss":3.6240690240859985,"_wandb":{"runtime":227}}