{"evaluate_accuracy":0.3195319531953195,"evaluate_loss":1.8092028515679495,"train_loss":5.444036682732671,"_runtime":8,"_step":3,"_timestamp":1.7564888562893834e+09,"_wandb":{"runtime":8}}