{"_runtime":23.96322896,"_step":0,"_wandb":{"runtime":23},"train_loss":7.649000078678131,"_timestamp":1.7563098770388277e+09}