{"_timestamp":1.7564897475449688e+09,"_wandb":{"runtime":0},"evaluate_accuracy":0.17086330935251798,"evaluate_loss":2.1812793731689455,"_runtime":0,"_step":1}