{"_runtime":17.133927774,"_step":0,"_wandb":{"runtime":17},"train_loss":4.608688634648312,"_timestamp":1.7494630529146202e+09}