{"evaluate_accuracy":0.08938212357528494,"_wandb":{"runtime":0},"_runtime":0,"_step":1,"EXP_078_N6_R3_E2_CLIENT_04_status":0,"_timestamp":1.7565438099774103e+09,"evaluate_loss":2.3292167681568072}