{"_wandb":{"runtime":246},"evaluate_accuracy":0.1757648470305939,"evaluate_loss":2.176991954303923,"train_loss":5.5499763517356895,"_runtime":246.633325996,"_step":3,"_timestamp":1.7492154336428947e+09}