{"evaluate_loss":2.38913316562258,"evaluate_accuracy":0.09130913091309131,"_timestamp":1.7564905592044702e+09,"_step":0,"_wandb":{"runtime":0},"_runtime":0}