{"_wandb":{"runtime":107},"evaluate_accuracy":0.10437912417516496,"evaluate_loss":2.5799954732259116,"train_loss":5.403895768330251,"_runtime":107.998553409,"_step":2,"_timestamp":1.7492154150309088e+09}