{"evaluate_loss":2.054534714668989,"train_loss":5.503446361541748,"EXP_102_N10_R4_E3_CLIENT_02_status":0,"_runtime":20,"_timestamp":1.7565729343194177e+09,"evaluate_accuracy":0.217,"_step":5,"_wandb":{"runtime":20}}