{"_runtime":14.95283515,"_step":0,"_wandb":{"runtime":14},"train_loss":3.739758946055131,"_timestamp":1.7541537165807304e+09}