{"_runtime":32,"_step":3,"_timestamp":1.7565747328851938e+09,"_wandb":{"runtime":32},"evaluate_accuracy":0.0952,"evaluate_loss":2.301809847354889,"train_loss":7.682153865789911,"EXP_106_N8_R5_E4_CLIENT_02_status":0}