{"_timestamp":1.7571543193955224e+09,"_wandb":{"runtime":204},"evaluate_accuracy":0.2,"evaluate_loss":1.9315456807613376,"train_loss":8.68876023049567,"_runtime":204.18143025,"_step":3}