{"train_loss":9.201154064220988,"_runtime":14,"_step":4,"_timestamp":1.7565475064734592e+09,"evaluate_accuracy":0.2632,"evaluate_loss":1.9049822747707368,"EXP_086_N8_R4_E5_CLIENT_02_status":0,"_wandb":{"runtime":14}}