{"evaluate_loss":1.6564221113920212,"_wandb":{"runtime":32},"evaluate_accuracy":0.3648,"train_loss":8.464241939745131,"EXP_086_N8_R4_E5_CLIENT_06_status":0,"_runtime":32,"_step":9,"_timestamp":1.7565475996049943e+09}