{"_timestamp":1.75657383113337e+09,"_wandb":{"runtime":10},"evaluate_accuracy":0.332,"evaluate_loss":1.8196206390857697,"train_loss":5.77675435725291,"EXP_104_N8_R5_E3_CLIENT_07_status":0,"_runtime":10,"_step":6}