{"train_loss":12.149560239749214,"_runtime":478.072226997,"_step":3,"_timestamp":1.7541788567070646e+09,"_wandb":{"runtime":478},"evaluate_accuracy":0.2088,"evaluate_loss":2.083074633079239}