{"_step":4,"_timestamp":1.7565461188240435e+09,"_wandb":{"runtime":20},"evaluate_accuracy":0.29634073185362925,"train_loss":8.94690516177547,"EXP_082_N6_R4_E5_CLIENT_01_status":0,"_runtime":20,"evaluate_loss":1.8056543345721263}