{"_runtime":17856.174396273,"_step":8,"_timestamp":1.75422058922862e+09,"_wandb":{"runtime":17856},"evaluate_accuracy":0.3848,"evaluate_loss":1.6278554261485232,"train_loss":10.805976481864247}