{"_wandb":{"runtime":4},"evaluate_accuracy":0.407,"_timestamp":1.7477471346460521e+09,"_runtime":2.992915983,"_step":0,"evaluate_loss":1.6112041982116214}