{"evaluate_accuracy":0.2450509898020396,"evaluate_loss":1.9010964439028784,"train_loss":3.5052741417210167,"_runtime":1.6845905195041123e+08,"_step":20,"_timestamp":1.7478336559092522e+09,"_wandb":{"runtime":168459051}}