{"evaluate_loss":2.3308141867319745,"evaluate_accuracy":0.09448110377924415,"_timestamp":1.7542124287529883e+09,"_wandb":{"runtime":76},"train_loss":8.98748803310257,"_runtime":76.583665484,"_step":1}