{"_wandb":{"runtime":6},"_runtime":6,"_timestamp":1.75654499929369e+09,"train_loss":3.8571117158141432,"_step":0,"EXP_079_N6_R4_E2_CLIENT_01_status":0}