{"_runtime":4.294967299020767e+09,"_step":45,"_timestamp":1.7479229234795063e+09,"_wandb":{"runtime":4294967299},"evaluate_accuracy":0.1034,"evaluate_loss":2.5398265191703846,"train_loss":3.8484391439437866}