{"_step":2,"_timestamp":1.7565484207639732e+09,"_wandb":{"runtime":6},"train_loss":3.978702226262184,"evaluate_accuracy":0.1272,"evaluate_loss":2.2438884735107423,"EXP_087_N8_R4_E2_CLIENT_05_status":0,"_runtime":6}