{"evaluate_accuracy":0.4048,"train_loss":6.753150182924453,"EXP_106_N8_R5_E4_CLIENT_02_status":0,"_timestamp":1.756574867098558e+09,"evaluate_loss":1.647406655550003,"_runtime":71,"_step":11,"_wandb":{"runtime":71}}