{"_wandb":{"runtime":6802},"evaluate_accuracy":0.3962207558488302,"evaluate_loss":1.6246454534076509,"train_loss":8.303140361817906,"_runtime":6802.815634093,"_step":7,"_timestamp":1.7542130867634127e+09}