{"EXP_101_N9_R4_E3_CLIENT_06_status":0,"_timestamp":1.7565724385255759e+09,"evaluate_loss":2.311926759992327,"_wandb":{"runtime":0},"_runtime":0,"evaluate_accuracy":0.10261026102610261,"_step":1}