{"train_loss":6.720140354728699,"_runtime":1638.729892018,"_step":5,"_timestamp":1.7494621873536856e+09,"_wandb":{"runtime":1638},"evaluate_accuracy":0.312,"evaluate_loss":1.7571458527996282}