{"_wandb":{"runtime":867},"evaluate_accuracy":0.13557288542291543,"evaluate_loss":2.232210672126626,"train_loss":7.4167948390878555,"_runtime":867.079873175,"_step":4,"_timestamp":1.756310544172929e+09}