{"_wandb":{"runtime":763},"evaluate_accuracy":0.3642,"evaluate_loss":1.7157770721775711,"train_loss":5.044759128952026,"_runtime":763.297791192,"_step":4,"_timestamp":1.7542059738171527e+09}