{"_wandb":{"runtime":17},"train_loss":6.908489414081452,"_runtime":17,"_step":9,"_timestamp":1.7565468491069307e+09,"evaluate_accuracy":0.0968,"evaluate_loss":2.303495478630066,"EXP_084_N8_R4_E3_CLIENT_08_status":0}