{"_runtime":1057.564633388,"_step":3,"_timestamp":1.7478322174124227e+09,"_wandb":{"runtime":1058},"evaluate_accuracy":0.094,"evaluate_loss":2.2646653801202774,"train_loss":4.610176391601563}