{"_wandb":{"runtime":20},"_runtime":20.409460412,"_step":0,"train_loss":5.636254087054758,"_timestamp":1.7494643769655113e+09}