{"_step":0,"EXP_102_N10_R4_E3_CLIENT_02_status":0,"_wandb":{"runtime":8},"_runtime":8,"_timestamp":1.7565728379643388e+09,"train_loss":6.916281797409058}