{"_runtime":11,"_timestamp":1.7565471852380471e+09,"evaluate_loss":1.6953000962734222,"train_loss":8.104106646434516,"EXP_085_N8_R4_E4_CLIENT_03_status":0,"_step":8,"_wandb":{"runtime":11},"evaluate_accuracy":0.352}