{"train_loss":10.337142319915394,"_runtime":146818.152908261,"_step":11,"_timestamp":1.7542213927778645e+09,"_wandb":{"runtime":146818},"evaluate_accuracy":0.4592,"evaluate_loss":1.4713555182082743}