{"_wandb":{"runtime":1211},"evaluate_accuracy":0.095,"evaluate_loss":2.271321512758732,"train_loss":4.610176412582398,"_runtime":1211.350183652,"_step":3,"_timestamp":1.7478322159139748e+09}