{"_step":2,"evaluate_loss":2.4019493054432473,"_timestamp":1.7541504800741677e+09,"train_loss":3.5355390481948854,"partition_id":1,"client_name":"EXP_002_N2_R4_E2_CLIENT_02","evaluate_accuracy":0.099,"_runtime":106.115244755,"_wandb":{"runtime":106}}