{"_step":0,"_wandb":{"runtime":27},"train_loss":3.7891493127822877,"_timestamp":1.7477757584781277e+09,"_runtime":27.034958069}