{"_runtime":9,"_wandb":{"runtime":9},"evaluate_accuracy":0.3546354635463546,"evaluate_loss":1.7211114031927925,"train_loss":5.2468890423397365,"_step":8,"_timestamp":1.7565725618731685e+09,"EXP_101_N9_R4_E3_CLIENT_05_status":0}