{"EXP_080_N6_R4_E3_CLIENT_01_status":0,"_runtime":12,"_step":2,"_timestamp":1.7565453103147187e+09,"_wandb":{"runtime":12},"evaluate_loss":2.2395556602837905,"evaluate_accuracy":0.14937012597480503,"train_loss":5.91999692837017}