{"evaluate_accuracy":0.0968,"evaluate_loss":2.341678513756281,"train_loss":5.5921124387472965,"_runtime":40.374897852,"_step":2,"_timestamp":1.7564824366194847e+09,"_wandb":{"runtime":40}}