{"_step":6,"evaluate_loss":1.904927033185959,"train_loss":5.758940542579457,"_timestamp":1.7565734465068274e+09,"_wandb":{"runtime":17},"evaluate_accuracy":0.2672,"EXP_103_N8_R4_E3_CLIENT_07_status":0,"_runtime":17}