{"EXP_102_N10_R4_E3_CLIENT_10_status":0,"train_loss":5.964358359336853,"_runtime":11,"_step":2,"_timestamp":1.7565728919578993e+09,"_wandb":{"runtime":11},"evaluate_accuracy":0.108,"evaluate_loss":2.305363312363625}