{"evaluate_accuracy":0.3744,"evaluate_loss":1.6567118495702744,"train_loss":7.676194986719994,"_runtime":32,"_step":3,"_timestamp":1.7571514297000747e+09,"_wandb":{"runtime":32}}