{"evaluate_loss":1.7732769130151482,"train_loss":8.454410015965422,"_runtime":3168.228138606,"_step":6,"_timestamp":1.7541772611147184e+09,"_wandb":{"runtime":3168},"evaluate_accuracy":0.3144}