{"_timestamp":1.7563094401103308e+09,"_wandb":{"runtime":48},"train_loss":7.55075016113135,"evaluate_loss":2.471123127997676,"evaluate_accuracy":0.1096,"_runtime":48.395438413,"_step":1}