{"evaluate_loss":1.56322287718455,"train_loss":10.31378066068073,"_runtime":169260.386195208,"_step":11,"_timestamp":1.7542158064119678e+09,"_wandb":{"runtime":169260},"evaluate_accuracy":0.4430113977204559}