{"_step":0,"_wandb":{"runtime":7},"loss":2.3149126092339776,"accuracy":0.109,"_timestamp":1.7477389359342937e+09,"_runtime":6.284114544}