{"_runtime":82.221912938,"_step":1,"_timestamp":1.7563103999676564e+09,"_wandb":{"runtime":82},"train_loss":7.891447249782143,"evaluate_loss":2.362906240067392,"evaluate_accuracy":0.10977804439112178}