{"client_name":"EXP_001_Nunknown_R3_E2_CLIENT_01","_timestamp":1.7541482225589514e+09,"evaluate_accuracy":0.1056,"train_loss":3.6568359979629514,"_step":2,"partition_id":1,"_wandb":{"runtime":106},"evaluate_loss":2.2773124108648606,"_runtime":106.153356455}