{"_runtime":23,"_timestamp":1.7565454007112646e+09,"_wandb":{"runtime":23},"evaluate_accuracy":0.39472105578884226,"evaluate_loss":1.6629807206819642,"EXP_080_N6_R4_E3_CLIENT_03_status":0,"_step":7,"train_loss":5.300960332583013}