{"_runtime":39.359693115,"_step":0,"_wandb":{"runtime":39},"train_loss":7.706926411989203,"_timestamp":1.7545846508024201e+09}