{"_runtime":2,"_step":3,"_timestamp":1.7565453568112493e+09,"_wandb":{"runtime":2},"evaluate_accuracy":0.3023395320935813,"evaluate_loss":1.8454934516043033,"EXP_080_N6_R4_E3_CLIENT_05_status":0}