{"_wandb":{"runtime":6},"loss":2.374024942943028,"accuracy":0.09118176364727054,"_timestamp":1.7477398491239982e+09,"_runtime":5.5904970899999995,"_step":0}