{"_runtime":6,"_timestamp":1.7565509715809755e+09,"evaluate_accuracy":0.3648,"evaluate_loss":1.7353768944740295,"_step":8,"_wandb":{"runtime":6},"train_loss":3.654670927934586,"EXP_090_N8_R4_E2_CLIENT_08_status":0}