{"evaluate_accuracy":0.34,"evaluate_loss":1.6864721804857254,"train_loss":8.275593494154085,"_runtime":225.235312081,"_step":6,"_timestamp":1.7571545557500787e+09,"_wandb":{"runtime":225}}