{"train_loss":9.484167395591736,"evaluate_loss":2.308742489133562,"evaluate_accuracy":0.102,"_runtime":102.168582208,"_step":1,"_timestamp":1.754173661262375e+09,"_wandb":{"runtime":102}}