{"train_loss":10.793948185157776,"_runtime":23460.133211967,"_step":8,"_timestamp":1.7542098801433156e+09,"_wandb":{"runtime":23460},"evaluate_accuracy":0.4376,"evaluate_loss":1.5343447384560944}