{"_wandb":{"runtime":1632},"evaluate_accuracy":0.3568,"evaluate_loss":1.7205699033375028,"train_loss":8.693627897162026,"_runtime":1632.29018993,"_step":5,"_timestamp":1.754219103760193e+09}