{"_wandb":{"runtime":110},"evaluate_accuracy":0.10077984403119376,"evaluate_loss":2.3810622919173468,"train_loss":5.944528612301504,"_runtime":110.050892564,"_step":2,"_timestamp":1.7492149775069795e+09}