{"evaluate_accuracy":0.3448,"evaluate_loss":1.7400689155240603,"train_loss":8.408425407287792,"_runtime":3106.208639943,"_step":6,"_timestamp":1.7542191532410886e+09,"_wandb":{"runtime":3106}}