{"_timestamp":1.7541305944439275e+09,"_wandb":{"runtime":2682},"evaluate_accuracy":0.3346,"evaluate_loss":1.7683180912285097,"train_loss":5.1240775743484495,"_runtime":2682.049230058,"_step":6}