{"_wandb":{"runtime":1824},"_timestamp":1.7541505885151107e+09,"evaluate_accuracy":0.3786,"evaluate_loss":1.6559183620343545,"_step":6,"client_name":"EXP_002_N2_R4_E2_CLIENT_02","partition_id":1,"train_loss":3.3135447774887083,"_runtime":1824.282435221}