{"train_loss":9.34635079935336,"_runtime":56944.179560113,"_step":10,"_timestamp":1.7545842680685213e+09,"_wandb":{"runtime":56944},"evaluate_accuracy":0.4292,"evaluate_loss":1.5394547166703625}