{"_wandb":{"runtime":14},"train_loss":3.650828785747647,"_timestamp":1.7477465954027495e+09,"_runtime":14.858288619,"_step":0}