{"_timestamp":1.754214189609723e+09,"_runtime":55.112950565,"_step":0,"_wandb":{"runtime":55},"train_loss":16.13092773824001}