{"_runtime":13.779014482000001,"_step":0,"_wandb":{"runtime":13},"train_loss":3.6718878200014147,"_timestamp":1.7477465990030944e+09}