{"_runtime":143.985825269,"_step":2,"_timestamp":1.7541534469959242e+09,"_wandb":{"runtime":143},"evaluate_accuracy":0.0898,"evaluate_loss":2.667123872003738,"train_loss":3.529676817893982}