{"_runtime":442226.325505489,"_step":13,"_timestamp":1.7542138996320705e+09,"_wandb":{"runtime":442226},"evaluate_accuracy":0.46130773845230955,"evaluate_loss":1.5166116180874052,"train_loss":7.631739269915244}