{"EXP_109_N8_R5_E4_CLIENT_01_status":0,"_wandb":{"runtime":107},"evaluate_accuracy":0.1664,"evaluate_loss":2.1546636044979097,"train_loss":7.019297262665573,"_runtime":107,"_step":6,"_timestamp":1.757148921282511e+09}