{"_timestamp":1.7564901827862046e+09,"_wandb":{"runtime":17},"evaluate_accuracy":0.335,"evaluate_loss":1.802557397633791,"train_loss":5.382332789421081,"_runtime":17,"_step":4}