{"_wandb":{"runtime":13429},"evaluate_accuracy":0.3736,"evaluate_loss":1.657352557665185,"train_loss":8.085483103514479,"_runtime":13429.917141776,"_step":8,"_timestamp":1.754175799600223e+09}