{"evaluate_accuracy":0.08938212357528494,"_runtime":82.129949709,"_step":1,"_timestamp":1.7545860500004601e+09,"_wandb":{"runtime":82},"train_loss":11.783093314992184,"evaluate_loss":2.3290142518169477}