{"train_loss":7.425937165879899,"EXP_110_N8_R5_E4_CLIENT_02_status":0,"_timestamp":1.7571495855031824e+09,"_runtime":156,"_step":3,"_wandb":{"runtime":156},"evaluate_accuracy":0.1016,"evaluate_loss":2.31182347536087}