{"evaluate_accuracy":0.1152,"_timestamp":1.7571511427167766e+09,"_step":0,"_wandb":{"runtime":0},"_runtime":0,"evaluate_loss":2.377893775701523}