{"_timestamp":1.7564901652550678e+09,"_wandb":{"runtime":23},"evaluate_accuracy":0.206,"evaluate_loss":2.0347086526453495,"train_loss":5.551169913291931,"_runtime":23.070838879,"_step":3}