{"_timestamp":1.754173754991606e+09,"_wandb":{"runtime":460},"evaluate_accuracy":0.212,"evaluate_loss":2.005590380184234,"train_loss":9.199853808403017,"_runtime":460.200328021,"_step":3}