{"_step":3,"_timestamp":1.7542129416555762e+09,"_wandb":{"runtime":400},"evaluate_accuracy":0.17846430713857228,"evaluate_loss":2.1581664721171063,"train_loss":9.16973270472291,"_runtime":400.899365191}