{"evaluate_accuracy":0.1652,"evaluate_loss":2.1722227153898794,"train_loss":13.04344439925477,"_runtime":532.397050661,"_step":3,"_timestamp":1.7541780686787214e+09,"_wandb":{"runtime":532}}