{"_step":5,"_timestamp":1.756547099573559e+09,"evaluate_accuracy":0.2216,"evaluate_loss":2.019672068953514,"_wandb":{"runtime":25},"train_loss":7.750850868832534,"EXP_085_N8_R4_E4_CLIENT_01_status":0,"_runtime":25}