{"_timestamp":1.7541719714558144e+09,"_wandb":{"runtime":8448},"evaluate_accuracy":0.4276,"evaluate_loss":1.5434064811961665,"train_loss":7.72526680431366,"_runtime":8448.840295927,"_step":7}