{"evaluate_loss":2.2329906430214073,"train_loss":3.4660535474777223,"_runtime":51.009655482,"_step":2,"_timestamp":1.74783056230185e+09,"_wandb":{"runtime":51},"evaluate_accuracy":0.1584}