{"accuracy":0.34613077384523094,"_timestamp":1.7477399554673915e+09,"_runtime":6.2065492110000005,"_step":0,"_wandb":{"runtime":7},"loss":1.7243521088645573}