{"_wandb":{"runtime":78},"evaluate_loss":1.6063371539115905,"train_loss":8.75543775224382,"EXP_108_N8_R5_E5_CLIENT_02_status":0,"_timestamp":1.7565759698760166e+09,"evaluate_accuracy":0.3952,"_runtime":78,"_step":12}