{"_wandb":{"runtime":1013},"evaluate_accuracy":0.172,"evaluate_loss":2.172787183447729,"train_loss":11.794695098940938,"_runtime":1013.049101663,"_step":4,"_timestamp":1.7542211146173446e+09}