{"_step":0,"_wandb":{"runtime":16},"_runtime":16,"EXP_091_N8_R4_E5_CLIENT_01_status":0,"_timestamp":1.756551214724927e+09,"train_loss":9.543203886147518}