{"evaluate_accuracy":0.09988002399520096,"_wandb":{"runtime":48},"train_loss":5.705246721812004,"_runtime":48.522676207,"_step":1,"_timestamp":1.7492153768389664e+09,"evaluate_loss":2.59608641124907}