{"_timestamp":1.7545872502655294e+09,"_wandb":{"runtime":110011},"evaluate_accuracy":0.41631673665266944,"evaluate_loss":1.564398857782472,"train_loss":9.189674084266407,"_runtime":110011.908570841,"_step":10}