{"_timestamp":1.7545821090646915e+09,"_wandb":{"runtime":28},"_runtime":28.038684452,"_step":0,"train_loss":7.53380939602471}