{"_step":4,"_timestamp":1.749216369030325e+09,"_wandb":{"runtime":586},"evaluate_accuracy":0.1838632273545291,"evaluate_loss":2.050411459377834,"train_loss":6.790233283305912,"_runtime":586.88369784}