{"EXP_102_N10_R4_E3_CLIENT_06_status":0,"_step":4,"_wandb":{"runtime":8},"_runtime":8,"_timestamp":1.756572906420995e+09,"evaluate_accuracy":0.193,"evaluate_loss":2.0504181273281574,"train_loss":5.908408618927002}