{"_step":5,"_timestamp":1.7541745962944908e+09,"_wandb":{"runtime":1681},"evaluate_accuracy":0.2435512897420516,"evaluate_loss":1.8757174217476036,"train_loss":9.168649842864587,"_runtime":1681.880388641}