{"_wandb":{"runtime":10275},"evaluate_accuracy":0.229,"evaluate_loss":1.9589917585253716,"train_loss":3.822011183625974,"_runtime":10275.106248149,"_step":6,"_timestamp":1.7478329037940867e+09}