{"_timestamp":1.7494668221810632e+09,"_runtime":34.288128083,"_step":0,"_wandb":{"runtime":34},"train_loss":7.781204540380757}