{"_wandb":{"runtime":521826},"evaluate_accuracy":0.4848,"evaluate_loss":1.4518870809410191,"train_loss":10.234594349853529,"_runtime":521826.188144316,"_step":13,"_timestamp":1.7541792749109962e+09}