{"evaluate_loss":1.7074030190706253,"train_loss":5.742465562121883,"EXP_100_N8_R4_E3_CLIENT_07_status":0,"_step":6,"_timestamp":1.756572084711538e+09,"evaluate_accuracy":0.3608,"_runtime":8,"_wandb":{"runtime":8}}