{"train_loss":6.709959181664373,"_runtime":658.950395556,"_step":4,"_timestamp":1.7494660699037175e+09,"_wandb":{"runtime":658},"evaluate_accuracy":0.22045590881823637,"evaluate_loss":2.007870811507815}