{"train_loss":8.433567634813345,"_runtime":471.424458671,"_step":6,"_timestamp":1.7571544872042317e+09,"_wandb":{"runtime":471},"evaluate_accuracy":0.3344,"evaluate_loss":1.709032505750656}