{"_wandb":{"runtime":351},"evaluate_accuracy":0.3144,"evaluate_loss":1.7430958569049835,"train_loss":8.762205448120262,"_runtime":351,"_step":5,"_timestamp":1.7571543355387735e+09}