{"_step":6,"_timestamp":1.7565450790672657e+09,"_wandb":{"runtime":23},"evaluate_loss":1.98922339700303,"train_loss":3.659950281444349,"EXP_079_N6_R4_E2_CLIENT_03_status":0,"_runtime":23,"evaluate_accuracy":0.241751649670066}