{"train_loss":3.7087501766204833,"_runtime":4.294967298933873e+09,"_step":43,"_timestamp":1.7479209172623382e+09,"_wandb":{"runtime":4294967298},"evaluate_accuracy":0.1508,"evaluate_loss":2.2696646535472507}