{"evaluate_accuracy":0.1859628074385123,"evaluate_loss":2.115713315190009,"train_loss":7.569108114288184,"_runtime":357.74274826,"_step":3,"_timestamp":1.7545847602445295e+09,"_wandb":{"runtime":357}}