{"evaluate_accuracy":0.3149370125974805,"evaluate_loss":1.736316550345648,"train_loss":3.4615045888818425,"_runtime":1.6068503882216678e+09,"_step":29,"_timestamp":1.7478337289635565e+09,"_wandb":{"runtime":1606850389}}