{"train_loss":5.644328571891784,"_runtime":361.658523272,"_step":3,"_timestamp":1.7541304810074046e+09,"_wandb":{"runtime":361},"evaluate_accuracy":0.3048,"evaluate_loss":1.832365102828688}