{"evaluate_loss":1.6911950021419886,"train_loss":10.113087979800394,"_runtime":3435.667927852,"_step":5,"_timestamp":1.754586931147016e+09,"_wandb":{"runtime":3435},"evaluate_accuracy":0.3659268146370726}