{"_wandb":{"runtime":142340},"evaluate_accuracy":0.4476,"evaluate_loss":1.5298153765593903,"train_loss":10.311922461080094,"_runtime":142340.139623247,"_step":11,"_timestamp":1.7542213937159836e+09}