{"_runtime":243,"_step":5,"_timestamp":1.7571514287497103e+09,"_wandb":{"runtime":243},"evaluate_accuracy":0.3872,"evaluate_loss":1.629096719622612,"train_loss":6.6991118063592605}