{"train_loss":4.770639682102203,"evaluate_accuracy":0.4336,"partition_id":0,"_wandb":{"runtime":1789},"client_name":"EXP_004_N2_R4_E3_CLIENT_01","_runtime":1789.035157049,"evaluate_loss":1.5550478104573147,"_timestamp":1.7541513990535173e+09,"_step":5}