{"evaluate_loss":1.699064600316784,"train_loss":9.983483300422327,"_runtime":3474.306445151,"_step":6,"_timestamp":1.754583536805527e+09,"_wandb":{"runtime":3474},"evaluate_accuracy":0.37}