{"_runtime":20,"_timestamp":1.7565729927437193e+09,"evaluate_loss":1.7396687977015972,"EXP_102_N10_R4_E3_CLIENT_01_status":0,"_step":9,"_wandb":{"runtime":20},"evaluate_accuracy":0.361,"train_loss":5.5481648387908935}