{"_wandb":{"runtime":17},"evaluate_loss":2.3026595532894136,"EXP_084_N8_R4_E3_CLIENT_08_status":0,"_timestamp":1.7565468331832478e+09,"evaluate_accuracy":0.1016,"train_loss":6.908489414081452,"_runtime":17,"_step":7}