{"_runtime":783.272007766,"_step":4,"_timestamp":1.7542179825457067e+09,"_wandb":{"runtime":783},"evaluate_accuracy":0.2044,"evaluate_loss":2.1269682525079463,"train_loss":9.453022590079627}