{"_step":6,"_timestamp":1.7545835427243657e+09,"_wandb":{"runtime":3783},"evaluate_accuracy":0.3444,"evaluate_loss":1.731746079046515,"train_loss":9.780351907300492,"_runtime":3783.958722451}