{"_timestamp":1.7571724094394822e+09,"_step":0,"evaluate_loss":2.4460136133527,"evaluate_accuracy":0.0925,"_wandb":{"runtime":1},"_runtime":1}