{"_wandb":{"runtime":2528},"evaluate_accuracy":0.3668,"evaluate_loss":1.6788024051933532,"train_loss":4.894577355575562,"_runtime":2528.009364174,"_step":6,"_timestamp":1.7494617781912904e+09}