{"_step":4,"_timestamp":1.754210929906113e+09,"_wandb":{"runtime":519},"evaluate_accuracy":0.22435512897420515,"evaluate_loss":1.9725271043323336,"train_loss":5.511675633972497,"_runtime":519.023863734}