{"_step":7,"_timestamp":1.7542149731434083e+09,"_wandb":{"runtime":10332},"evaluate_accuracy":0.4304139172165567,"evaluate_loss":1.5352031707763671,"train_loss":11.145147658938129,"_runtime":10332.338155098}