{"evaluate_accuracy":0.2504499100179964,"evaluate_loss":1.9558474699656168,"train_loss":5.465104589073492,"_runtime":930.155239415,"_step":5,"_timestamp":1.7492150552502813e+09,"_wandb":{"runtime":930}}