{"EXP_105_N8_R4_E4_CLIENT_07_status":0,"_runtime":0,"_step":3,"_timestamp":1.7565742520505087e+09,"_wandb":{"runtime":0},"evaluate_accuracy":0.1808,"evaluate_loss":2.005525031685829}