{"EXP_102_N10_R4_E3_CLIENT_06_status":0,"_runtime":8,"_step":2,"train_loss":5.908408618927002,"_timestamp":1.7565728881053946e+09,"_wandb":{"runtime":8},"evaluate_accuracy":0.102,"evaluate_loss":2.3071797862648964}