{"evaluate_loss":1.6144440389814831,"train_loss":11.627257127984825,"_runtime":2576.214444655,"_step":5,"_timestamp":1.7542148781100664e+09,"_wandb":{"runtime":2576},"evaluate_accuracy":0.38602279544091184}