{"_timestamp":1.7545828234204147e+09,"_wandb":{"runtime":2568},"evaluate_accuracy":0.322,"evaluate_loss":1.8138584683213053,"train_loss":6.560290816873788,"_runtime":2568.948327608,"_step":6}