{"_wandb":{"runtime":110},"evaluate_accuracy":0.0964,"evaluate_loss":2.4326606279687035,"train_loss":5.358259771197749,"_runtime":110.003990706,"_step":2,"_timestamp":1.7542171882634346e+09}