{"_wandb":{"runtime":101},"train_loss":7.8515629734148815,"_runtime":101.910886332,"evaluate_loss":2.320690447429441,"evaluate_accuracy":0.09658068386322735,"_step":1,"_timestamp":1.7545852704844716e+09}