{"_runtime":2928.041477482,"_step":5,"_timestamp":1.7541738521619856e+09,"_wandb":{"runtime":2928},"evaluate_accuracy":0.3515,"evaluate_loss":1.7602130004337855,"train_loss":8.772910354614257}