{"_runtime":39.151144236,"_wandb":{"runtime":39},"_step":0,"train_loss":6.952481582069397,"_timestamp":1.7541309442398822e+09}