{"train_loss":5.0557305903951075,"_runtime":20,"_step":9,"_timestamp":1.7565721224226809e+09,"_wandb":{"runtime":20},"evaluate_accuracy":0.4016,"evaluate_loss":1.6163573265075684,"EXP_100_N8_R4_E3_CLIENT_06_status":0}