{"evaluate_loss":2.3032999873161315,"EXP_084_N8_R4_E3_CLIENT_07_status":0,"_runtime":0,"_step":3,"_timestamp":1.756546770263322e+09,"_wandb":{"runtime":0},"evaluate_accuracy":0.0952}