{"_runtime":2302.99570718,"_step":6,"_timestamp":1.7494670061567e+09,"_wandb":{"runtime":2302},"evaluate_accuracy":0.365626874625075,"evaluate_loss":1.6958814212254116,"train_loss":6.578197836018295}