{"_timestamp":1.7545840649517262e+09,"_wandb":{"runtime":1810},"evaluate_accuracy":0.2416,"evaluate_loss":1.9394915979119796,"train_loss":10.4721404161697,"_runtime":1809.965777028,"_step":5}