{"_timestamp":1.75657479455004e+09,"evaluate_loss":1.990460088849068,"EXP_106_N8_R5_E4_CLIENT_06_status":0,"_wandb":{"runtime":42},"evaluate_accuracy":0.232,"train_loss":7.04443958914204,"_runtime":42,"_step":5}