{"_runtime":39.254012598,"_step":0,"train_loss":7.390586030197143,"_timestamp":1.7494620302679017e+09,"_wandb":{"runtime":39}}