{"_runtime":97,"_step":3,"_timestamp":1.7571554669350905e+09,"_wandb":{"runtime":97},"evaluate_accuracy":0.1176,"evaluate_loss":2.2313125371932983,"train_loss":9.88298522211184}