{"_runtime":175.985490739,"_step":2,"_timestamp":1.7541300027289236e+09,"_wandb":{"runtime":175},"evaluate_accuracy":0.139,"evaluate_loss":2.2578688351212035,"train_loss":5.033467558860779}