{"_timestamp":1.7571714756452205e+09,"_wandb":{"runtime":27},"evaluate_accuracy":0.091,"evaluate_loss":2.3443983471582808,"train_loss":5.800961545467377,"_runtime":27.898739122,"_step":2}