{"evaluate_loss":2.3518648465474445,"_wandb":{"runtime":3},"evaluate_accuracy":0.09538092381523695,"_timestamp":1.747746566718011e+09,"_runtime":2.284040144,"_step":0}