{"_timestamp":1.756572973365543e+09,"_wandb":{"runtime":22},"evaluate_accuracy":0.315,"evaluate_loss":1.8389186970889568,"train_loss":5.3939254198074345,"EXP_102_N10_R4_E3_CLIENT_05_status":0,"_runtime":22,"_step":7}