{"_runtime":23,"_step":4,"_timestamp":1.7565747953653998e+09,"_wandb":{"runtime":23},"evaluate_accuracy":0.248,"evaluate_loss":1.9463351875543595,"train_loss":7.1257411530063415,"EXP_106_N8_R5_E4_CLIENT_07_status":0}