{"_timestamp":1.754213138605142e+09,"_wandb":{"runtime":13642},"evaluate_accuracy":0.3962207558488302,"evaluate_loss":1.6246454534076509,"train_loss":8.017693007020927,"_runtime":13642.140137162,"_step":8}