{"evaluate_accuracy":0.1978,"_timestamp":1.7541512647401981e+09,"partition_id":0,"_runtime":89.747179537,"_step":1,"evaluate_loss":2.0945334783784904,"client_name":"EXP_004_N2_R4_E3_CLIENT_01","_wandb":{"runtime":89},"train_loss":5.349859287261963}