{"evaluate_accuracy":0.20515896820635873,"evaluate_loss":2.14314934526171,"train_loss":5.026435666518817,"_runtime":444.093747218,"_step":4,"_timestamp":1.7494644893179252e+09,"_wandb":{"runtime":444}}