{"_wandb":{"runtime":208},"evaluate_accuracy":0.1024,"evaluate_loss":2.347342497185816,"train_loss":11.100158166961547,"_runtime":208.957703581,"_step":2,"_timestamp":1.7545839671994596e+09}