{"_runtime":1308.816154753,"_step":5,"_timestamp":1.7541300966356955e+09,"_wandb":{"runtime":1308},"evaluate_accuracy":0.4142,"evaluate_loss":1.6137622222778902,"train_loss":4.862348001098633}