{"_step":10,"_timestamp":1.7545856541827772e+09,"_wandb":{"runtime":42869},"evaluate_accuracy":0.39532093581283745,"evaluate_loss":1.58394548128236,"train_loss":6.29772192496432,"_runtime":42869.136362743}