{"evaluate_accuracy":0.4004,"evaluate_loss":1.5861907971056202,"train_loss":7.806466647039968,"_runtime":211272.207317606,"_step":12,"_timestamp":1.7541774661369166e+09,"_wandb":{"runtime":211272}}