{"evaluate_loss":2.30528153950655,"train_loss":4.00358996376062,"_runtime":98064.165658611,"_step":15,"_timestamp":1.747832970473345e+09,"_wandb":{"runtime":98065},"evaluate_accuracy":0.1228}