{"evaluate_accuracy":0.4184,"evaluate_loss":1.5876608145464757,"train_loss":4.858259459781647,"_runtime":20437.146231828,"_step":9,"_timestamp":1.754206504835814e+09,"_wandb":{"runtime":20437}}