{"_timestamp":1.7541545559731e+09,"_wandb":{"runtime":65},"evaluate_accuracy":0.103,"evaluate_loss":2.4300379563891696,"train_loss":4.12509411907196,"_runtime":65.938051205,"_step":2}