{"_wandb":{"runtime":20},"train_loss":3.805014567565918,"_timestamp":1.747748273213947e+09,"_runtime":20.220442881,"_step":0}