{"_timestamp":1.757148773130468e+09,"train_loss":7.722138191484342,"_step":0,"_wandb":{"runtime":23},"_runtime":23,"EXP_109_N8_R5_E4_CLIENT_06_status":0}