{"EXP_082_N6_R4_E5_CLIENT_02_status":0,"_runtime":16,"_step":2,"_timestamp":1.7565460670923877e+09,"_wandb":{"runtime":16},"train_loss":9.27603077660337,"evaluate_loss":2.283103110655299,"evaluate_accuracy":0.12837432513497302}