{"_wandb":{"runtime":16115},"evaluate_accuracy":0.41,"evaluate_loss":1.6162431919122044,"train_loss":9.535062642904897,"_runtime":16115.084013487,"_step":8,"_timestamp":1.7545842010066519e+09}