{"evaluate_accuracy":0.2453509298140372,"evaluate_loss":1.957728637839263,"train_loss":7.254674273244502,"EXP_081_N6_R4_E4_CLIENT_05_status":0,"_runtime":27,"_step":5,"_timestamp":1.7565457641002188e+09,"_wandb":{"runtime":27}}