{"_wandb":{"runtime":41},"train_loss":7.661381190049582,"_timestamp":1.7563109070615935e+09,"_runtime":41.053644645,"_step":0}