{"evaluate_loss":1.8731967891965593,"evaluate_accuracy":0.28884223155368927,"_timestamp":1.747746625934794e+09,"_runtime":2.136241956,"_step":0,"_wandb":{"runtime":3}}