{"_runtime":456.140553582,"_step":4,"_timestamp":1.7492031461454768e+09,"_wandb":{"runtime":456},"evaluate_accuracy":0.3222,"evaluate_loss":1.806225979404085,"train_loss":3.5401952520370483}