{"client_name":"EXP_002_N2_R4_E2_CLIENT_02","partition_id":1,"_timestamp":1.7541504267132478e+09,"_runtime":20.343310136,"_step":0,"train_loss":3.9120011053085326,"_wandb":{"runtime":20}}