{"train_loss":6.622924253130644,"_runtime":4417.37303677,"_step":6,"_timestamp":1.7545855083517265e+09,"_wandb":{"runtime":4417},"evaluate_accuracy":0.35452909418116374,"evaluate_loss":1.7407334278214652}