{"_wandb":{"runtime":34},"train_loss":11.519336574755538,"_timestamp":1.754175515251706e+09,"_runtime":34.290463791,"_step":0}