{"_timestamp":1.7494651832838762e+09,"_wandb":{"runtime":104},"evaluate_accuracy":0.119376124775045,"evaluate_loss":2.3093919186365035,"train_loss":5.195796990280243,"_runtime":104.079142946,"_step":2}