{"_timestamp":1.7542153529195974e+09,"_wandb":{"runtime":132},"evaluate_loss":2.6634015378497895,"evaluate_accuracy":0.10437912417516497,"train_loss":12.389371927979466,"_runtime":132.313727101,"_step":1}