{"train_loss":5.500840302279813,"_timestamp":1.7542117385514603e+09,"_runtime":24.998802384,"_step":0,"_wandb":{"runtime":24}}