{"evaluate_loss":2.3851148419910007,"_runtime":14,"_step":1,"_timestamp":1.7564910472177505e+09,"_wandb":{"runtime":14},"train_loss":6.0091567153022405,"evaluate_accuracy":0.09352517985611511}