{"evaluate_accuracy":0.2136,"evaluate_loss":1.9733305988432488,"train_loss":11.83694526067557,"_runtime":956.230599305,"_step":4,"_timestamp":1.7542204225291433e+09,"_wandb":{"runtime":956}}