{"evaluate_accuracy":0.1006,"_step":1,"_timestamp":1.7542094729070926e+09,"_wandb":{"runtime":167},"train_loss":12.798292841911316,"_runtime":167.080221394,"evaluate_loss":2.4498844328959275}