{"_step":2,"_timestamp":1.7571721853226137e+09,"_wandb":{"runtime":2},"evaluate_accuracy":0.369,"evaluate_loss":1.7091125741837516,"_runtime":2}