{"_wandb":{"runtime":37},"train_loss":7.490010193606329,"_timestamp":1.7563109019696305e+09,"_runtime":37.37516392,"_step":0}