{"_wandb":{"runtime":173},"evaluate_accuracy":0.0952,"evaluate_loss":2.32095744941808,"train_loss":9.273352976424245,"_runtime":173.939350481,"_step":2,"_timestamp":1.7542190156551535e+09}