{"_step":9,"_timestamp":1.7565725606511238e+09,"evaluate_accuracy":0.3408273381294964,"evaluate_loss":1.771632160459246,"EXP_101_N9_R4_E3_CLIENT_02_status":0,"_wandb":{"runtime":16},"train_loss":5.333013676910949,"_runtime":16}