{"EXP_083_N8_R4_E2_CLIENT_04_status":0,"evaluate_loss":1.9477684199810028,"_runtime":12,"_step":5,"_timestamp":1.7565464787255597e+09,"_wandb":{"runtime":12},"evaluate_accuracy":0.2512,"train_loss":3.815260631263636}