{"evaluate_accuracy":0.35062987402519497,"evaluate_loss":1.6912240550631568,"train_loss":5.05819306527968,"_runtime":2123.905698636,"_step":6,"_timestamp":1.7542113820688632e+09,"_wandb":{"runtime":2123}}