{"evaluate_loss":1.5872616411014726,"train_loss":4.850403009605408,"_runtime":6201.683647816,"_step":7,"_timestamp":1.7542069227414935e+09,"_wandb":{"runtime":6201},"evaluate_accuracy":0.4134}