{"_runtime":151.970902752,"_step":3,"_timestamp":1.7541541672962937e+09,"_wandb":{"runtime":152},"evaluate_accuracy":0.2376,"evaluate_loss":1.9846088373208348,"train_loss":3.861817498557484}