{"evaluate_loss":2.0943530661719185,"train_loss":5.851250192244276,"_timestamp":1.756572477929952e+09,"evaluate_accuracy":0.2185251798561151,"EXP_101_N9_R4_E3_CLIENT_08_status":0,"_runtime":9,"_step":4,"_wandb":{"runtime":9}}