{"_timestamp":1.7494609088173497e+09,"_runtime":21.00756525,"_wandb":{"runtime":21},"_step":0,"train_loss":4.6081822341918945}