{"evaluate_loss":2.3906975939304016,"train_loss":9.260220907366694,"_runtime":188.234291774,"_step":2,"_timestamp":1.754218382865047e+09,"_wandb":{"runtime":188},"evaluate_accuracy":0.0928}