{"evaluate_loss":2.3291984617710115,"train_loss":7.746090815325451,"_runtime":115.923858554,"_step":2,"_timestamp":1.7571522558938854e+09,"_wandb":{"runtime":115},"evaluate_accuracy":0.084}