{"_step":9,"_wandb":{"runtime":309},"evaluate_accuracy":0.364,"train_loss":6.622179035927839,"EXP_110_N8_R5_E4_CLIENT_03_status":0,"_timestamp":1.757149808705456e+09,"evaluate_loss":1.7348067164421082,"_runtime":309}