{"EXP_095_N3_R3_E3_CLIENT_02_status":0,"_timestamp":1.756569381223739e+09,"train_loss":5.694758093900246,"_step":0,"_wandb":{"runtime":21},"_runtime":21}