{"_timestamp":1.757172512916461e+09,"_wandb":{"runtime":71},"evaluate_accuracy":0.3975,"evaluate_loss":1.6442978344266377,"train_loss":8.264223215579987,"_runtime":71,"_step":5}