{"_wandb":{"runtime":27},"_step":0,"train_loss":5.566701464515796,"_timestamp":1.7542112152331243e+09,"_runtime":27.15038296}