{"_timestamp":1.7564911518123739e+09,"_wandb":{"runtime":25},"evaluate_accuracy":0.3537170263788969,"evaluate_loss":1.7491529561855175,"train_loss":5.349265735489982,"_runtime":25,"_step":4}