{"train_loss":3.609124802480078,"EXP_083_N8_R4_E2_CLIENT_05_status":0,"_runtime":11,"_timestamp":1.7565465154538307e+09,"evaluate_loss":1.7345155388116837,"_step":7,"_wandb":{"runtime":11},"evaluate_accuracy":0.3272}