{"evaluate_loss":2.2973716795444488,"evaluate_accuracy":0.104,"EXP_100_N8_R4_E3_CLIENT_03_status":0,"_runtime":10,"_step":2,"_timestamp":1.7565719980352075e+09,"_wandb":{"runtime":10},"train_loss":5.966589197991}