{"evaluate_accuracy":0.4292,"evaluate_loss":1.5628333468980427,"train_loss":6.261788909046794,"_runtime":82062.417135957,"_step":11,"_timestamp":1.7545829680317073e+09,"_wandb":{"runtime":82062}}