{"_step":6,"_timestamp":1.7571489209075897e+09,"evaluate_loss":2.145773559808731,"train_loss":7.174853506361603,"_wandb":{"runtime":101},"evaluate_accuracy":0.164,"EXP_109_N8_R5_E4_CLIENT_06_status":0,"_runtime":101}