{"train_loss":3.9421246433258057,"_runtime":72.061898589,"_step":2,"_timestamp":1.754154549897e+09,"_wandb":{"runtime":72},"evaluate_accuracy":0.097,"evaluate_loss":2.4396025491139244}