{"train_loss":6.023236950238545,"_timestamp":1.756490537689501e+09,"_wandb":{"runtime":8},"_runtime":8.893786443,"_step":0}