{"_wandb":{"runtime":60},"train_loss":5.800022430610657,"_runtime":60.909649669,"evaluate_loss":2.2949969358504956,"evaluate_accuracy":0.113,"_step":1,"_timestamp":1.7542062356462686e+09}