{"evaluate_accuracy":0.0968,"train_loss":9.431118314258589,"_runtime":74.116307935,"_step":1,"_timestamp":1.7542178573740833e+09,"_wandb":{"runtime":74},"evaluate_loss":2.3881484013569505}