{"_runtime":170.284190193,"train_loss":9.42791843793954,"_timestamp":1.7571540625425766e+09,"_step":0,"_wandb":{"runtime":170}}