{"_step":0,"train_loss":6.102541025161743,"_wandb":{"runtime":278},"_runtime":278.52000218,"_timestamp":1.7564830029709694e+09}