{"_step":8,"_timestamp":1.7541766307622957e+09,"_wandb":{"runtime":13033},"evaluate_accuracy":0.3744,"evaluate_loss":1.7126516556438012,"train_loss":7.825696885204924,"_runtime":13033.2012658}