{"_runtime":34942.093145132,"_step":9,"_timestamp":1.7545856116060085e+09,"_wandb":{"runtime":34942},"evaluate_accuracy":0.39892021595680865,"evaluate_loss":1.6299640794969954,"train_loss":6.250110726892663}