{"_wandb":{"runtime":51},"evaluate_accuracy":0.2448,"evaluate_loss":1.9659092903137207,"EXP_103_N8_R4_E3_CLIENT_01_status":0,"_runtime":51,"_step":9,"_timestamp":1.756573473167322e+09,"train_loss":5.163431680885849}