{"_runtime":700.097485266,"_step":3,"_timestamp":1.7541737563109524e+09,"_wandb":{"runtime":700},"evaluate_accuracy":0.231,"evaluate_loss":2.020307319504874,"train_loss":9.442387680053711}