{"_timestamp":1.7564906437034025e+09,"_wandb":{"runtime":0},"evaluate_accuracy":0.33296703296703295,"evaluate_loss":1.7554574752676075,"_runtime":0,"_step":2}