{"evaluate_loss":1.701120848953724,"train_loss":8.18513705775996,"_runtime":306.147547088,"_step":8,"_timestamp":1.7571557673461678e+09,"_wandb":{"runtime":306},"evaluate_accuracy":0.3472}