{"evaluate_loss":1.5586080837853349,"train_loss":9.357864038060649,"_runtime":63165.154895462,"_step":10,"_timestamp":1.7545842774552794e+09,"_wandb":{"runtime":63165},"evaluate_accuracy":0.4332}