{"evaluate_accuracy":0.4188,"evaluate_loss":1.5743453668642649,"train_loss":6.4465216245895,"_runtime":9819.009723094,"_step":8,"_timestamp":1.754582883858449e+09,"_wandb":{"runtime":9819}}