{"_runtime":14,"_step":5,"_timestamp":1.756550038960611e+09,"evaluate_accuracy":0.1648,"_wandb":{"runtime":14},"evaluate_loss":2.1573091745376587,"train_loss":4.031005397723739,"EXP_088_N8_R4_E2_CLIENT_04_status":0}