{"_wandb":{"runtime":207},"evaluate_accuracy":0.3656,"evaluate_loss":1.6566018104553222,"train_loss":6.483546383061986,"_runtime":207.033400499,"_step":5,"_timestamp":1.7571514993057775e+09}