{"evaluate_loss":1.7609524032737636,"train_loss":5.315325208365346,"_runtime":1877.994691867,"_step":6,"_timestamp":1.7542167314197085e+09,"_wandb":{"runtime":1877},"evaluate_accuracy":0.3356}