{"evaluate_accuracy":0.312,"evaluate_loss":1.8152204767058169,"train_loss":11.412386876706497,"_runtime":4571.998738989,"_step":6,"_timestamp":1.7542212087857985e+09,"_wandb":{"runtime":4571}}