{"loss":2.3737635181063697,"accuracy":0.10137972405518897,"_timestamp":1.7477398481970184e+09,"_wandb":{"runtime":7},"_runtime":5.990585123,"_step":0}