{"_step":11,"_timestamp":1.7565725611404335e+09,"_wandb":{"runtime":34},"evaluate_accuracy":0.3726372637263726,"evaluate_loss":1.7175336020333427,"train_loss":5.224017963134985,"EXP_101_N9_R4_E3_CLIENT_04_status":0,"_runtime":34}