{"evaluate_accuracy":0.184,"evaluate_loss":2.1424262285232545,"train_loss":7.51016417810112,"_runtime":22,"_step":2,"_timestamp":1.7571512898388839e+09,"_wandb":{"runtime":22}}