{"EXP_088_N8_R4_E2_CLIENT_02_status":0,"evaluate_accuracy":0.1736,"_runtime":5,"_step":4,"_timestamp":1.756550039294129e+09,"_wandb":{"runtime":5},"evaluate_loss":2.130502441525459,"train_loss":4.611195781428343}