{"_timestamp":1.7541731613239732e+09,"_wandb":{"runtime":7228},"evaluate_accuracy":0.4344,"evaluate_loss":1.5693737872039215,"train_loss":8.115094043957159,"_runtime":7228.339960319,"_step":7}