{"_step":6,"_timestamp":1.7571524060402932e+09,"_wandb":{"runtime":87},"evaluate_accuracy":0.3312,"evaluate_loss":1.754983726143837,"train_loss":7.234587581294357,"_runtime":87}