{"evaluate_accuracy":0.34,"train_loss":5.017358785152435,"EXP_099_N5_R4_E3_CLIENT_01_status":0,"_timestamp":1.756571592220464e+09,"evaluate_loss":1.7433711309281608,"_runtime":28,"_step":5,"_wandb":{"runtime":28}}