{"_runtime":42.222363203,"_step":1,"evaluate_loss":2.5799954732259116,"evaluate_accuracy":0.10437912417516497,"_timestamp":1.7492153775862474e+09,"_wandb":{"runtime":42},"train_loss":5.744863624481274}