{"evaluate_loss":2.019498726299831,"train_loss":3.86557471694992,"_runtime":150.281953601,"_step":3,"_timestamp":1.7494637446747315e+09,"_wandb":{"runtime":150},"evaluate_accuracy":0.24235152969406118}