{"_runtime":97.641416325,"_step":2,"_timestamp":1.757155449428651e+09,"_wandb":{"runtime":97},"evaluate_accuracy":0.092,"evaluate_loss":2.5035918951034546,"train_loss":9.524500518088129}