{"_timestamp":1.749204909470914e+09,"_wandb":{"runtime":42},"train_loss":3.917112331581116,"_runtime":42.764540217,"evaluate_loss":2.3834255318732778,"evaluate_accuracy":0.1068,"_step":1}