{"_timestamp":1.7492163242857788e+09,"_wandb":{"runtime":308},"evaluate_accuracy":0.1841631673665267,"evaluate_loss":2.0327685276667276,"train_loss":7.201202494063252,"_runtime":308.209138836,"_step":3}