{"train_loss":5.619812943458557,"_wandb":{"runtime":29},"_timestamp":1.7542058377287385e+09,"_runtime":29.991882094,"_step":0}