{"_runtime":30.283496262,"_wandb":{"runtime":30},"_step":0,"train_loss":9.21906233062014,"_timestamp":1.7545852320665028e+09}