{"_wandb":{"runtime":105},"evaluate_accuracy":0.104,"evaluate_loss":2.3104630120192904,"train_loss":5.724734181032394,"_runtime":105.004945872,"_step":2,"_timestamp":1.7542161922968242e+09}