{"_wandb":{"runtime":314},"evaluate_accuracy":0.22045590881823635,"evaluate_loss":2.007870811507815,"train_loss":6.900530982646439,"_runtime":314.500262991,"_step":3,"_timestamp":1.749466026071935e+09}