{"_step":9,"evaluate_loss":1.803585335612297,"EXP_085_N8_R4_E4_CLIENT_01_status":0,"_runtime":48,"_timestamp":1.7565471691641185e+09,"_wandb":{"runtime":48},"evaluate_accuracy":0.3272,"train_loss":7.060790271516058}