{"evaluate_accuracy":0.294,"evaluate_loss":1.786777965630157,"train_loss":11.369611085032503,"_runtime":4579.912400458,"_step":6,"_timestamp":1.7542205081224935e+09,"_wandb":{"runtime":4579}}