{"evaluate_loss":1.515677269501022,"train_loss":7.866130267278836,"_runtime":23564.142262553,"_step":9,"_timestamp":1.7541766494138362e+09,"_wandb":{"runtime":23564},"evaluate_accuracy":0.4412}