{"_wandb":{"runtime":19},"evaluate_accuracy":0.210989010989011,"evaluate_loss":1.9478918930579876,"train_loss":5.727049147873594,"_runtime":19,"_step":3,"_timestamp":1.7564906007362773e+09}