{"_wandb":{"runtime":20},"train_loss":3.917112331581116,"_timestamp":1.7492048906978357e+09,"_runtime":20.218160548,"_step":0}