{"_timestamp":1.7478305822280633e+09,"_wandb":{"runtime":273},"evaluate_accuracy":0.3572,"evaluate_loss":1.705606044477718,"train_loss":3.447302066612244,"_runtime":273.176770447,"_step":3}