{"train_loss":7.624978612183006,"EXP_109_N8_R5_E4_CLIENT_04_status":0,"_runtime":17,"_wandb":{"runtime":17},"evaluate_accuracy":0.1608,"_step":4,"_timestamp":1.7571488713388014e+09,"evaluate_loss":2.1482607245445253}