{"_runtime":0,"_step":3,"_timestamp":1.7565729080675323e+09,"_wandb":{"runtime":0},"evaluate_accuracy":0.223,"evaluate_loss":2.0143179893493652,"EXP_102_N10_R4_E3_CLIENT_09_status":0}