{"_timestamp":1.7571545549057825e+09,"_wandb":{"runtime":347},"evaluate_accuracy":0.3712,"evaluate_loss":1.712412887811661,"train_loss":8.315279180836527,"_runtime":347.956663519,"_step":6}