{"train_loss":5.180503193708918,"_runtime":1158.581340094,"_step":5,"_timestamp":1.7542113432008631e+09,"_wandb":{"runtime":1158},"evaluate_accuracy":0.3659268146370726,"evaluate_loss":1.7120415653501238}