{"_timestamp":1.7492030946995044e+09,"_wandb":{"runtime":107},"evaluate_accuracy":0.1122,"evaluate_loss":2.281569505193431,"train_loss":3.6694729921340943,"_runtime":107.173982306,"_step":2}