{"_wandb":{"runtime":106},"evaluate_accuracy":0.109,"evaluate_loss":2.411279587229346,"train_loss":3.540820532989502,"_runtime":106.210054259,"_step":2,"_timestamp":1.7492035007547772e+09}