{"_timestamp":1.7565475812880645e+09,"evaluate_accuracy":0.328,"evaluate_loss":1.720951035618782,"train_loss":8.299449995824485,"_wandb":{"runtime":46},"EXP_086_N8_R4_E5_CLIENT_04_status":0,"_runtime":46,"_step":8}