{"_wandb":{"runtime":496},"evaluate_accuracy":0.2856,"evaluate_loss":1.82797379402598,"train_loss":8.742416095161438,"_runtime":496.958287328,"_step":3,"_timestamp":1.7542078344851599e+09}