{"train_loss":3.6458622375488283,"_timestamp":1.7492034491039836e+09,"_runtime":20.107634379,"_wandb":{"runtime":20},"_step":0}