{"_wandb":{"runtime":1606},"evaluate_accuracy":0.3344,"evaluate_loss":1.7322001381765437,"train_loss":8.508850442715728,"_runtime":1606.033160732,"_step":5,"_timestamp":1.7541765092489047e+09}