{"_step":0,"_wandb":{"runtime":38},"train_loss":9.14241569605879,"_timestamp":1.7541729241458423e+09,"_runtime":38.156598608}