{"_step":3,"_wandb":{"runtime":29},"train_loss":7.7612259770124155,"EXP_081_N6_R4_E4_CLIENT_03_status":0,"_runtime":29,"_timestamp":1.756545721830983e+09,"evaluate_accuracy":0.10077984403119376,"evaluate_loss":2.3805398986024677}