{"_step":7,"_timestamp":1.75458552692839e+09,"_wandb":{"runtime":8667},"evaluate_accuracy":0.3695260947810438,"evaluate_loss":1.6521536786601227,"train_loss":6.621407109584535,"_runtime":8667.885378386}