{"_timestamp":1.7571514130709994e+09,"_wandb":{"runtime":242},"evaluate_accuracy":0.1888,"evaluate_loss":2.1420659601688383,"train_loss":6.6991118063592605,"_runtime":242.991462973,"_step":4}