{"_timestamp":1.7565457679641953e+09,"train_loss":7.154718313490945,"_wandb":{"runtime":16},"evaluate_accuracy":0.2555488902219556,"evaluate_loss":1.92122268901681,"EXP_081_N6_R4_E4_CLIENT_06_status":0,"_runtime":16,"_step":4}