{"evaluate_loss":2.320618282390546,"evaluate_accuracy":0.1068,"train_loss":11.519336574755538,"_runtime":70.074776279,"_step":1,"_timestamp":1.7541755351789317e+09,"_wandb":{"runtime":70}}