{"_wandb":{"runtime":80},"train_loss":6.952481582069397,"_runtime":80.814104197,"evaluate_accuracy":0.1266,"evaluate_loss":2.4918066012631557,"_step":1,"_timestamp":1.754130972651408e+09}