{"_timestamp":1.7542117571141238e+09,"_wandb":{"runtime":56},"train_loss":5.6238581425280305,"evaluate_loss":2.3449666727156866,"evaluate_accuracy":0.09508098380323936,"_runtime":56.362029596,"_step":1}