{"_timestamp":1.7563100342360897e+09,"_wandb":{"runtime":1236},"evaluate_accuracy":0.323,"evaluate_loss":1.8152861651920138,"train_loss":7.160900437831879,"_runtime":1236.142837624,"_step":5}