{"_timestamp":1.7492158071024122e+09,"_wandb":{"runtime":32},"_runtime":32.188700017,"_step":0,"train_loss":9.215839818798953}