{"_runtime":3590.759636082,"_step":7,"_timestamp":1.7492060339975705e+09,"_wandb":{"runtime":3590},"evaluate_accuracy":0.0984,"evaluate_loss":2.3033028013387304,"train_loss":4.608111960220337}