{"train_loss":4.858259459781647,"_runtime":10217.03991991,"_step":8,"_timestamp":1.7542064760024621e+09,"_wandb":{"runtime":10217},"evaluate_accuracy":0.4002,"evaluate_loss":1.6252153641099385}