{"_runtime":49.459275855,"_step":6,"_timestamp":1.75717190088924e+09,"_wandb":{"runtime":49},"evaluate_accuracy":0.421,"evaluate_loss":1.592182513267275,"train_loss":4.881422026634216}