{"_runtime":139.01901233,"_step":2,"_timestamp":1.756310453401501e+09,"_wandb":{"runtime":139},"evaluate_accuracy":0.08698260347930414,"evaluate_loss":2.3475611209869385,"train_loss":7.65414119394202}