{"_runtime":0,"_step":1,"EXP_086_N8_R4_E5_CLIENT_05_status":0,"_timestamp":1.7565474610372334e+09,"evaluate_loss":2.33835232257843,"evaluate_accuracy":0.1152,"_wandb":{"runtime":0}}