{"_wandb":{"runtime":47},"train_loss":16.12800834201776,"_timestamp":1.754219738947507e+09,"_runtime":47.227500428,"_step":0}