{"_runtime":217.80168374,"_step":8,"_timestamp":1.7571524542431507e+09,"_wandb":{"runtime":217},"evaluate_accuracy":0.3392,"evaluate_loss":1.759928497672081,"train_loss":7.052990646878625}