{"EXP_090_N8_R4_E2_CLIENT_04_status":0,"_timestamp":1.7565508423660707e+09,"train_loss":4.609603244028274,"_wandb":{"runtime":6},"_runtime":6,"_step":0}