{"_timestamp":1.7565751908653214e+09,"evaluate_loss":2.3270195960998534,"evaluate_accuracy":0.0984,"_step":1,"_wandb":{"runtime":0},"_runtime":0,"EXP_107_N8_R4_E5_CLIENT_06_status":0}