{"evaluate_loss":1.8793552092143468,"EXP_101_N9_R4_E3_CLIENT_03_status":0,"_runtime":17,"evaluate_accuracy":0.28597122302158273,"train_loss":5.309975928539853,"_step":7,"_timestamp":1.7565725444653897e+09,"_wandb":{"runtime":17}}