{"_step":0,"_wandb":{"runtime":0},"_runtime":0,"evaluate_loss":2.317151737213135,"evaluate_accuracy":0.09892086330935251,"_timestamp":1.7564887781101575e+09}