{"_runtime":17,"_step":8,"_timestamp":1.7565475984909844e+09,"_wandb":{"runtime":17},"evaluate_accuracy":0.3968,"evaluate_loss":1.6447435200214386,"train_loss":8.36773794319979,"EXP_086_N8_R4_E5_CLIENT_08_status":0}