{"_runtime":81.018193593,"_step":1,"_timestamp":1.749462536232165e+09,"_wandb":{"runtime":81},"train_loss":7.596714081382752,"evaluate_loss":2.3161210451915766,"evaluate_accuracy":0.1176}