{"train_loss":12.884237893473227,"_timestamp":1.7542197472915013e+09,"_runtime":54.072258179,"_step":0,"_wandb":{"runtime":54}}