{"EXP_107_N8_R4_E5_CLIENT_05_status":0,"_step":5,"evaluate_accuracy":0.2424,"evaluate_loss":1.9216943502426147,"_runtime":52,"_timestamp":1.7565752869037554e+09,"_wandb":{"runtime":52},"train_loss":8.617533237311491}