{"_runtime":25,"_timestamp":1.756573377015153e+09,"train_loss":5.738038656058585,"_step":3,"_wandb":{"runtime":25},"evaluate_accuracy":0.0984,"evaluate_loss":2.3595407009124756,"EXP_103_N8_R4_E3_CLIENT_03_status":0}