{"_timestamp":1.7494631176107154e+09,"_wandb":{"runtime":184},"evaluate_accuracy":0.21205758848230355,"evaluate_loss":2.1832751796359107,"train_loss":3.7571142431643367,"_runtime":184.29208121,"_step":3}