{"_timestamp":1.7545849770248437e+09,"_wandb":{"runtime":4650},"evaluate_accuracy":0.28014397120575885,"evaluate_loss":1.865568536632466,"train_loss":7.052323057891079,"_runtime":4650.23516264,"_step":6}