{"_step":3,"_timestamp":1.7545868124333189e+09,"_wandb":{"runtime":483},"evaluate_accuracy":0.2819436112777445,"evaluate_loss":1.891116220996065,"train_loss":10.730082677882256,"_runtime":483.711305759}