{"_step":3,"_timestamp":1.7571542613899798e+09,"_wandb":{"runtime":315},"evaluate_accuracy":0.2248,"evaluate_loss":1.929689061641693,"train_loss":9.215059345694865,"_runtime":315}