{"evaluate_accuracy":0.34853029394121177,"evaluate_loss":1.7347373962402344,"train_loss":9.581688797645022,"_runtime":6868.218956006,"_step":6,"_timestamp":1.7545870277058673e+09,"_wandb":{"runtime":6868}}