{"train_loss":8.194289088821412,"_runtime":8426.894509575,"_step":7,"_timestamp":1.754208015334183e+09,"_wandb":{"runtime":8426},"evaluate_accuracy":0.3838,"evaluate_loss":1.6499554169405797}