{"_runtime":6806.472956761,"_step":7,"_timestamp":1.7542064331898146e+09,"_wandb":{"runtime":6806},"evaluate_accuracy":0.3994,"evaluate_loss":1.6119807260051655,"train_loss":5.031823590278625}