{"train_loss":7.392552436537044,"_runtime":173,"_wandb":{"runtime":173},"evaluate_loss":1.885949859023094,"EXP_110_N8_R5_E4_CLIENT_05_status":0,"_step":5,"_timestamp":1.7571496081669886e+09,"evaluate_accuracy":0.2624}