{"train_loss":6.509783102068932,"_runtime":294,"_step":10,"_timestamp":1.7571498235142727e+09,"evaluate_accuracy":0.4,"evaluate_loss":1.5931841850280761,"EXP_110_N8_R5_E4_CLIENT_05_status":0,"_wandb":{"runtime":294}}