{"evaluate_accuracy":0.10659340659340659,"_wandb":{"runtime":0},"_runtime":0,"_timestamp":1.7564905597063324e+09,"_step":0,"evaluate_loss":2.368545441791929}