{"_step":8,"_timestamp":1.7542150455347397e+09,"_wandb":{"runtime":20720},"evaluate_accuracy":0.4304139172165567,"evaluate_loss":1.5352031707763671,"train_loss":10.837157337356814,"_runtime":20720.854962674}