{"train_loss":5.397768213490772,"_runtime":33,"_step":7,"_wandb":{"runtime":33},"evaluate_accuracy":0.2656,"EXP_103_N8_R4_E3_CLIENT_05_status":0,"_timestamp":1.7565734482602687e+09,"evaluate_loss":1.9509971112012863}