{"evaluate_loss":2.3696781355759193,"evaluate_accuracy":0.0968096809680968,"_timestamp":1.756490557785294e+09,"_wandb":{"runtime":0},"_runtime":0,"_step":0}