{"evaluate_accuracy":0.3112,"train_loss":7.192310320343941,"EXP_105_N8_R4_E4_CLIENT_02_status":0,"_timestamp":1.7565743043248777e+09,"evaluate_loss":1.8077563971281052,"_runtime":59,"_step":8,"_wandb":{"runtime":59}}