{"evaluate_accuracy":0.31744604316546765,"evaluate_loss":1.8411324875695365,"train_loss":6.222289968737595,"_runtime":14,"_step":4,"_timestamp":1.7564897906872346e+09,"_wandb":{"runtime":14}}