{"evaluate_accuracy":0.3648,"evaluate_loss":1.6466608881950378,"train_loss":8.48716886559869,"_runtime":452,"_step":6,"_timestamp":1.7571545039916205e+09,"_wandb":{"runtime":452}}