{"train_loss":9.3469258940391,"_runtime":303.047973195,"_step":2,"_timestamp":1.7541744712587037e+09,"_wandb":{"runtime":303},"evaluate_accuracy":0.10197960407918416,"evaluate_loss":2.3280902763582625}