{"evaluate_accuracy":0.28674265146970607,"train_loss":8.328331277130893,"EXP_082_N6_R4_E5_CLIENT_02_status":0,"_runtime":51,"_step":6,"evaluate_loss":1.8395702254097417,"_timestamp":1.756546146898915e+09,"_wandb":{"runtime":51}}