{"_timestamp":1.7563110925746908e+09,"_wandb":{"runtime":569},"evaluate_accuracy":0.2092372288313506,"evaluate_loss":2.0505620665020414,"train_loss":7.394926504049887,"_runtime":569.651576659,"_step":4}