{"_runtime":0,"evaluate_loss":2.388963353633881,"evaluate_accuracy":0.0984,"_step":1,"EXP_086_N8_R4_E5_CLIENT_07_status":0,"_timestamp":1.7565474612873952e+09,"_wandb":{"runtime":0}}