{"_runtime":8,"_step":2,"_timestamp":1.756489747150358e+09,"_wandb":{"runtime":8},"evaluate_accuracy":0.16276978417266186,"evaluate_loss":2.1701698780059813,"train_loss":6.913104901210867}