{"_step":2,"_timestamp":1.754217912772043e+09,"_wandb":{"runtime":185},"evaluate_accuracy":0.096,"evaluate_loss":2.3804816988450064,"train_loss":9.512907525221,"_runtime":185.13182215}