{"_timestamp":1.7477429383588157e+09,"_runtime":23.690494173,"_step":1249,"_wandb":{"runtime":24},"loss":1.4353759288787842,"epoch":1,"accuracy":0.5}