{"_step":1,"EXP_095_N3_R3_E3_CLIENT_03_status":0,"_timestamp":1.756569401017805e+09,"evaluate_loss":2.335607308433169,"_wandb":{"runtime":1},"_runtime":1,"evaluate_accuracy":0.09538092381523695}