{"evaluate_loss":2.3051385970342726,"train_loss":12.400507940376977,"_runtime":278.98506181,"_step":2,"_timestamp":1.7542142930061991e+09,"_wandb":{"runtime":278},"evaluate_accuracy":0.1220755848830234}