{"_step":2,"_timestamp":1.754173739101301e+09,"_wandb":{"runtime":349},"evaluate_accuracy":0.1025,"evaluate_loss":2.3057259037381126,"train_loss":9.442387680053711,"_runtime":349.175669303}