{"_runtime":0,"evaluate_accuracy":0.1064,"_timestamp":1.7564892401902504e+09,"_step":0,"evaluate_loss":2.367486208677292,"_wandb":{"runtime":0}}