{"evaluate_loss":2.3078043733324325,"_runtime":8.665860588,"_step":1,"_timestamp":1.7564897096214066e+09,"_wandb":{"runtime":8},"train_loss":6.023311628712167,"evaluate_accuracy":0.099009900990099}