{"evaluate_accuracy":0.08363309352517985,"_timestamp":1.756488777332519e+09,"_step":0,"_wandb":{"runtime":0},"_runtime":0,"evaluate_loss":2.3307549476623537}