{"evaluate_accuracy":0.15296940611877624,"_step":2,"_timestamp":1.7565453087045083e+09,"_wandb":{"runtime":10},"train_loss":5.714924061127257,"EXP_080_N6_R4_E3_CLIENT_03_status":0,"_runtime":10,"evaluate_loss":2.2428170060211756}