{"evaluate_accuracy":0.0944,"train_loss":9.587272287174397,"_runtime":35,"_step":1,"_timestamp":1.757155370636599e+09,"_wandb":{"runtime":35},"evaluate_loss":2.4914292633533477}