{"_timestamp":1.7542108865721812e+09,"_wandb":{"runtime":246},"evaluate_accuracy":0.22435512897420515,"evaluate_loss":1.9725271043323336,"train_loss":5.69041860961228,"_runtime":246.500471492,"_step":3}