{"train_loss":13.290992855263974,"_runtime":1876.47062674,"_step":5,"_timestamp":1.7541781531945095e+09,"_wandb":{"runtime":1876},"evaluate_accuracy":0.2276,"evaluate_loss":1.9730653295034095}