{"train_loss":9.199853808403015,"_runtime":229.042923065,"_step":2,"_timestamp":1.7541737167442517e+09,"_wandb":{"runtime":229},"evaluate_accuracy":0.0905,"evaluate_loss":2.303086269469488}