{"_wandb":{"runtime":137},"evaluate_accuracy":0.2416,"evaluate_loss":1.90048485994339,"train_loss":9.218114437570996,"_runtime":137,"_step":5,"_timestamp":1.7571555463905087e+09}