{"_timestamp":1.7565752914019554e+09,"evaluate_accuracy":0.2344,"EXP_107_N8_R4_E5_CLIENT_07_status":0,"_step":5,"_wandb":{"runtime":54},"evaluate_loss":1.9554125994443896,"train_loss":8.445268132124736,"_runtime":54}