{"evaluate_loss":2.5068183361537875,"evaluate_accuracy":0.1175,"EXP_099_N5_R4_E3_CLIENT_02_status":0,"_runtime":12,"_step":2,"_timestamp":1.7565715228986478e+09,"_wandb":{"runtime":12},"train_loss":5.662762751579285}