{"evaluate_accuracy":0.4376,"evaluate_loss":1.5343447384560944,"train_loss":10.884169010162353,"_runtime":11697.028579772,"_step":7,"_timestamp":1.7542098004772604e+09,"_wandb":{"runtime":11697}}