{"_runtime":84.359431029,"_step":1,"_timestamp":1.754172297531382e+09,"_wandb":{"runtime":84},"train_loss":9.456460807820877,"evaluate_loss":2.3341724418458485,"evaluate_accuracy":0.10347930413917217}