{"_timestamp":1.7542199301221726e+09,"_wandb":{"runtime":2210},"evaluate_accuracy":0.3448,"evaluate_loss":1.7344433250306528,"train_loss":11.95200523324668,"_runtime":2209.975262764,"_step":5}