{"_wandb":{"runtime":31560},"evaluate_accuracy":0.4332,"evaluate_loss":1.5586080837853347,"train_loss":9.505045415494388,"_runtime":31560.457386809,"_step":9,"_timestamp":1.7545842182048318e+09}