{"_step":5,"_wandb":{"runtime":12},"train_loss":3.780404623147029,"_runtime":12,"_timestamp":1.756550917742508e+09,"evaluate_accuracy":0.0992,"evaluate_loss":2.302111893892288,"EXP_090_N8_R4_E2_CLIENT_04_status":0}