{"_runtime":52,"_step":8,"_timestamp":1.7565461671324852e+09,"_wandb":{"runtime":52},"evaluate_loss":1.6145866254590593,"train_loss":8.209390067597896,"EXP_082_N6_R4_E5_CLIENT_03_status":0,"evaluate_accuracy":0.40491901619676063}