{"evaluate_accuracy":0.1692169216921692,"evaluate_loss":2.167989812578474,"train_loss":5.586955872371043,"_runtime":24.686027409,"_step":4,"_timestamp":1.7564897750142574e+09,"_wandb":{"runtime":24}}