{"train_loss":9.3469258940391,"_runtime":607.489544459,"_step":3,"_timestamp":1.7541744897856605e+09,"_wandb":{"runtime":607},"evaluate_accuracy":0.1877624475104979,"evaluate_loss":2.0200378444959535}