{"evaluate_loss":2.3301437523714297,"evaluate_accuracy":0.0982,"_timestamp":1.74782818586884e+09,"_runtime":2.8276430120000002,"_step":0,"_wandb":{"runtime":2}}