{"_timestamp":1.7564906425453851e+09,"_wandb":{"runtime":19},"evaluate_accuracy":0.3487348734873487,"evaluate_loss":1.7462962454762951,"train_loss":5.428425672807191,"_runtime":19,"_step":4}