{"_timestamp":1.7541757970883589e+09,"_wandb":{"runtime":13351},"evaluate_accuracy":0.3864,"evaluate_loss":1.6576378918901276,"train_loss":8.08103537292907,"_runtime":13351.248335036,"_step":8}