{"evaluate_loss":1.6855386644601822,"EXP_104_N8_R5_E3_CLIENT_07_status":0,"_wandb":{"runtime":36},"evaluate_accuracy":0.3776,"train_loss":5.023802883306127,"_runtime":36,"_step":10,"_timestamp":1.756573913659618e+09}