{"_timestamp":1.754217840967049e+09,"_runtime":35.403933198,"_step":0,"_wandb":{"runtime":35},"train_loss":9.08959638653472}