{"_step":0,"evaluate_loss":2.3514411335899714,"_wandb":{"runtime":3},"evaluate_accuracy":0.10287942411517696,"_timestamp":1.7477465631835356e+09,"_runtime":2.138744801}