{"_timestamp":1.754220440783781e+09,"_wandb":{"runtime":2200},"evaluate_accuracy":0.2932,"evaluate_loss":1.7741688323926321,"train_loss":11.805562375833432,"_runtime":2200.027974771,"_step":5}