{"train_loss":6.970887630462647,"_runtime":401.08905774,"_step":3,"_timestamp":1.7494621164938323e+09,"_wandb":{"runtime":401},"evaluate_accuracy":0.2248,"evaluate_loss":1.9814498060068506}