{"evaluate_accuracy":0.0896,"evaluate_loss":2.3270145654678345,"EXP_109_N8_R5_E4_CLIENT_02_status":0,"_runtime":71,"_step":3,"_timestamp":1.757148855652557e+09,"train_loss":7.3470221294718945,"_wandb":{"runtime":71}}