{"evaluate_accuracy":0.36262747450509897,"evaluate_loss":1.6861904132933843,"EXP_097_N3_R4_E3_CLIENT_02_status":0,"_step":8,"train_loss":5.243342007950341,"_runtime":60,"_timestamp":1.7565708278610682e+09,"_wandb":{"runtime":60}}