{"evaluate_loss":2.143470840227036,"train_loss":8.757230738369968,"_runtime":892.242726351,"_step":4,"_timestamp":1.7542129979303558e+09,"_wandb":{"runtime":892},"evaluate_accuracy":0.19586082783443312}