{"_wandb":{"runtime":1},"_runtime":1,"evaluate_loss":2.6365547747839067,"evaluate_accuracy":0.09268146370725855,"_timestamp":1.756463343154461e+09,"_step":0}