{"_step":0,"train_loss":6.916916689426779,"_wandb":{"runtime":8},"_runtime":8.73728793,"_timestamp":1.7564896360220647e+09}