{"_runtime":5,"_step":4,"evaluate_accuracy":0.0952,"_timestamp":1.7565508966353128e+09,"_wandb":{"runtime":5},"evaluate_loss":2.3040873646736144,"train_loss":4.608947416779342,"EXP_090_N8_R4_E2_CLIENT_05_status":0}