{"_step":4,"_timestamp":1.7563105316016808e+09,"_wandb":{"runtime":585},"evaluate_accuracy":0.1241751649670066,"evaluate_loss":2.252705263641645,"train_loss":7.267163147196245,"_runtime":585.082574065}