{"train_loss":8.490325720446885,"_runtime":488.124122885,"_step":6,"_timestamp":1.757154486781041e+09,"_wandb":{"runtime":488},"evaluate_accuracy":0.3144,"evaluate_loss":1.7430958569049837}