{"evaluate_loss":1.821034923195839,"train_loss":5.886704922676087,"_runtime":11,"_timestamp":1.756572951068994e+09,"_wandb":{"runtime":11},"evaluate_accuracy":0.309,"EXP_102_N10_R4_E3_CLIENT_07_status":0,"_step":6}