{"_wandb":{"runtime":43},"train_loss":3.822231603622437,"evaluate_loss":2.8470730462651344,"evaluate_accuracy":0.099,"_runtime":43.070183863,"_step":1,"_timestamp":1.7492052248620284e+09}