{"_wandb":{"runtime":3047},"evaluate_accuracy":0.2489502099580084,"evaluate_loss":1.8770890618270295,"train_loss":6.981037819214415,"_runtime":3047.180938666,"_step":6,"_timestamp":1.75458496275883e+09}