{"_timestamp":1.754210947143696e+09,"_wandb":{"runtime":1040},"evaluate_accuracy":0.33263347330533893,"evaluate_loss":1.760101242292495,"train_loss":5.511675633972497,"_runtime":1040.718194086,"_step":5}