{"evaluate_accuracy":0.3512,"evaluate_loss":1.7891704724852446,"train_loss":3.7524124528884886,"_runtime":529.182158299,"_step":4,"_timestamp":1.7541529751005478e+09,"_wandb":{"runtime":529}}