{"_step":11,"_wandb":{"runtime":178},"train_loss":6.555779831804288,"_timestamp":1.7571491160297875e+09,"evaluate_accuracy":0.4264,"evaluate_loss":1.5912308722734452,"EXP_109_N8_R5_E4_CLIENT_03_status":0,"_runtime":178}