{"evaluate_loss":2.307968330383301,"evaluate_accuracy":0.1016,"EXP_106_N8_R5_E4_CLIENT_05_status":0,"_runtime":17,"_step":2,"_timestamp":1.7565746973244467e+09,"_wandb":{"runtime":17},"train_loss":8.154050756411948}