{"_runtime":241.948421437,"_step":2,"_timestamp":1.7542210251574955e+09,"_wandb":{"runtime":241},"evaluate_accuracy":0.1096,"evaluate_loss":2.3405702687516996,"train_loss":12.437045400896773}