{"_step":1,"_wandb":{"runtime":0},"_runtime":0,"EXP_103_N8_R4_E3_CLIENT_08_status":0,"_timestamp":1.7565733513682752e+09,"evaluate_loss":2.362019473314285,"evaluate_accuracy":0.084}