{"evaluate_accuracy":0.24940047961630696,"evaluate_loss":1.906408256954617,"_runtime":0,"_step":1,"_timestamp":1.756491099565673e+09,"_wandb":{"runtime":0}}