{"_runtime":3421.614921168,"_step":5,"_timestamp":1.754586928241791e+09,"_wandb":{"runtime":3421},"evaluate_accuracy":0.35752849430113975,"evaluate_loss":1.7237507689673945,"train_loss":10.026111388320558}