{"_timestamp":1.754219010133196e+09,"_wandb":{"runtime":189},"evaluate_accuracy":0.1088,"evaluate_loss":2.317274537267564,"train_loss":9.128737723865449,"_runtime":189.251059136,"_step":2}