{"_runtime":8419.079362883,"_step":7,"_timestamp":1.754208569044344e+09,"_wandb":{"runtime":8419},"evaluate_accuracy":0.4474,"evaluate_loss":1.5133655974819402,"train_loss":7.789042326259613}