{"evaluate_accuracy":0.3352,"evaluate_loss":1.7957866991622538,"train_loss":6.971031267422076,"_runtime":1209.963844882,"_step":5,"_timestamp":1.7545827767675462e+09,"_wandb":{"runtime":1210}}