{"_timestamp":1.7545853209574635e+09,"_wandb":{"runtime":164},"evaluate_accuracy":0.09718056388722256,"evaluate_loss":2.3129613039628514,"train_loss":7.256884692958668,"_runtime":164.229455645,"_step":2}