{"_step":1,"_timestamp":1.7563087486883974e+09,"_wandb":{"runtime":32},"train_loss":3.933982754496933,"evaluate_loss":2.247124063400995,"evaluate_accuracy":0.15116976604679064,"_runtime":32.585118485}