{"train_loss":4.6080955810546875,"_runtime":208.810946162,"_step":3,"_timestamp":1.749460974922603e+09,"_wandb":{"runtime":208},"evaluate_accuracy":0.0974,"evaluate_loss":2.303361177444458}