{"_runtime":245.2662347,"_step":3,"_timestamp":1.754129655890732e+09,"_wandb":{"runtime":245},"evaluate_accuracy":0.2318,"evaluate_loss":2.1839851687668235,"train_loss":3.623683054161072}