{"_step":0,"train_loss":4.608200152206421,"client_name":"EXP_002_Nunknown_R2_E2_CLIENT_01","partition_id":0,"_timestamp":1.7541493095544457e+09,"_wandb":{"runtime":28},"_runtime":28.960859233}