{"_step":7,"_timestamp":1.7542212259919248e+09,"_wandb":{"runtime":8200},"evaluate_accuracy":0.4144,"evaluate_loss":1.5596637891817697,"train_loss":11.383381679035224,"_runtime":8200.103737387}