{"_step":4,"_timestamp":1.756547100222193e+09,"evaluate_accuracy":0.216,"train_loss":8.104106646434516,"_wandb":{"runtime":11},"evaluate_loss":1.9933319598436356,"EXP_085_N8_R4_E4_CLIENT_03_status":0,"_runtime":11}