{"EXP_081_N6_R4_E4_CLIENT_04_status":0,"_runtime":15,"_step":8,"_timestamp":1.756545828372378e+09,"evaluate_accuracy":0.3623275344931014,"train_loss":7.03490623332667,"_wandb":{"runtime":15},"evaluate_loss":1.717138407365331}