{"_timestamp":1.757172236679033e+09,"_wandb":{"runtime":85},"evaluate_accuracy":0.387,"evaluate_loss":1.634983223582071,"train_loss":8.212613072395325,"_runtime":85,"_step":7}