{"_runtime":268749.921278725,"_step":12,"_timestamp":1.7542214541116838e+09,"_wandb":{"runtime":268749},"evaluate_accuracy":0.4668,"evaluate_loss":1.4780099950259245,"train_loss":10.470060677193224}