{"_runtime":2885.007552955,"_step":5,"_timestamp":1.7542092385333812e+09,"_wandb":{"runtime":2885},"evaluate_accuracy":0.4268,"evaluate_loss":1.5349494754129154,"train_loss":10.854184599018096}