{"partition_id":1,"client_name":"EXP_002_Nunknown_R2_E2_CLIENT_02","evaluate_accuracy":0.1268,"_timestamp":1.7541493289345942e+09,"_runtime":43.878190374,"_step":1,"train_loss":3.9571526676177977,"_wandb":{"runtime":43},"evaluate_loss":2.277420918652966}