{"_runtime":252,"_step":7,"_timestamp":1.7571557275954518e+09,"_wandb":{"runtime":252},"evaluate_accuracy":0.376,"evaluate_loss":1.7179640054702758,"train_loss":8.727103127036125}