{"evaluate_loss":1.7191244628694322,"train_loss":5.235871071338654,"_runtime":15,"_step":3,"_timestamp":1.7571715347008035e+09,"_wandb":{"runtime":15},"evaluate_accuracy":0.3565}