{"_wandb":{"runtime":1787},"evaluate_accuracy":0.40371925614877024,"evaluate_loss":1.5929418983913604,"train_loss":4.820879360182966,"_runtime":1787.953104986,"_step":6,"_timestamp":1.7494653021752322e+09}