{"evaluate_loss":2.4149771451950075,"train_loss":9.588805346731927,"_runtime":313.842683716,"_step":2,"_timestamp":1.7571542418694074e+09,"_wandb":{"runtime":313},"evaluate_accuracy":0.0984}