{"_wandb":{"runtime":11},"evaluate_loss":1.949788546562195,"train_loss":4.032344176511097,"EXP_090_N8_R4_E2_CLIENT_06_status":0,"_step":7,"evaluate_accuracy":0.2384,"_runtime":11,"_timestamp":1.7565509338763883e+09}