{"evaluate_accuracy":0.422,"evaluate_loss":1.5914692923992495,"train_loss":7.9385425337968165,"_runtime":199578.196648812,"_step":12,"_timestamp":1.7542193596798642e+09,"_wandb":{"runtime":199578}}