{"_runtime":29856.196892276,"_step":9,"_timestamp":1.7542131565685596e+09,"_wandb":{"runtime":29856},"evaluate_accuracy":0.43071385722855426,"evaluate_loss":1.5707442476635887,"train_loss":8.019401963952062}