{"_step":44,"_timestamp":1.7479229057477877e+09,"_wandb":{"runtime":4294967317},"evaluate_accuracy":0.1508,"evaluate_loss":2.2696646535472507,"train_loss":3.8484391439437866,"_runtime":4.294967317914292e+09}