{"_runtime":45.641163899,"_step":1,"_timestamp":1.7563109210521188e+09,"_wandb":{"runtime":45},"train_loss":7.719029985326628,"evaluate_loss":2.3020787398020426,"evaluate_accuracy":0.10146955913226033}