{"evaluate_loss":2.346073775921228,"evaluate_accuracy":0.09178164367126575,"train_loss":4.073953361032112,"EXP_079_N6_R4_E2_CLIENT_02_status":0,"_runtime":6,"_step":2,"_timestamp":1.7565450174493036e+09,"_wandb":{"runtime":6}}