{"train_loss":9.049971263879424,"_timestamp":1.7565753071086571e+09,"_wandb":{"runtime":17},"evaluate_loss":1.6838970810174942,"EXP_107_N8_R4_E5_CLIENT_06_status":0,"_runtime":17,"_step":6,"evaluate_accuracy":0.3784}