{"evaluate_loss":2.3077010810375214,"evaluate_accuracy":0.102,"_timestamp":1.7478320727508965e+09,"_wandb":{"runtime":244},"train_loss":4.049780944824219,"_runtime":243.688426488,"_step":1}