{"train_loss":4.62638189274663,"_runtime":225490.07188437,"_step":13,"_timestamp":1.7542174784438555e+09,"_wandb":{"runtime":225490},"evaluate_accuracy":0.48,"evaluate_loss":1.441492792926257}