{"_timestamp":1.7565500596517236e+09,"evaluate_accuracy":0.1584,"evaluate_loss":2.1613714516162874,"train_loss":3.783805289086263,"EXP_088_N8_R4_E2_CLIENT_03_status":0,"_wandb":{"runtime":21},"_runtime":21,"_step":6}