{"_step":0,"_wandb":{"runtime":44},"train_loss":12.415492712499235,"_timestamp":1.7542202471074739e+09,"_runtime":44.045944744}