{"train_loss":9.548569122697138,"EXP_108_N8_R5_E5_CLIENT_02_status":0,"evaluate_loss":2.574292016029358,"evaluate_accuracy":0.092,"_runtime":31,"_step":2,"_timestamp":1.7565757444324045e+09,"_wandb":{"runtime":31}}