{"train_loss":8.365544845501836,"_runtime":3010.226158678,"_step":6,"_timestamp":1.754175722078864e+09,"_wandb":{"runtime":3010},"evaluate_accuracy":0.3492,"evaluate_loss":1.7443126394778867}