{"train_loss":8.360159152632306,"_runtime":174,"_step":5,"_timestamp":1.7571545034581854e+09,"_wandb":{"runtime":174},"evaluate_accuracy":0.3656,"evaluate_loss":1.6790363430976867}