{"_wandb":{"runtime":41263},"evaluate_accuracy":0.4304,"evaluate_loss":1.5730221437502512,"train_loss":6.253065453550686,"_runtime":41263.026660622,"_step":10,"_timestamp":1.7545829511418478e+09}