{"train_loss":8.94690516177547,"evaluate_loss":2.2666440145024715,"evaluate_accuracy":0.11637672465506899,"EXP_082_N6_R4_E5_CLIENT_01_status":0,"_runtime":20,"_step":2,"_timestamp":1.7565460678714714e+09,"_wandb":{"runtime":20}}