{"_wandb":{"runtime":5855},"evaluate_accuracy":0.4024,"evaluate_loss":1.6005771494215462,"train_loss":10.868526490402221,"_runtime":5855.464443426,"_step":6,"_timestamp":1.7542104035225616e+09}