{"evaluate_accuracy":0.4292,"evaluate_loss":1.5710965742038776,"train_loss":9.383724350898792,"_runtime":58784.238295097,"_step":10,"_timestamp":1.754584273753769e+09,"_wandb":{"runtime":58784}}