{"_step":1,"_timestamp":1.749460286058152e+09,"_wandb":{"runtime":42},"train_loss":4.608692529296875,"evaluate_loss":2.3065127096358378,"evaluate_accuracy":0.1266,"_runtime":42.847766423}