{"_timestamp":1.7545862478273094e+09,"_wandb":{"runtime":1597},"evaluate_accuracy":0.14637072585482905,"evaluate_loss":2.2115612119998573,"train_loss":11.475665557327453,"_runtime":1597.9142445,"_step":4}