{"_wandb":{"runtime":214},"client_name":"EXP_002_Nunknown_R2_E2_CLIENT_02","evaluate_accuracy":0.2924,"_timestamp":1.7541493851387696e+09,"_step":3,"partition_id":1,"train_loss":3.737744485664368,"_runtime":214.883877765,"evaluate_loss":1.8562318139774785}