{"_step":8,"evaluate_accuracy":0.2192,"evaluate_loss":1.9779918432235717,"train_loss":3.5422424290590224,"_timestamp":1.7565509540903971e+09,"_wandb":{"runtime":19},"EXP_090_N8_R4_E2_CLIENT_05_status":0,"_runtime":19}