{"_timestamp":1.7565483973102975e+09,"evaluate_loss":2.251829814910889,"evaluate_accuracy":0.1272,"_wandb":{"runtime":7},"train_loss":3.95732900063703,"EXP_087_N8_R4_E2_CLIENT_01_status":0,"_runtime":7,"_step":2}