{"train_loss":12.584770426761619,"_timestamp":1.7542141919237814e+09,"_runtime":54.999569325,"_step":0,"_wandb":{"runtime":54}}