{"_runtime":32.899923694,"_step":3,"_timestamp":1.7564911364657564e+09,"_wandb":{"runtime":32},"evaluate_accuracy":0.29256594724220625,"evaluate_loss":1.916211070837798,"train_loss":5.336804653349377}