{"train_loss":11.758694766240827,"_runtime":154.578211853,"evaluate_accuracy":0.10077984403119376,"evaluate_loss":2.32691350523031,"_step":1,"_timestamp":1.7545860485521636e+09,"_wandb":{"runtime":154}}