{"_runtime":7610.977207131,"_step":8,"_timestamp":1.7542173555799773e+09,"_wandb":{"runtime":7610},"evaluate_accuracy":0.3972,"evaluate_loss":1.6276735459701923,"train_loss":4.815670276983097}