{"evaluate_loss":1.7605749040842056,"train_loss":8.79436844321573,"EXP_091_N8_R4_E5_CLIENT_03_status":0,"_runtime":47,"_step":8,"_timestamp":1.7565513280658383e+09,"_wandb":{"runtime":47},"evaluate_accuracy":0.3408}