{"_step":2,"_timestamp":1.757172134195373e+09,"_wandb":{"runtime":20},"evaluate_accuracy":0.2385,"evaluate_loss":2.037128357660203,"train_loss":8.886468593597412,"_runtime":20}