{"train_loss":10.573689001627242,"_runtime":65836.932308569,"_step":10,"_timestamp":1.7542213681612163e+09,"_wandb":{"runtime":65836},"evaluate_accuracy":0.4352,"evaluate_loss":1.5010350784168969}