{"evaluate_accuracy":0.252,"evaluate_loss":1.8823619931936264,"EXP_110_N8_R5_E4_CLIENT_08_status":0,"_runtime":0,"_step":3,"_timestamp":1.7571496099669259e+09,"_wandb":{"runtime":0}}