{"_wandb":{"runtime":146},"evaluate_accuracy":0.2472,"evaluate_loss":1.9428996592760086,"train_loss":9.080336043029831,"_runtime":146,"_step":5,"_timestamp":1.7571555478424602e+09}