{"train_loss":5.77675435725291,"_step":4,"_wandb":{"runtime":10},"evaluate_accuracy":0.2176,"evaluate_loss":2.0197168320417402,"EXP_104_N8_R5_E3_CLIENT_07_status":0,"_runtime":10,"_timestamp":1.7565737861320393e+09}