{"evaluate_accuracy":0.3942,"evaluate_loss":1.6257493199816175,"train_loss":4.6079445133209225,"_runtime":2398.272738202,"_step":6,"_timestamp":1.7478320532626722e+09,"_wandb":{"runtime":2398}}