{"train_loss":5.816617726233968,"_timestamp":1.7564905866715944e+09,"_wandb":{"runtime":11},"evaluate_accuracy":0.1001100110011001,"evaluate_loss":2.354837392938548,"_runtime":11.741534225,"_step":1}