{"train_loss":9.780351907300492,"_runtime":7567.987297775,"_step":7,"_timestamp":1.7545835588446429e+09,"_wandb":{"runtime":7568},"evaluate_accuracy":0.3708,"evaluate_loss":1.6570098732091203}