{"evaluate_accuracy":0.1204,"_wandb":{"runtime":62},"train_loss":5.614748453330994,"_runtime":62.724667125,"_step":1,"_timestamp":1.7494612413994002e+09,"evaluate_loss":2.6186273462453467}