{"train_loss":9.216136911790148,"_timestamp":1.7541291940870624e+09,"_runtime":30.223026347,"_wandb":{"runtime":30},"_step":0}