{"_runtime":3402.217030181,"_step":6,"_timestamp":1.7541746506124794e+09,"_wandb":{"runtime":3402},"evaluate_accuracy":0.2435512897420516,"evaluate_loss":1.8757174217476036,"train_loss":8.872389374167154}