{"_wandb":{"runtime":290991},"evaluate_accuracy":0.446,"evaluate_loss":1.53857077375243,"train_loss":10.216186478115118,"_runtime":290991.0162556,"_step":12,"_timestamp":1.754179254542153e+09}