{"evaluate_loss":1.6657379098758576,"train_loss":5.1240775743484495,"_runtime":5366.879813409,"_step":7,"_timestamp":1.754130629562755e+09,"_wandb":{"runtime":5366},"evaluate_accuracy":0.383}