{"_runtime":244.084396603,"_step":2,"_timestamp":1.7563110138429673e+09,"_wandb":{"runtime":244},"evaluate_accuracy":0.09377186843946816,"evaluate_loss":2.3049803786807592,"train_loss":7.590945406333028}