{"_timestamp":1.7542190877369304e+09,"_wandb":{"runtime":797},"evaluate_accuracy":0.2324,"evaluate_loss":2.089338922802406,"train_loss":8.752329924616951,"_runtime":797.267713182,"_step":4}