{"_wandb":{"runtime":10},"evaluate_loss":1.7204018771648406,"EXP_100_N8_R4_E3_CLIENT_04_status":0,"_runtime":10,"_step":6,"_timestamp":1.7565720827174668e+09,"evaluate_accuracy":0.3768,"train_loss":6.1324133698348025}