{"evaluate_accuracy":0.231,"evaluate_loss":1.9235000163316727,"train_loss":3.935682456016541,"_runtime":6119.448008729,"_step":11,"_timestamp":1.7478323664304934e+09,"_wandb":{"runtime":6120}}