{"EXP_081_N6_R4_E4_CLIENT_02_status":0,"_runtime":29,"_timestamp":1.756545827694166e+09,"_wandb":{"runtime":29},"evaluate_loss":1.6826437261869323,"_step":9,"evaluate_accuracy":0.40251949610077986,"train_loss":7.627505083973898}