{"evaluate_loss":1.6334471350624449,"train_loss":10.635102367944283,"_runtime":21142.163889689,"_step":8,"_timestamp":1.7542156907492821e+09,"_wandb":{"runtime":21142},"evaluate_accuracy":0.39742051589682065}