{"evaluate_accuracy":0.2693461307738452,"evaluate_loss":1.8498530410370737,"train_loss":9.126457367217142,"_runtime":1697.805578563,"_step":5,"_timestamp":1.7541745960926564e+09,"_wandb":{"runtime":1697}}