{"_wandb":{"runtime":76828},"evaluate_accuracy":0.4476,"evaluate_loss":1.513535071022903,"train_loss":6.250683327642873,"_runtime":76828.086804212,"_step":11,"_timestamp":1.7545829676902375e+09}