{"evaluate_loss":1.590562752098035,"train_loss":10.98606250629425,"_runtime":7098.14016207,"_step":6,"_timestamp":1.754210415962991e+09,"_wandb":{"runtime":7098},"evaluate_accuracy":0.4064}