{"_timestamp":1.7545834076964622e+09,"_wandb":{"runtime":448},"evaluate_accuracy":0.2816,"evaluate_loss":1.9077750112436995,"train_loss":10.84855123297475,"_runtime":448.419510782,"_step":3}