{"train_loss":3.4202121088027955,"_runtime":435.254804351,"_step":4,"_timestamp":1.7492049928389664e+09,"_wandb":{"runtime":435},"evaluate_accuracy":0.3366,"evaluate_loss":1.7167834787611749}