{"_runtime":19,"_timestamp":1.7565728925931606e+09,"evaluate_accuracy":0.105,"evaluate_loss":2.306879825890064,"_step":3,"_wandb":{"runtime":19},"train_loss":5.914972054481506,"EXP_102_N10_R4_E3_CLIENT_04_status":0}