{"_step":3,"_timestamp":1.7494644549326456e+09,"_wandb":{"runtime":242},"evaluate_accuracy":0.21415716856628675,"evaluate_loss":2.144517396745228,"train_loss":5.3315269975639366,"_runtime":242.587951113}