{"_timestamp":1.754174394227986e+09,"_wandb":{"runtime":81},"train_loss":11.521226195057045,"evaluate_loss":2.337171473593082,"evaluate_accuracy":0.08938212357528494,"_runtime":81.606016813,"_step":1}