{"_runtime":818.24588211,"_step":5,"_timestamp":1.7542166955771554e+09,"_wandb":{"runtime":818},"evaluate_accuracy":0.3416,"evaluate_loss":1.7610851299913624,"train_loss":5.472022765360701}