{"evaluate_loss":2.3151670038700103,"train_loss":7.880882128029112,"_runtime":36,"_step":3,"_wandb":{"runtime":36},"EXP_105_N8_R4_E4_CLIENT_02_status":0,"_timestamp":1.756574235817623e+09,"evaluate_accuracy":0.0928}