{"_wandb":{"runtime":40},"train_loss":8.776361033499098,"_timestamp":1.7542134322219872e+09,"_runtime":40.430232828,"_step":0}