{"_runtime":7.582303856,"_step":0,"_wandb":{"runtime":8},"loss":2.0414874621800014,"accuracy":0.22585482903419316,"_timestamp":1.7477399042987125e+09}