{"_step":3,"_timestamp":1.7542102111986353e+09,"_wandb":{"runtime":837},"evaluate_accuracy":0.3884,"evaluate_loss":1.6342075364604878,"train_loss":11.565949172115326,"_runtime":837.786326673}