{"_timestamp":1.7565741779013555e+09,"train_loss":7.950539209280803,"_wandb":{"runtime":26},"_runtime":26,"_step":0,"EXP_105_N8_R4_E4_CLIENT_05_status":0}