{"evaluate_loss":1.6129596595522724,"train_loss":4.86694334833005,"_runtime":6904.338795438,"_step":8,"_timestamp":1.7542173531002762e+09,"_wandb":{"runtime":6904},"evaluate_accuracy":0.4144}