{"_step":2,"train_loss":5.444036682732671,"_timestamp":1.7564888382057257e+09,"_wandb":{"runtime":8},"evaluate_accuracy":0.18001800180018002,"evaluate_loss":2.1914591108049666,"_runtime":8.215323918}