{"evaluate_loss":2.303473800420761,"EXP_084_N8_R4_E3_CLIENT_06_status":0,"_runtime":27,"train_loss":6.910421031295874,"_step":10,"_timestamp":1.7565468502994127e+09,"_wandb":{"runtime":27},"evaluate_accuracy":0.0912}