{"train_loss":8.171958274353807,"_runtime":13192.521001475,"_step":8,"_timestamp":1.7541773306410284e+09,"_wandb":{"runtime":13192},"evaluate_accuracy":0.3628,"evaluate_loss":1.6858151985120169}