{"train_loss":5.758940542579457,"EXP_103_N8_R4_E3_CLIENT_07_status":0,"evaluate_accuracy":0.4008,"evaluate_loss":1.5989003866910934,"_runtime":17,"_step":8,"_timestamp":1.7565734921644413e+09,"_wandb":{"runtime":17}}