{"train_loss":7.397874171507425,"_runtime":764.942912924,"_step":4,"_timestamp":1.756311107980039e+09,"_wandb":{"runtime":764},"evaluate_accuracy":0.21133659902029392,"evaluate_loss":1.9976785845226712}