{"train_loss":5.358259771197749,"_runtime":222.398966487,"_step":3,"_timestamp":1.754217204812154e+09,"_wandb":{"runtime":222},"evaluate_accuracy":0.2456,"evaluate_loss":2.0210645651515526}