{"_wandb":{"runtime":1},"_runtime":1,"_timestamp":1.7565711082500029e+09,"evaluate_loss":2.2144609825520574,"evaluate_accuracy":0.1932,"_step":1,"EXP_098_N4_R4_E3_CLIENT_04_status":0}