{"train_loss":3.5061242757231423,"EXP_079_N6_R4_E2_CLIENT_05_status":0,"_runtime":14,"_step":7,"_timestamp":1.756545116418673e+09,"_wandb":{"runtime":14},"evaluate_loss":1.7897869685910783,"evaluate_accuracy":0.3437312537492502}