{"evaluate_loss":2.1992891959424288,"train_loss":10.75433866943469,"_runtime":416.10279243,"_step":3,"_timestamp":1.754586157873856e+09,"_wandb":{"runtime":416},"evaluate_accuracy":0.14517096580683864}