{"_wandb":{"runtime":15},"train_loss":6.913926393460161,"EXP_098_N4_R4_E3_CLIENT_02_status":0,"evaluate_loss":2.220580864556228,"evaluate_accuracy":0.1776,"_runtime":15,"_step":2,"_timestamp":1.7565711050524626e+09}