{"evaluate_accuracy":0.0952,"evaluate_loss":2.3032999873161315,"EXP_084_N8_R4_E3_CLIENT_07_status":0,"_runtime":9,"_step":4,"train_loss":6.910788068346157,"_timestamp":1.756546794306287e+09,"_wandb":{"runtime":9}}