{"evaluate_loss":1.6293659017199562,"train_loss":10.979786016386475,"_runtime":5015.976661008,"_step":6,"_timestamp":1.754214952363062e+09,"_wandb":{"runtime":5015},"evaluate_accuracy":0.39382123575284944}