{"_runtime":177.214847331,"_step":2,"_timestamp":1.7542183768948362e+09,"_wandb":{"runtime":177},"evaluate_accuracy":0.0944,"evaluate_loss":2.379085282736187,"train_loss":9.473711550426179}