{"_runtime":26.990526533,"_step":0,"train_loss":5.849736396643183,"_wandb":{"runtime":26},"_timestamp":1.7542112146793134e+09}