{"evaluate_loss":2.327441316843033,"train_loss":4.608105073309249,"EXP_090_N8_R4_E2_CLIENT_07_status":0,"_runtime":6,"_step":2,"_timestamp":1.7565508804232278e+09,"_wandb":{"runtime":6},"evaluate_accuracy":0.0952}