{"_wandb":{"runtime":15},"evaluate_accuracy":0.113,"train_loss":5.620772894382477,"evaluate_loss":2.3594705112396723,"_runtime":15.631182033,"_step":1,"_timestamp":1.7571717620328918e+09}