{"train_loss":3.645795130729675,"_timestamp":1.747748273040534e+09,"_wandb":{"runtime":22},"_runtime":22.034782325,"_step":0}