{"evaluate_accuracy":0.3935,"evaluate_loss":1.592737252750094,"train_loss":8.10493153476715,"_runtime":11464.116536111,"_step":7,"_timestamp":1.7541739885958278e+09,"_wandb":{"runtime":11464}}