{"train_loss":3.30472150151964,"_runtime":1194.135484482,"_step":6,"_timestamp":1.7492146187294848e+09,"_wandb":{"runtime":1194},"evaluate_accuracy":0.3770245950809838,"evaluate_loss":1.6523254042580011}