{"_timestamp":1.7571487624548278e+09,"train_loss":7.624978612183006,"_step":0,"EXP_109_N8_R5_E4_CLIENT_04_status":0,"_wandb":{"runtime":17},"_runtime":17}