{"_timestamp":1.7542168053187075e+09,"_wandb":{"runtime":15074},"evaluate_accuracy":0.3756,"evaluate_loss":1.6917638084556483,"train_loss":5.200173785892158,"_runtime":15074.316420429,"_step":9}