{"_runtime":19,"_timestamp":1.7565707120623932e+09,"train_loss":6.911963518860815,"_step":0,"EXP_097_N3_R4_E3_CLIENT_02_status":0,"_wandb":{"runtime":19}}