{"_step":0,"_wandb":{"runtime":0},"_runtime":0,"evaluate_loss":2.3373466059565544,"evaluate_accuracy":0.105,"_timestamp":1.756490099440012e+09}