{"_step":0,"_wandb":{"runtime":38},"train_loss":11.52016364804472,"_timestamp":1.754218943539191e+09,"_runtime":38.270570517}