{"_timestamp":1.7541541008859692e+09,"_wandb":{"runtime":15},"_runtime":15.56599499,"_step":0,"train_loss":4.054505837230256}