{"evaluate_loss":1.824055400348845,"train_loss":3.4365564295999724,"_runtime":334.005067626,"_step":4,"_timestamp":1.7492145688118942e+09,"_wandb":{"runtime":334},"evaluate_accuracy":0.3209358128374325}