{"_step":0,"_wandb":{"runtime":20},"train_loss":8.046961713769582,"_timestamp":1.7563108853992338e+09,"_runtime":20.220973421}