{"_timestamp":1.754221224934381e+09,"_wandb":{"runtime":8370},"evaluate_accuracy":0.4052,"evaluate_loss":1.591071687167204,"train_loss":11.256499769969489,"_runtime":8370.389534593,"_step":7}