{"_step":11,"_timestamp":1.7545842945557652e+09,"_wandb":{"runtime":113890},"evaluate_accuracy":0.452,"evaluate_loss":1.504392761218397,"train_loss":9.34635079935336,"_runtime":113890.399055486}