{"train_loss":8.043611035984792,"evaluate_loss":2.306397259235382,"evaluate_accuracy":0.1008,"EXP_106_N8_R5_E4_CLIENT_01_status":0,"_runtime":19,"_step":2,"_timestamp":1.7565746970372698e+09,"_wandb":{"runtime":19}}