{"_wandb":{"runtime":416},"evaluate_accuracy":0.29154169166166766,"evaluate_loss":1.8674313760939099,"train_loss":8.451673175791184,"_runtime":416.739300283,"_step":3,"_timestamp":1.7542125049949439e+09}