{"EXP_086_N8_R4_E5_CLIENT_03_status":0,"_timestamp":1.7565475361692524e+09,"_runtime":31,"_step":5,"_wandb":{"runtime":31},"evaluate_accuracy":0.2872,"evaluate_loss":1.8790476113557817,"train_loss":8.655202605921751}