{"_runtime":443.538107544,"_step":3,"_timestamp":1.7563110321623676e+09,"_wandb":{"runtime":443},"evaluate_accuracy":0.2323303009097271,"evaluate_loss":2.0117531696955364,"train_loss":7.800888890660675}