{"_timestamp":1.7571714907733986e+09,"_wandb":{"runtime":31},"evaluate_accuracy":0.219,"evaluate_loss":2.083958724188426,"train_loss":5.701277230739594,"_runtime":31,"_step":3}