{"_runtime":113.927909178,"_step":1,"_timestamp":1.7571512681676846e+09,"train_loss":7.444198963748422,"_wandb":{"runtime":113},"evaluate_accuracy":0.0984,"evaluate_loss":2.4357932209968567}