{"evaluate_accuracy":0.3968,"train_loss":8.18715276232191,"EXP_086_N8_R4_E5_CLIENT_03_status":0,"_timestamp":1.7565475996340048e+09,"_wandb":{"runtime":47},"evaluate_loss":1.6158412635326385,"_runtime":47,"_step":10}