{"evaluate_loss":1.6579657350267683,"train_loss":5.003594393638684,"_runtime":3710.431349323,"_step":7,"_timestamp":1.7492155492088842e+09,"_wandb":{"runtime":3710},"evaluate_accuracy":0.3722255548890222}