{"_runtime":192,"_step":5,"_timestamp":1.7571557294071681e+09,"_wandb":{"runtime":192},"evaluate_accuracy":0.3728,"evaluate_loss":1.6946613222360611,"train_loss":8.64841965505272}