{"evaluate_loss":2.379633074353455,"evaluate_accuracy":0.1296,"_runtime":138.9444742,"_step":1,"_timestamp":1.7542090287371936e+09,"_wandb":{"runtime":138},"train_loss":16.127687859344483}