{"evaluate_loss":1.744364747405052,"train_loss":7.022748997257014,"_runtime":150.837789386,"_step":7,"_timestamp":1.7571524417341185e+09,"_wandb":{"runtime":150},"evaluate_accuracy":0.3496}