{"evaluate_accuracy":0.2504,"evaluate_loss":1.9927166911620129,"train_loss":9.453022590079629,"_runtime":1567.97421503,"_step":5,"_timestamp":1.7542180052136219e+09,"_wandb":{"runtime":1568}}