{"_timestamp":1.754129747963746e+09,"_wandb":{"runtime":1848},"evaluate_accuracy":0.3454,"evaluate_loss":1.7081566752901505,"train_loss":3.35402206363678,"_runtime":1848.972331218,"_step":6}