{"_wandb":{"runtime":25},"_runtime":25,"EXP_107_N8_R4_E5_CLIENT_05_status":0,"_timestamp":1.7565751733683884e+09,"train_loss":9.686946781577578,"_step":0}