{"evaluate_loss":2.3132094383239745,"evaluate_accuracy":0.10261026102610261,"_timestamp":1.756489653383589e+09,"_step":0,"_wandb":{"runtime":0},"_runtime":0}