{"_wandb":{"runtime":30},"_runtime":29.95941962,"_step":1249,"loss":1.7108393907546997,"epoch":1,"accuracy":0.375,"_timestamp":1.747742883186282e+09}