{"_runtime":102.486296505,"_step":0,"train_loss":9.216242765924733,"_timestamp":1.7571522069152887e+09,"_wandb":{"runtime":102}}