{"evaluate_accuracy":0.1832633473305339,"evaluate_loss":2.2748198861167546,"train_loss":3.5700199286714733,"_runtime":4.294967313404904e+09,"_step":52,"_timestamp":1.7479231595362835e+09,"_wandb":{"runtime":4294967313}}