{"train_loss":4.00358996376062,"_runtime":49031.070416286,"_step":14,"_timestamp":1.7478329504304183e+09,"_wandb":{"runtime":49031},"evaluate_accuracy":0.096,"evaluate_loss":2.331100617782979}