{"_runtime":54,"_step":8,"_wandb":{"runtime":54},"evaluate_accuracy":0.368,"EXP_107_N8_R4_E5_CLIENT_02_status":0,"_timestamp":1.7565753373194659e+09,"evaluate_loss":1.7083905398845671,"train_loss":8.17494020340549}