{"_runtime":7,"_timestamp":1.7565509714759076e+09,"_wandb":{"runtime":7},"_step":8,"evaluate_accuracy":0.3352,"evaluate_loss":1.7539663851261138,"train_loss":4.101731625332195,"EXP_090_N8_R4_E2_CLIENT_02_status":0}