{"_wandb":{"runtime":2570},"evaluate_accuracy":0.11,"evaluate_loss":2.271915502846241,"train_loss":4.006641139030457,"_runtime":2570.712037265,"_step":4,"_timestamp":1.747832348093566e+09}