{"_timestamp":1.7542161539041598e+09,"_wandb":{"runtime":42},"train_loss":6.912083049932608,"evaluate_accuracy":0.104,"evaluate_loss":2.3104630120192904,"_runtime":42.079983648,"_step":1}