{"EXP_085_N8_R4_E4_CLIENT_05_status":0,"_timestamp":1.7565470578626692e+09,"evaluate_loss":2.290058821439743,"evaluate_accuracy":0.1152,"_step":1,"_wandb":{"runtime":0},"_runtime":0}