{"evaluate_loss":2.4016161769818347,"train_loss":3.5925748640060426,"_runtime":104.173653612,"_step":2,"_timestamp":1.7492035003985686e+09,"_wandb":{"runtime":104},"evaluate_accuracy":0.1134}