{"evaluate_accuracy":0.2208,"evaluate_loss":1.9437320126762874,"train_loss":10.70536221216281,"_runtime":1944.34293017,"_step":5,"_timestamp":1.7545840663507028e+09,"_wandb":{"runtime":1944}}