{"_wandb":{"runtime":8},"evaluate_loss":1.7623745054006577,"train_loss":5.908408618927002,"EXP_102_N10_R4_E3_CLIENT_06_status":0,"_runtime":8,"evaluate_accuracy":0.334,"_step":8,"_timestamp":1.7565729938768995e+09}