{"_timestamp":1.7564830037404366e+09,"_step":0,"train_loss":5.731216835021972,"_wandb":{"runtime":278},"_runtime":278.576093487}