{"evaluate_accuracy":0.0984,"evaluate_loss":2.320542311668396,"train_loss":7.82938971413169,"_runtime":118.058493518,"_step":2,"_timestamp":1.7571522557368932e+09,"_wandb":{"runtime":118}}