{"_wandb":{"runtime":32},"evaluate_accuracy":0.4056,"train_loss":9.076362856634104,"EXP_086_N8_R4_E5_CLIENT_01_status":0,"_step":9,"evaluate_loss":1.640243038535118,"_runtime":32,"_timestamp":1.7565475996624613e+09}