{"_runtime":218.375183892,"_step":3,"_timestamp":1.7492154329939692e+09,"_wandb":{"runtime":218},"evaluate_accuracy":0.17666466706658668,"evaluate_loss":2.181073771204267,"train_loss":5.420336515211659}