{"evaluate_loss":1.8861271897448768,"train_loss":7.394834300961357,"_runtime":1150.182574893,"_step":5,"_timestamp":1.7545822474581325e+09,"_wandb":{"runtime":1150},"evaluate_accuracy":0.2792}