{"_wandb":{"runtime":692},"evaluate_accuracy":0.16376724655068986,"evaluate_loss":2.150621274732194,"train_loss":6.976554043555374,"_runtime":692.246561503,"_step":4,"_timestamp":1.7545854050118313e+09}