{"_timestamp":1.747832072432245e+09,"_wandb":{"runtime":218},"train_loss":4.151089097976684,"evaluate_loss":2.3118093609809875,"evaluate_accuracy":0.1,"_runtime":217.629685936,"_step":1}