{"_runtime":41.090577211,"_step":4,"_timestamp":1.7571715203975077e+09,"_wandb":{"runtime":41},"evaluate_accuracy":0.218,"evaluate_loss":2.056964253622388,"train_loss":5.294832143306732}