{"_runtime":1026.495358417,"_step":5,"_timestamp":1.7492154913640664e+09,"_wandb":{"runtime":1026},"evaluate_accuracy":0.34013197360527897,"evaluate_loss":1.6925348100208102,"train_loss":5.216239715937516}