{"evaluate_accuracy":0.1544,"evaluate_loss":2.1045842049997066,"train_loss":8.508850442715728,"_runtime":802.197076481,"_step":4,"_timestamp":1.7541764931290684e+09,"_wandb":{"runtime":802}}