{"evaluate_loss":2.319049189362345,"evaluate_accuracy":0.0976,"_timestamp":1.754175534540878e+09,"_wandb":{"runtime":72},"train_loss":9.53385297863628,"_runtime":72.122690091,"_step":1}