{"_runtime":103.280876122,"_step":2,"_timestamp":1.7492054299755223e+09,"_wandb":{"runtime":103},"evaluate_accuracy":0.1008,"evaluate_loss":2.3155222819868926,"train_loss":3.469266845703125}