{"_step":0,"EXP_078_N6_R3_E2_CLIENT_03_status":0,"_timestamp":1.7565437892323112e+09,"_wandb":{"runtime":7},"_runtime":7,"train_loss":4.153477751467216}