{"_timestamp":1.7541313719439783e+09,"_wandb":{"runtime":106},"evaluate_accuracy":0.1054,"evaluate_loss":2.3153954994906285,"train_loss":3.628596359062195,"_runtime":106.198087949,"_step":2}