{"_step":6,"_timestamp":1.7545855075419579e+09,"_wandb":{"runtime":4333},"evaluate_accuracy":0.33293341331733656,"evaluate_loss":1.7408720344867346,"train_loss":6.621407109584535,"_runtime":4333.125346996}