{"evaluate_accuracy":0.329,"evaluate_loss":1.82003653049469,"train_loss":7.370283363819122,"_runtime":1053.752403681,"_step":5,"_timestamp":1.756310035633917e+09,"_wandb":{"runtime":1053}}