{"evaluate_loss":1.6147640496492386,"_runtime":58,"evaluate_accuracy":0.404,"train_loss":5.0445313408116625,"EXP_104_N8_R5_E3_CLIENT_03_status":0,"_step":13,"_timestamp":1.7565739299860466e+09,"_wandb":{"runtime":58}}