{"train_loss":8.083184568405152,"_runtime":3925.647262172,"_step":6,"_timestamp":1.7541739507167408e+09,"_wandb":{"runtime":3925},"evaluate_accuracy":0.3605,"evaluate_loss":1.7361917287584334}