{"_runtime":37.179731842,"_step":0,"_wandb":{"runtime":37},"train_loss":11.172495055884218,"_timestamp":1.7545833097016795e+09}