{"_runtime":1463.253640638,"_step":4,"_timestamp":1.7541738329091132e+09,"_wandb":{"runtime":1463},"evaluate_accuracy":0.231,"evaluate_loss":2.020307319504874,"train_loss":8.772910354614257}