{"_step":1,"EXP_083_N8_R4_E2_CLIENT_08_status":0,"_timestamp":1.7565464431277292e+09,"evaluate_loss":2.3474667847156523,"evaluate_accuracy":0.1016,"_wandb":{"runtime":0},"_runtime":0}