{"_step":0,"_wandb":{"runtime":28},"train_loss":7.6873754186630245,"_timestamp":1.7563098822782726e+09,"_runtime":28.140574597}