{"_runtime":1239.92957375,"_step":4,"_timestamp":1.7542155164523408e+09,"_wandb":{"runtime":1239},"evaluate_accuracy":0.241751649670066,"evaluate_loss":1.912632075945536,"train_loss":12.068882540833178}