{"_runtime":8,"_step":3,"_timestamp":1.7564897922819586e+09,"_wandb":{"runtime":8},"evaluate_accuracy":0.3192446043165468,"evaluate_loss":1.8061909164701189,"train_loss":6.913104901210867}