{"_timestamp":1.7571512904716935e+09,"_wandb":{"runtime":115},"evaluate_accuracy":0.1888,"evaluate_loss":2.1386026203632356,"train_loss":7.540331624116108,"_runtime":115,"_step":2}