{"train_loss":3.5147530975387538,"_timestamp":1.747746664291091e+09,"_wandb":{"runtime":18},"_runtime":18.092164459,"_step":0}