{"_wandb":{"runtime":1895},"evaluate_accuracy":0.378,"evaluate_loss":1.6611797417266458,"train_loss":4.953174016346185,"_runtime":1895.115713804,"_step":6,"_timestamp":1.7542173007362866e+09}