{"_step":0,"_wandb":{"runtime":23},"train_loss":5.835619703471232,"_timestamp":1.7542108123049448e+09,"_runtime":23.035488837}