{"evaluate_loss":2.317374156770252,"train_loss":9.16973270472291,"_runtime":199.772954214,"_step":2,"_timestamp":1.7542129238764613e+09,"_wandb":{"runtime":199},"evaluate_accuracy":0.10107978404319136}