{"_runtime":2611.183717082,"_step":6,"_timestamp":1.7545822957933364e+09,"_wandb":{"runtime":2611},"evaluate_accuracy":0.2576,"evaluate_loss":1.9166539273684535,"train_loss":7.100436961308074}