{"_timestamp":1.756547551388095e+09,"evaluate_accuracy":0.3448,"evaluate_loss":1.7193501055240632,"_wandb":{"runtime":32},"train_loss":8.464241939745131,"EXP_086_N8_R4_E5_CLIENT_06_status":0,"_runtime":32,"_step":7}