{"_runtime":0,"_step":3,"_timestamp":1.7565512819785533e+09,"_wandb":{"runtime":0},"evaluate_accuracy":0.2328,"evaluate_loss":2.0447056531906127,"EXP_091_N8_R4_E5_CLIENT_08_status":0}