{"evaluate_accuracy":0.3785242951409718,"evaluate_loss":1.6979224318549746,"train_loss":6.9334939472395165,"_runtime":1432.174159755,"_step":5,"_timestamp":1.7494669663790464e+09,"_wandb":{"runtime":1432}}