{"EXP_080_N6_R4_E3_CLIENT_03_status":0,"_wandb":{"runtime":10},"_runtime":10,"_timestamp":1.7565452938417659e+09,"train_loss":5.714924061127257,"_step":0}