{"evaluate_accuracy":0.15116976604679064,"evaluate_loss":2.1167437553405763,"train_loss":7.333907820623842,"_runtime":270.20925494,"_step":3,"_timestamp":1.7494669017649622e+09,"_wandb":{"runtime":270}}