{"_wandb":{"runtime":75},"evaluate_accuracy":0.09568086382723456,"evaluate_loss":2.3570162432534354,"train_loss":3.7943396225250026,"_runtime":75.445588643,"_step":2,"_timestamp":1.7494630991762528e+09}