{"_timestamp":1.7565738165936785e+09,"train_loss":5.334940338590343,"EXP_104_N8_R5_E3_CLIENT_06_status":0,"_runtime":29,"_step":5,"_wandb":{"runtime":29},"evaluate_accuracy":0.2144,"evaluate_loss":2.030442330241203}