{"train_loss":7.622685856225958,"_runtime":386.356952165,"_step":3,"_timestamp":1.7563104897350545e+09,"_wandb":{"runtime":386},"evaluate_accuracy":0.1205758848230354,"evaluate_loss":2.253918908677011}