{"_runtime":146.139965815,"_step":3,"_timestamp":1.7541545758269901e+09,"_wandb":{"runtime":146},"evaluate_accuracy":0.096,"evaluate_loss":2.336458577050103,"train_loss":3.9426821422576905}