{"_wandb":{"runtime":2330},"evaluate_accuracy":0.39232153569286143,"evaluate_loss":1.6399825107483637,"train_loss":11.86636440731067,"_runtime":2330.250352226,"_step":5,"_timestamp":1.7542144053729572e+09}