{"train_loss":3.528204534265349,"_runtime":90.960045441,"_step":2,"_timestamp":1.7541537659621289e+09,"_wandb":{"runtime":90},"evaluate_accuracy":0.11307738452309538,"evaluate_loss":2.298780786423456}