{"_wandb":{"runtime":23},"_runtime":23.95779078,"_step":0,"train_loss":5.556234921482827,"_timestamp":1.7494643812646666e+09}