{"_timestamp":1.7564910534030237e+09,"_step":0,"_wandb":{"runtime":0},"_runtime":0,"evaluate_loss":2.3758511631577104,"evaluate_accuracy":0.09712230215827339}