{"_runtime":94.367221292,"_step":1,"_timestamp":1.754583911981459e+09,"_wandb":{"runtime":94},"train_loss":13.823543691025757,"evaluate_loss":2.352032085008259,"evaluate_accuracy":0.0972}