{"evaluate_accuracy":0.408,"evaluate_loss":1.5832778573036195,"train_loss":8.230037703635587,"_runtime":178,"_step":8,"_timestamp":1.7571557964642568e+09,"_wandb":{"runtime":178}}