{"EXP_103_N8_R4_E3_CLIENT_08_status":0,"_runtime":16,"train_loss":5.897643302656283,"_step":4,"_timestamp":1.7565734000483334e+09,"_wandb":{"runtime":16},"evaluate_accuracy":0.14,"evaluate_loss":2.3074593603610993}