{"_runtime":342881.204758567,"_step":12,"_timestamp":1.7542158741774528e+09,"_wandb":{"runtime":342881},"evaluate_accuracy":0.4550089982003599,"evaluate_loss":1.4959602145921616,"train_loss":10.222395114046778}