{"_runtime":9,"_step":6,"train_loss":3.5275771623593197,"_timestamp":1.7565451196433918e+09,"_wandb":{"runtime":9},"evaluate_accuracy":0.3479304139172166,"evaluate_loss":1.764699454577464,"EXP_079_N6_R4_E2_CLIENT_04_status":0}