{"_timestamp":1.7542157015767353e+09,"_wandb":{"runtime":21411},"evaluate_accuracy":0.38662267546490703,"evaluate_loss":1.595455414908273,"train_loss":10.92273949476169,"_runtime":21411.964346182,"_step":8}