{"_step":7,"_wandb":{"runtime":30},"evaluate_loss":1.6988513082265857,"_runtime":30,"_timestamp":1.7565475815323207e+09,"evaluate_accuracy":0.34,"train_loss":8.158878028772438,"EXP_086_N8_R4_E5_CLIENT_02_status":0}