{"evaluate_loss":1.5815251838593256,"train_loss":4.969392441159529,"_runtime":4354.369339896,"_step":7,"_timestamp":1.7542119343213983e+09,"_wandb":{"runtime":4354},"evaluate_accuracy":0.42711457708458306}