{"_runtime":28,"_wandb":{"runtime":28},"train_loss":7.627505083973898,"_step":5,"_timestamp":1.756545736466564e+09,"evaluate_accuracy":0.2741451709658068,"evaluate_loss":1.9096541719616584,"EXP_081_N6_R4_E4_CLIENT_02_status":0}