{"EXP_101_N9_R4_E3_CLIENT_08_status":0,"evaluate_loss":1.8751656464168003,"_runtime":9,"_step":6,"_timestamp":1.756572520281233e+09,"_wandb":{"runtime":9},"evaluate_accuracy":0.2886690647482014,"train_loss":5.851250192244276}