{"_wandb":{"runtime":31},"evaluate_accuracy":0.1768,"evaluate_loss":2.1505890488624573,"train_loss":7.676194986719994,"_runtime":31,"_step":2,"_timestamp":1.7571512900035334e+09}