{"evaluate_loss":1.698648351430893,"train_loss":7.632023459786822,"_runtime":125,"_step":6,"_timestamp":1.7571524703870595e+09,"_wandb":{"runtime":125},"evaluate_accuracy":0.3624}