{"_step":0,"train_loss":12.62701988811493,"_timestamp":1.7542094430589855e+09,"_wandb":{"runtime":68},"_runtime":68.410313295}