{"_runtime":986.241759769,"_step":5,"_timestamp":1.756309576345931e+09,"_wandb":{"runtime":986},"evaluate_accuracy":0.3408,"evaluate_loss":1.7063452578798126,"train_loss":6.8854866831447366}