{"train_loss":4.953174016346185,"_runtime":3792.394830944,"_step":7,"_timestamp":1.754217318341945e+09,"_wandb":{"runtime":3792},"evaluate_accuracy":0.4112,"evaluate_loss":1.60160755205758}