{"EXP_109_N8_R5_E4_CLIENT_03_status":0,"_wandb":{"runtime":164},"_runtime":164,"_step":8,"_timestamp":1.7571490686624024e+09,"evaluate_accuracy":0.312,"evaluate_loss":1.8292977333068847,"train_loss":6.77034763697606}