{"evaluate_accuracy":0.098,"evaluate_loss":2.504550351372248,"train_loss":9.14199122300925,"_runtime":185.598997263,"_step":2,"_timestamp":1.7541771228303077e+09,"_wandb":{"runtime":185}}