{"evaluate_loss":2.3058194667100906,"evaluate_accuracy":0.091,"_step":2,"_timestamp":1.756572860937744e+09,"_wandb":{"runtime":13},"train_loss":6.099608624458313,"EXP_102_N10_R4_E3_CLIENT_05_status":0,"_runtime":13}