{"train_loss":7.622242985439301,"_runtime":33775.025279575,"_step":9,"_timestamp":1.7542086594483328e+09,"_wandb":{"runtime":33775},"evaluate_accuracy":0.4682,"evaluate_loss":1.4837842519116249}