{"train_loss":8.205656036401328,"_runtime":22920.292830895,"_step":9,"_timestamp":1.7541773482267606e+09,"_wandb":{"runtime":22920},"evaluate_accuracy":0.3912,"evaluate_loss":1.6403124966198885}