{"evaluate_loss":1.6661555706700193,"train_loss":8.130920447099705,"_runtime":25426.372658459,"_step":9,"_timestamp":1.7541773474937594e+09,"_wandb":{"runtime":25426},"evaluate_accuracy":0.3884}