{"_step":2,"_timestamp":1.7494644343357623e+09,"_wandb":{"runtime":119},"evaluate_accuracy":0.10287942411517696,"evaluate_loss":2.3211917718251547,"train_loss":5.314220368433341,"_runtime":119.934669732}