{"evaluate_loss":2.4293463548024494,"train_loss":5.4176719811894625,"_runtime":137.117917246,"_step":2,"_timestamp":1.7542112700004783e+09,"_wandb":{"runtime":137},"evaluate_accuracy":0.10437912417516496}