{"evaluate_loss":1.692172131448422,"_wandb":{"runtime":10},"evaluate_accuracy":0.3809238152369526,"train_loss":3.784606919904645,"EXP_079_N6_R4_E2_CLIENT_06_status":0,"_runtime":10,"_step":8,"_timestamp":1.7565451373934839e+09}