{"_timestamp":1.7494610112394435e+09,"_wandb":{"runtime":435},"evaluate_accuracy":0.0974,"evaluate_loss":2.303361177444458,"train_loss":4.608107730865479,"_runtime":435.111050602,"_step":4}