{"_runtime":13,"EXP_103_N8_R4_E3_CLIENT_02_status":0,"_timestamp":1.7565733259124331e+09,"train_loss":6.140363232345338,"_step":0,"_wandb":{"runtime":13}}