{"evaluate_accuracy":0.1106,"evaluate_loss":2.313457894477115,"train_loss":6.872916886901855,"_runtime":195.048335672,"_step":2,"_timestamp":1.749462587120237e+09,"_wandb":{"runtime":195}}