{"train_loss":6.390047720146179,"_runtime":3430.165142382,"_step":6,"_timestamp":1.7494627310315187e+09,"_wandb":{"runtime":3430},"evaluate_accuracy":0.3996,"evaluate_loss":1.6249981374497626}