{"_timestamp":1.7542118569204595e+09,"_wandb":{"runtime":537},"evaluate_accuracy":0.22345530893821236,"evaluate_loss":1.9834533396221343,"train_loss":5.174473260804046,"_runtime":537.979613837,"_step":4}