{"_runtime":46,"_step":3,"_timestamp":1.7571724588281288e+09,"_wandb":{"runtime":46},"evaluate_accuracy":0.231,"evaluate_loss":1.9464218540797158,"train_loss":8.652284638404847}