{"EXP_083_N8_R4_E2_CLIENT_02_status":0,"_timestamp":1.7565464232683797e+09,"train_loss":4.08354817985729,"_step":0,"_wandb":{"runtime":5},"_runtime":5}