{"_runtime":21,"_timestamp":1.756575168234667e+09,"train_loss":9.400495941471902,"_step":0,"EXP_107_N8_R4_E5_CLIENT_01_status":0,"_wandb":{"runtime":21}}