{"EXP_101_N9_R4_E3_CLIENT_02_status":0,"_runtime":9,"_step":2,"_timestamp":1.7565724365008316e+09,"_wandb":{"runtime":9},"train_loss":5.928805780925339,"evaluate_loss":2.3074290003095355,"evaluate_accuracy":0.10431654676258993}