{"_step":2,"_timestamp":1.7541788421152027e+09,"_wandb":{"runtime":266},"evaluate_accuracy":0.098,"evaluate_loss":2.5547840233090557,"train_loss":12.141483872081524,"_runtime":266.987981616}