{"_timestamp":1.749205396097955e+09,"_wandb":{"runtime":42},"train_loss":3.708967646217346,"evaluate_loss":2.31164681987398,"evaluate_accuracy":0.112,"_runtime":42.900283387,"_step":1}