{"_timestamp":1.7565743543146062e+09,"_wandb":{"runtime":76},"evaluate_accuracy":0.412,"evaluate_loss":1.643730741739273,"train_loss":6.697581218306426,"EXP_105_N8_R4_E4_CLIENT_01_status":0,"_runtime":76,"_step":11}