{"evaluate_loss":2.2115612119998573,"train_loss":11.429457133466547,"_runtime":761.729984801,"_step":3,"_timestamp":1.7545861575795326e+09,"_wandb":{"runtime":761},"evaluate_accuracy":0.14637072585482905}