{"evaluate_accuracy":0.3089382123575285,"evaluate_loss":1.8513028303782144,"_runtime":3,"_step":2,"_timestamp":1.756463452325388e+09,"_wandb":{"runtime":3}}