{"_timestamp":1.7492154919511604e+09,"_wandb":{"runtime":916},"evaluate_accuracy":0.3290341931613677,"evaluate_loss":1.730874134245373,"train_loss":5.181514683959009,"_runtime":916.566065128,"_step":5}