{"_timestamp":1.7478329001620762e+09,"_wandb":{"runtime":12253},"evaluate_accuracy":0.231,"evaluate_loss":1.923500016331673,"train_loss":4.111009308705315,"_runtime":12253.076303713,"_step":12}