{"_wandb":{"runtime":9},"evaluate_accuracy":0.09598080383923216,"train_loss":3.784606919904645,"evaluate_loss":2.3233632591535462,"EXP_079_N6_R4_E2_CLIENT_06_status":0,"_runtime":9,"_step":2,"_timestamp":1.7565450427777157e+09}