{"_wandb":{"runtime":0},"_runtime":0,"_step":1,"EXP_088_N8_R4_E2_CLIENT_06_status":0,"_timestamp":1.7565499986000292e+09,"evaluate_loss":2.3084299206733703,"evaluate_accuracy":0.096}