{"_timestamp":1.7458607479389122e+09,"_runtime":33.63471815,"_step":1874,"loss":1.438072681427002,"epoch":2,"accuracy":0.46875,"_wandb":{"runtime":34}}