{"evaluate_loss":2.161131889956772,"train_loss":3.4711878633499147,"_runtime":456.275227974,"_step":4,"_timestamp":1.754129689840065e+09,"_wandb":{"runtime":456},"evaluate_accuracy":0.2338}