{"_wandb":{"runtime":0},"_runtime":0,"EXP_108_N8_R5_E5_CLIENT_07_status":0,"_timestamp":1.7565757452339654e+09,"evaluate_loss":2.5639919221401213,"evaluate_accuracy":0.1136,"_step":1}