{"_step":5,"_timestamp":1.7542162633375156e+09,"_wandb":{"runtime":990},"evaluate_accuracy":0.2928,"evaluate_loss":1.9596571650686143,"train_loss":5.237273210153793,"_runtime":990.261540828}