{"evaluate_loss":1.8496596633263354,"EXP_080_N6_R4_E3_CLIENT_06_status":0,"_runtime":1,"_step":3,"_timestamp":1.756545356236875e+09,"_wandb":{"runtime":1},"evaluate_accuracy":0.29214157168566285}