{"train_loss":4.608501561825796,"evaluate_loss":2.2587221577053977,"evaluate_accuracy":0.15326934613077384,"EXP_092_N3_R3_E2_CLIENT_02_status":0,"_runtime":16,"_step":2,"_timestamp":1.7565681360020518e+09,"_wandb":{"runtime":16}}