{"_step":4,"_timestamp":1.7565475081455688e+09,"_wandb":{"runtime":16},"evaluate_loss":1.920304998755455,"evaluate_accuracy":0.248,"train_loss":9.225655059905568,"EXP_086_N8_R4_E5_CLIENT_05_status":0,"_runtime":16}