{"_step":6,"_timestamp":1.7565468098868742e+09,"_wandb":{"runtime":9},"evaluate_loss":2.3031580686569213,"train_loss":6.910788068346157,"EXP_084_N8_R4_E3_CLIENT_07_status":0,"evaluate_accuracy":0.1032,"_runtime":9}