{"evaluate_loss":2.0123865806831502,"train_loss":9.215559612050582,"_runtime":1313.893441084,"_step":4,"_timestamp":1.7541745794664674e+09,"_wandb":{"runtime":1313},"evaluate_accuracy":0.19196160767846432}