{"evaluate_loss":2.3293514432786386,"evaluate_accuracy":0.104,"_runtime":57.984480648,"_step":1,"_timestamp":1.7545821250538638e+09,"_wandb":{"runtime":58},"train_loss":7.53380939602471}