{"_wandb":{"runtime":14},"evaluate_loss":2.3655337303403825,"evaluate_accuracy":0.108,"train_loss":6.917991930961609,"_runtime":14,"_step":1,"_timestamp":1.7571717303291266e+09}