{"_timestamp":1.756547186519995e+09,"_wandb":{"runtime":1},"evaluate_accuracy":0.3656,"evaluate_loss":1.6950365096330642,"EXP_085_N8_R4_E4_CLIENT_06_status":0,"_runtime":1,"_step":7}