{"_runtime":110,"_step":9,"_timestamp":1.757172613694331e+09,"_wandb":{"runtime":110},"evaluate_accuracy":0.44,"evaluate_loss":1.544623403322129,"train_loss":7.704115510940552}