{"_step":0,"_wandb":{"runtime":276},"_runtime":276.393753801,"train_loss":6.03816837629826,"_timestamp":1.756483860810643e+09}