{"train_loss":7.174327662795972,"evaluate_accuracy":0.324,"EXP_105_N8_R4_E4_CLIENT_08_status":0,"_runtime":43,"_step":7,"_timestamp":1.7565743019995384e+09,"_wandb":{"runtime":43},"evaluate_loss":1.7909301400184632}