{"_timestamp":1.74792305614601e+09,"_wandb":{"runtime":4294967311},"evaluate_accuracy":0.3336,"evaluate_loss":1.774993146301075,"train_loss":3.874860200664694,"_runtime":4.294967311947902e+09,"_step":48}