{"_timestamp":1.747833676505109e+09,"_wandb":{"runtime":336918104},"evaluate_accuracy":0.32003599280143974,"evaluate_loss":1.7506984574454172,"train_loss":3.5052741417210167,"_runtime":3.369181043665058e+08,"_step":21}