{"_timestamp":1.7565759677870295e+09,"_wandb":{"runtime":101},"evaluate_accuracy":0.4208,"evaluate_loss":1.63091481924057,"_runtime":101,"train_loss":8.298364838217474,"EXP_108_N8_R5_E5_CLIENT_03_status":0,"_step":13}