{"_timestamp":1.7492048900622487e+09,"_runtime":20.422532751,"_step":0,"_wandb":{"runtime":20},"train_loss":3.7574602241516115}