{"evaluate_loss":1.7587587208974929,"train_loss":8.188830888271331,"_runtime":4193.005395623,"_step":6,"_timestamp":1.7541739544543836e+09,"_wandb":{"runtime":4193},"evaluate_accuracy":0.3385}