{"evaluate_loss":1.5878022637548326,"train_loss":10.570450973015623,"_runtime":18170.253412134,"_step":8,"_timestamp":1.7541790875985522e+09,"_wandb":{"runtime":18170},"evaluate_accuracy":0.428}