{"_wandb":{"runtime":20},"_timestamp":1.7494602693556519e+09,"_runtime":20.266956917,"_step":0,"train_loss":3.973265057182312}