{"evaluate_accuracy":0.4427114577084583,"evaluate_loss":1.5587421745624181,"train_loss":6.454280084970465,"_runtime":34638.192885321,"_step":9,"_timestamp":1.7545856113852642e+09,"_wandb":{"runtime":34638}}