{"_timestamp":1.754216563695817e+09,"_runtime":18.257596784,"_step":0,"_wandb":{"runtime":18},"train_loss":5.916617988016658}