{"_runtime":171.282352959,"_step":2,"_timestamp":1.7494668832580044e+09,"_wandb":{"runtime":171},"evaluate_accuracy":0.09928014397120576,"evaluate_loss":2.6742876166389102,"train_loss":7.124822259235153}