{"_runtime":280.232373732,"_step":3,"_timestamp":1.749216324506819e+09,"_wandb":{"runtime":280},"evaluate_accuracy":0.1838632273545291,"evaluate_loss":2.050411459377834,"train_loss":7.232685256347382}