{"_wandb":{"runtime":27},"train_loss":7.566171542631922,"_timestamp":1.7492158083759406e+09,"_runtime":27.933679628,"_step":0}