{"_runtime":100.187573091,"evaluate_loss":2.3396851593935035,"evaluate_accuracy":0.0952,"_step":1,"_timestamp":1.7542209701988995e+09,"_wandb":{"runtime":100},"train_loss":12.798798083116452}