{"_runtime":1,"_step":1,"EXP_097_N3_R4_E3_CLIENT_03_status":0,"_timestamp":1.756570732830991e+09,"evaluate_loss":2.2874843733651296,"evaluate_accuracy":0.11367726454709058,"_wandb":{"runtime":1}}