{"_timestamp":1.7542114039204419e+09,"_wandb":{"runtime":4248},"evaluate_accuracy":0.3749250149970006,"evaluate_loss":1.646841946102324,"train_loss":5.05819306527968,"_runtime":4248.190879858,"_step":7}