{"_runtime":787.428768095,"_step":4,"_timestamp":1.7545848135779028e+09,"_wandb":{"runtime":787},"evaluate_accuracy":0.20935812837432513,"evaluate_loss":2.0835996911210835,"train_loss":7.320480165869426}