{"evaluate_accuracy":0.18255395683453238,"evaluate_loss":2.2202012607029507,"train_loss":6.193401286927916,"_runtime":8,"_step":2,"_timestamp":1.756488815697679e+09,"_wandb":{"runtime":8}}