{"train_loss":16.127873754882813,"_timestamp":1.7542100745319488e+09,"_runtime":81.029944585,"_step":0,"_wandb":{"runtime":81}}