{"_step":7,"_wandb":{"runtime":35},"train_loss":7.2052137616333685,"_runtime":35,"_timestamp":1.7565748130741007e+09,"evaluate_accuracy":0.3584,"evaluate_loss":1.722087013721466,"EXP_106_N8_R5_E4_CLIENT_03_status":0}