{"_timestamp":1.7541513815909574e+09,"evaluate_accuracy":0.355,"evaluate_loss":1.716649552059781,"_wandb":{"runtime":893},"train_loss":4.770639682102203,"partition_id":0,"client_name":"EXP_004_N2_R4_E3_CLIENT_01","_step":4,"_runtime":893.177858911}