{"_runtime":18,"_timestamp":1.756546751737731e+09,"_wandb":{"runtime":18},"EXP_084_N8_R4_E3_CLIENT_01_status":0,"_step":3,"evaluate_accuracy":0.084,"evaluate_loss":2.393078225851059,"train_loss":6.913539488604115}