{"evaluate_accuracy":0.4096,"evaluate_loss":1.5930593436277365,"train_loss":7.900768768292266,"_runtime":207449.126742216,"_step":12,"_timestamp":1.7542193628443315e+09,"_wandb":{"runtime":207449}}