{"_timestamp":1.7564893188381984e+09,"_wandb":{"runtime":23},"evaluate_accuracy":0.2888,"evaluate_loss":1.8629738241434097,"train_loss":5.794249613573597,"_runtime":23,"_step":4}