{"evaluate_loss":2.5115673899650575,"evaluate_accuracy":0.0888,"_runtime":37,"_step":1,"_timestamp":1.7571553712690506e+09,"_wandb":{"runtime":37},"train_loss":9.246000717399983}