{"_wandb":{"runtime":3},"evaluate_loss":1.8750031914029803,"evaluate_accuracy":0.2927414517096581,"_timestamp":1.74774662603641e+09,"_runtime":2.342178014,"_step":0}