{"EXP_102_N10_R4_E3_CLIENT_07_status":0,"_runtime":22,"_step":7,"_timestamp":1.7565729759945312e+09,"evaluate_accuracy":0.309,"_wandb":{"runtime":22},"evaluate_loss":1.821034923195839,"train_loss":5.32328392124176}