{"_step":3,"_timestamp":1.756490624394288e+09,"_wandb":{"runtime":19},"evaluate_accuracy":0.24972497249724973,"evaluate_loss":1.92410827916244,"train_loss":5.428425672807191,"_runtime":19.685785969}