{"train_loss":8.089637766977784,"_runtime":225,"_step":7,"_timestamp":1.757155794373719e+09,"_wandb":{"runtime":225},"evaluate_accuracy":0.4048,"evaluate_loss":1.5859372645616532}