{"_runtime":7225.01533571,"evaluate_loss":1.5028995078080778,"train_loss":4.600110951137543,"partition_id":0,"_wandb":{"runtime":7225},"_timestamp":1.75415146412296e+09,"client_name":"EXP_004_N2_R4_E3_CLIENT_01","evaluate_accuracy":0.4644,"_step":7}