{"_wandb":{"runtime":55},"evaluate_accuracy":0.1016,"evaluate_loss":2.6242235720157625,"train_loss":9.246591830709178,"EXP_108_N8_R5_E5_CLIENT_03_status":0,"_timestamp":1.7565757850860226e+09,"_runtime":55,"_step":3}