{"_runtime":20.287619941,"_step":0,"train_loss":3.914930393600464,"client_name":"EXP_001_Nunknown_R2_E2_CLIENT_02","partition_id":1,"_timestamp":1.7541485308899732e+09,"_wandb":{"runtime":20}}