{"EXP_101_N9_R4_E3_CLIENT_01_status":0,"_wandb":{"runtime":16},"train_loss":5.987671602544167,"_runtime":16,"_step":3,"_timestamp":1.75657246257207e+09,"evaluate_accuracy":0.08992805755395683,"evaluate_loss":2.310726751599993}