{"_wandb":{"runtime":106},"evaluate_accuracy":0.1814,"evaluate_loss":2.218375906063493,"train_loss":3.7893825218200683,"_runtime":106.099976703,"_step":2,"_timestamp":1.7541293886986802e+09}