{"evaluate_accuracy":0.10077984403119376,"_step":1,"EXP_078_N6_R3_E2_CLIENT_06_status":0,"_timestamp":1.7565438116521063e+09,"_wandb":{"runtime":0},"_runtime":0,"evaluate_loss":2.3162187855198697}