{"evaluate_loss":2.379435569617399,"evaluate_accuracy":0.1096,"_runtime":101.313624755,"_step":1,"_timestamp":1.7542073449001408e+09,"_wandb":{"runtime":101},"train_loss":8.79800947933197}