{"_step":0,"_wandb":{"runtime":16},"train_loss":3.897880630241595,"_timestamp":1.747745307676947e+09,"_runtime":16.008980425}