{"evaluate_accuracy":0.10636808957312806,"_step":1,"_timestamp":1.7563109221941519e+09,"_wandb":{"runtime":41},"train_loss":8.046961713769582,"_runtime":41.626477592,"evaluate_loss":2.306001149283515}