{"_runtime":154.327581992,"_step":3,"_timestamp":1.754153785519129e+09,"_wandb":{"runtime":154},"evaluate_accuracy":0.3158368326334733,"evaluate_loss":1.785055238859994,"train_loss":3.456009148693771}