{"_timestamp":1.7492149422584805e+09,"evaluate_loss":2.3810622919173468,"evaluate_accuracy":0.10077984403119376,"_wandb":{"runtime":44},"train_loss":5.700029703924696,"_runtime":44.245105141,"_step":1}