{"_wandb":{"runtime":161},"evaluate_accuracy":0.4072,"evaluate_loss":1.6359031200408936,"_step":10,"train_loss":6.758195829239621,"EXP_109_N8_R5_E4_CLIENT_04_status":0,"_runtime":161,"_timestamp":1.757149086306039e+09}