{"evaluate_loss":1.7003723699835283,"train_loss":6.856836217660874,"_runtime":1080.046027247,"_step":5,"_timestamp":1.7563095763313608e+09,"_wandb":{"runtime":1080},"evaluate_accuracy":0.3488}