{"train_loss":8.02116888461353,"_runtime":29016.338803842,"_step":9,"_timestamp":1.7542131580644348e+09,"_wandb":{"runtime":29016},"evaluate_accuracy":0.4334133173365327,"evaluate_loss":1.5398342359633672}