{"evaluate_loss":2.068918216796148,"train_loss":7.469136704921723,"_runtime":284.180516693,"_step":3,"_timestamp":1.7563099687120543e+09,"_wandb":{"runtime":284},"evaluate_accuracy":0.2105}