{"_step":2,"_timestamp":1.7565733816269584e+09,"_wandb":{"runtime":16},"evaluate_accuracy":0.084,"train_loss":5.897643302656283,"evaluate_loss":2.362019473314285,"EXP_103_N8_R4_E3_CLIENT_08_status":0,"_runtime":16}