{"evaluate_accuracy":0.1,"train_loss":10.03212001597046,"EXP_086_N8_R4_E5_CLIENT_04_status":0,"_runtime":15,"_step":2,"_timestamp":1.7565474587565248e+09,"_wandb":{"runtime":15},"evaluate_loss":2.361515301465988}