{"_timestamp":1.7563087240837445e+09,"_runtime":15.377249248,"_step":0,"_wandb":{"runtime":15},"train_loss":3.9339827544969332}