{"train_loss":13.113893646782579,"_timestamp":1.7541787600381699e+09,"_runtime":53.012693909,"_step":0,"_wandb":{"runtime":53}}