{"_runtime":9,"_wandb":{"runtime":9},"_step":4,"_timestamp":1.7565467706926897e+09,"evaluate_accuracy":0.0976,"evaluate_loss":2.302261143922806,"train_loss":6.91157129767594,"EXP_084_N8_R4_E3_CLIENT_08_status":0}