{"train_loss":5.053832330006204,"EXP_097_N3_R4_E3_CLIENT_01_status":0,"_runtime":78,"_step":11,"evaluate_accuracy":0.3734253149370126,"_timestamp":1.7565708780699024e+09,"_wandb":{"runtime":78},"evaluate_loss":1.6838590383529664}