{"_wandb":{"runtime":3},"evaluate_accuracy":0.392,"_timestamp":1.7477470761156547e+09,"_runtime":2.768437767,"_step":0,"evaluate_loss":1.6658766975828037}