{"evaluate_loss":1.8504281623022898,"train_loss":5.586955872371043,"_runtime":24,"_step":5,"_timestamp":1.7564897913411005e+09,"_wandb":{"runtime":24},"evaluate_accuracy":0.31233123312331235}