{"evaluate_accuracy":0.38662267546490703,"evaluate_loss":1.663568417231242,"train_loss":5.174473260804046,"_runtime":1076.733239777,"_step":5,"_timestamp":1.754211876061538e+09,"_wandb":{"runtime":1076}}