{"_timestamp":1.7565475491994324e+09,"evaluate_accuracy":0.3504,"evaluate_loss":1.7364394456148147,"EXP_086_N8_R4_E5_CLIENT_07_status":0,"_step":6,"_wandb":{"runtime":14},"train_loss":8.53945325286525,"_runtime":14}