{"_step":5,"_timestamp":1.7492163889605372e+09,"_wandb":{"runtime":1174},"evaluate_accuracy":0.38182363527294544,"evaluate_loss":1.655573884646098,"train_loss":6.790233283305912,"_runtime":1174.201368194}