{"_step":9,"_wandb":{"runtime":154},"evaluate_loss":1.5628642171621323,"_runtime":154,"_timestamp":1.7571498247480643e+09,"evaluate_accuracy":0.424,"train_loss":6.546471799255177,"EXP_110_N8_R5_E4_CLIENT_08_status":0}