{"evaluate_loss":2.3178159466272668,"train_loss":13.0061969460009,"_runtime":230.17866256,"_step":2,"_timestamp":1.7542198179898586e+09,"_wandb":{"runtime":230},"evaluate_accuracy":0.0916}