{"_runtime":16447.321365034,"_step":8,"_timestamp":1.7542212863941586e+09,"_wandb":{"runtime":16447},"evaluate_accuracy":0.4144,"evaluate_loss":1.5596637891817695,"train_loss":10.893853140334352}