{"train_loss":7.740591614109696,"_runtime":26,"_step":3,"_wandb":{"runtime":26},"evaluate_accuracy":0.0984,"EXP_085_N8_R4_E4_CLIENT_02_status":0,"_timestamp":1.756547085553048e+09,"evaluate_loss":2.305805283784866}