{"_runtime":26.140838615,"_step":0,"_wandb":{"runtime":26},"train_loss":7.715378750454295,"_timestamp":1.7563103704629693e+09}