{"evaluate_loss":1.5856470823287965,"train_loss":8.545663243646075,"_runtime":186,"_step":6,"_timestamp":1.75715579514169e+09,"_wandb":{"runtime":186},"evaluate_accuracy":0.4072}