{"evaluate_loss":1.9410388350486756,"train_loss":3.780733018923717,"_runtime":5,"_step":4,"_timestamp":1.7565464796958408e+09,"_wandb":{"runtime":5},"evaluate_accuracy":0.2448,"EXP_083_N8_R4_E2_CLIENT_05_status":0}