{"evaluate_accuracy":0.294,"evaluate_loss":1.786777965630157,"train_loss":12.114149226929053,"_runtime":2264.380737816,"_step":5,"_timestamp":1.7542204426743286e+09,"_wandb":{"runtime":2264}}