{"_wandb":{"runtime":27286},"evaluate_accuracy":0.4361127774445111,"evaluate_loss":1.5440733750661215,"train_loss":8.017693007020927,"_runtime":27286.373368439,"_step":9,"_timestamp":1.7542131586044624e+09}