{"evaluate_loss":2.2135947227478026,"_runtime":10.604483798,"_step":2,"_timestamp":1.756488841476361e+09,"_wandb":{"runtime":10},"evaluate_accuracy":0.1672661870503597,"train_loss":5.386096865153141}