{"evaluate_accuracy":0.3536,"evaluate_loss":1.7019552037685732,"train_loss":10.234469077076774,"_runtime":1880.405593459,"_step":5,"_timestamp":1.7545834820701823e+09,"_wandb":{"runtime":1880}}