{"EXP_106_N8_R5_E4_CLIENT_02_status":0,"_timestamp":1.756574843059195e+09,"_runtime":71,"_step":9,"_wandb":{"runtime":71},"evaluate_accuracy":0.3904,"evaluate_loss":1.734745329618454,"train_loss":6.753150182924453}