{"_wandb":{"runtime":375},"train_loss":6.397775892998762,"_runtime":375,"_step":12,"_timestamp":1.75714990402338e+09,"evaluate_accuracy":0.4088,"evaluate_loss":1.6009431153535842,"EXP_110_N8_R5_E4_CLIENT_03_status":0}