{"_timestamp":1.7541303894663522e+09,"_runtime":33.12660855,"_step":0,"_wandb":{"runtime":33},"train_loss":5.843431038284302}