{"evaluate_accuracy":0.09,"_runtime":12,"_step":1,"_timestamp":1.756490094285737e+09,"_wandb":{"runtime":12},"train_loss":5.993786973953247,"evaluate_loss":2.3349193334579468}