{"evaluate_loss":1.6401238577275337,"train_loss":8.10256347031639,"_runtime":12077.13001462,"_step":8,"_timestamp":1.754175791157156e+09,"_wandb":{"runtime":12077},"evaluate_accuracy":0.3964}