{"train_loss":6.919084934234619,"_runtime":9,"_step":2,"_timestamp":1.7564901397412045e+09,"_wandb":{"runtime":9},"evaluate_accuracy":0.217,"evaluate_loss":2.002419665455818}