{"train_loss":7.068055562912279,"_step":6,"_timestamp":1.7571496527142649e+09,"evaluate_accuracy":0.2544,"evaluate_loss":1.9085994988679889,"EXP_110_N8_R5_E4_CLIENT_01_status":0,"_runtime":190,"_wandb":{"runtime":190}}