{"_step":4,"_timestamp":1.756482486164837e+09,"_wandb":{"runtime":57},"evaluate_accuracy":0.142,"evaluate_loss":2.2682261874404133,"train_loss":5.3750738625328385,"_runtime":57.427748535}