{"evaluate_loss":2.652653062419527,"train_loss":3.481579754257202,"_runtime":104.15005214,"_step":2,"_timestamp":1.7541523057785368e+09,"_wandb":{"runtime":104},"evaluate_accuracy":0.0986}