{"_runtime":22,"_step":9,"_timestamp":1.7565729939493752e+09,"_wandb":{"runtime":22},"evaluate_accuracy":0.346,"evaluate_loss":1.737945705652237,"EXP_102_N10_R4_E3_CLIENT_07_status":0,"train_loss":5.32328392124176}