{"_wandb":{"runtime":14},"train_loss":6.010547857057481,"evaluate_accuracy":0.10431654676258993,"evaluate_loss":2.375656101438734,"_runtime":14,"_step":1,"_timestamp":1.7564910475687888e+09}