{"evaluate_loss":1.578219367208935,"train_loss":10.810938532403904,"_runtime":40246.631043694,"_step":9,"_timestamp":1.7542150689659264e+09,"_wandb":{"runtime":40246},"evaluate_accuracy":0.41781643671265745}