{"_runtime":165.644736899,"_step":1,"_timestamp":1.7542100922426097e+09,"evaluate_loss":2.311491998137942,"evaluate_accuracy":0.1096,"_wandb":{"runtime":165},"train_loss":16.127873754882813}