{"_runtime":119.967158406,"_step":2,"_timestamp":1.7542108702707062e+09,"_wandb":{"runtime":119},"evaluate_accuracy":0.1214757048590282,"evaluate_loss":2.3034333796728226,"train_loss":5.689946752372119}