{"train_loss":8.740599780082702,"_timestamp":1.7571724432428753e+09,"_wandb":{"runtime":21},"evaluate_accuracy":0.1055,"evaluate_loss":2.4511573163289873,"_runtime":21.832408475,"_step":1}