{"evaluate_accuracy":0.0976,"evaluate_loss":2.3044850647449495,"train_loss":6.91180813540319,"EXP_084_N8_R4_E3_CLIENT_04_status":0,"_runtime":20,"_step":9,"_timestamp":1.7565468479769886e+09,"_wandb":{"runtime":20}}