{"evaluate_loss":2.269513454618333,"train_loss":9.14199122300925,"_runtime":372.015660871,"_step":3,"_timestamp":1.7541771387707994e+09,"_wandb":{"runtime":372},"evaluate_accuracy":0.1808}