{"EXP_085_N8_R4_E4_CLIENT_03_status":0,"_runtime":11,"_step":6,"_timestamp":1.7565471428802478e+09,"_wandb":{"runtime":11},"evaluate_accuracy":0.3344,"evaluate_loss":1.7641665488481522,"train_loss":8.104106646434516}