{"_timestamp":1.7542165656043417e+09,"_runtime":18.312972491,"_wandb":{"runtime":18},"_step":0,"train_loss":5.896159319831921}