{"_wandb":{"runtime":9},"evaluate_accuracy":0.109,"evaluate_loss":2.3290178030729294,"_runtime":9.010529759,"_step":1,"_timestamp":1.7564901229790065e+09,"train_loss":5.845536262512207}