{"evaluate_accuracy":0.184,"evaluate_loss":2.1424262285232545,"train_loss":6.827382578211985,"_runtime":126.789910906,"_step":3,"_timestamp":1.757151408726131e+09,"_wandb":{"runtime":126}}