{"_wandb":{"runtime":16},"evaluate_accuracy":0.2952,"evaluate_loss":1.7607491075992585,"train_loss":9.47400486013692,"EXP_091_N8_R4_E5_CLIENT_06_status":0,"_runtime":16,"_step":6,"_timestamp":1.756551326107576e+09}