{"_runtime":195.145565425,"_step":2,"_timestamp":1.7541729986169121e+09,"_wandb":{"runtime":195},"evaluate_accuracy":0.0972,"evaluate_loss":2.532210582419286,"train_loss":8.866842550591539}