{"_runtime":18848.239339143,"_step":9,"_timestamp":1.7542119950853002e+09,"_wandb":{"runtime":18848},"evaluate_accuracy":0.4328134373125375,"evaluate_loss":1.5587056443804785,"train_loss":4.747251775910814}