{"evaluate_accuracy":0.12,"evaluate_loss":2.348113012313843,"train_loss":5.794249613573597,"_runtime":22.311804456,"_step":2,"_timestamp":1.7564892636784213e+09,"_wandb":{"runtime":22}}