{"_runtime":47.236660801,"_step":0,"_wandb":{"runtime":47},"train_loss":16.12657722192831,"_timestamp":1.754219740123743e+09}