{"_step":6,"_timestamp":1.7571557283247354e+09,"_wandb":{"runtime":219},"evaluate_accuracy":0.3416,"evaluate_loss":1.7347428441047668,"train_loss":8.612714841866948,"_runtime":219}