{"_timestamp":1.7563103822164285e+09,"_wandb":{"runtime":38},"_runtime":38.597442485,"_step":0,"train_loss":8.167943616803184}