{"_wandb":{"runtime":236},"evaluate_accuracy":0.08008398320335933,"evaluate_loss":2.553647250220889,"train_loss":5.4867486422010465,"_runtime":236.251029324,"_step":3,"_timestamp":1.7492149971348474e+09}