{"evaluate_loss":2.30528153950655,"train_loss":3.7974485147494477,"_runtime":196143.037527112,"_step":16,"_timestamp":1.7478329969664702e+09,"_wandb":{"runtime":196143},"evaluate_accuracy":0.1228}