{"evaluate_accuracy":0.3004,"evaluate_loss":1.806253783310516,"train_loss":5.311804071402016,"_runtime":62,"_step":5,"_timestamp":1.7564825030370507e+09,"_wandb":{"runtime":62}}