{"train_loss":11.783093314992184,"_timestamp":1.7545859960671718e+09,"_runtime":40.958144946,"_step":0,"_wandb":{"runtime":40}}