{"_wandb":{"runtime":4982},"evaluate_accuracy":0.222,"evaluate_loss":1.982726577669382,"train_loss":3.994432992935181,"_runtime":4981.924885641,"_step":5,"_timestamp":1.7478323665428581e+09}