{"_step":0,"_wandb":{"runtime":18},"train_loss":3.9347143627756793,"_timestamp":1.747746544891414e+09,"_runtime":18.042518154}