{"evaluate_accuracy":0.2778,"train_loss":3.57724142036438,"_wandb":{"runtime":241},"partition_id":0,"_runtime":241.658275902,"evaluate_loss":1.8151138861467884,"_step":3,"_timestamp":1.754150502635041e+09,"client_name":"EXP_002_N2_R4_E2_CLIENT_01"}