{"EXP_091_N8_R4_E5_CLIENT_04_status":0,"_runtime":16,"_step":2,"_timestamp":1.7565512325915606e+09,"_wandb":{"runtime":16},"train_loss":11.515443730506169,"evaluate_loss":2.3589919924736025,"evaluate_accuracy":0.1032}