{"train_loss":8.202231299677056,"_runtime":875.308710761,"_step":4,"_timestamp":1.7541724230891678e+09,"_wandb":{"runtime":875},"evaluate_accuracy":0.17156568686262746,"evaluate_loss":2.18451459521339}