{"train_loss":8.545663243646075,"_runtime":186.862223584,"_step":4,"_timestamp":1.7571557126688201e+09,"_wandb":{"runtime":186},"evaluate_accuracy":0.2624,"evaluate_loss":1.8832784831523897}