{"_step":4,"_timestamp":1.7565464788872483e+09,"evaluate_accuracy":0.2504,"train_loss":4.042752401084657,"EXP_083_N8_R4_E2_CLIENT_03_status":0,"_wandb":{"runtime":5},"evaluate_loss":1.9448512345552444,"_runtime":5}