{"evaluate_accuracy":0.36172765446910615,"evaluate_loss":1.7522094249725342,"train_loss":7.0519039910375785,"_runtime":9343.962573075,"_step":7,"_timestamp":1.7545850035802658e+09,"_wandb":{"runtime":9344}}