{"train_loss":5.468788153828142,"_runtime":221.986168856,"_step":3,"_timestamp":1.7542172045981746e+09,"_wandb":{"runtime":222},"evaluate_accuracy":0.2452,"evaluate_loss":2.026071124438998}