{"_step":1,"_timestamp":1.7541779791450412e+09,"_wandb":{"runtime":95},"train_loss":16.12933699696209,"evaluate_loss":2.3155600043791758,"evaluate_accuracy":0.1092,"_runtime":95.878333823}