{"_wandb":{"runtime":28},"evaluate_loss":1.612534660100937,"train_loss":5.386438616521799,"EXP_100_N8_R4_E3_CLIENT_01_status":0,"evaluate_accuracy":0.4128,"_runtime":28,"_step":10,"_timestamp":1.7565721226478171e+09}