{"train_loss":7.511133688270666,"EXP_110_N8_R5_E4_CLIENT_04_status":0,"evaluate_loss":2.3120776891708372,"evaluate_accuracy":0.1008,"_runtime":79,"_step":2,"_timestamp":1.7571494820910554e+09,"_wandb":{"runtime":79}}