{"_runtime":20,"_timestamp":1.756573880004172e+09,"_wandb":{"runtime":20},"evaluate_loss":1.6855386644601822,"train_loss":5.212291947595633,"_step":9,"evaluate_accuracy":0.3776,"EXP_104_N8_R5_E3_CLIENT_07_status":0}