{"_wandb":{"runtime":166},"evaluate_accuracy":0.17306538692261547,"evaluate_loss":2.0681494599296935,"train_loss":3.677998298935467,"_runtime":166.51397679,"_step":3,"_timestamp":1.7492141129879603e+09}