{"_timestamp":1.747745848308359e+09,"_runtime":2.271722178,"_step":0,"_wandb":{"runtime":3},"evaluate_loss":2.2766573451814196,"evaluate_accuracy":0.13917216556688664}