{"evaluate_loss":2.2715784513725423,"evaluate_accuracy":0.13257348530293941,"_wandb":{"runtime":0},"_runtime":0,"_step":1,"EXP_082_N6_R4_E5_CLIENT_06_status":0,"_timestamp":1.7565460708928475e+09}