{"_wandb":{"runtime":29},"_timestamp":1.7494615908197243e+09,"_runtime":29.097134241,"_step":0,"train_loss":5.5477641017913815}