{"_runtime":20.043070477,"_step":0,"_wandb":{"runtime":20},"train_loss":3.955432396316528,"_timestamp":1.7494606593937426e+09}