{"_step":3,"_timestamp":1.754173757094144e+09,"_wandb":{"runtime":688},"evaluate_accuracy":0.2305,"evaluate_loss":1.99756529974559,"train_loss":9.041419957637787,"_runtime":688.105619428}