{"_runtime":59.680731507,"_step":3,"_timestamp":1.7571523332144701e+09,"_wandb":{"runtime":59},"evaluate_accuracy":0.1712,"evaluate_loss":2.103860628604889,"train_loss":7.539378700742296}