{"evaluate_loss":2.369744481919687,"evaluate_accuracy":0.0936,"train_loss":13.25772386960709,"_runtime":104.729776466,"_step":1,"_timestamp":1.754220275532851e+09,"_wandb":{"runtime":104}}