{"evaluate_loss":1.6456471264362336,"EXP_104_N8_R5_E3_CLIENT_05_status":0,"_timestamp":1.7565739144442585e+09,"evaluate_accuracy":0.3944,"train_loss":5.008997200400966,"_runtime":40,"_step":10,"_wandb":{"runtime":40}}