{"train_loss":3.447816349220276,"_runtime":103.136986449,"_step":2,"_timestamp":1.7492054298649447e+09,"_wandb":{"runtime":103},"evaluate_accuracy":0.112,"evaluate_loss":2.31164681987398}