{"_timestamp":1.747832049216999e+09,"_runtime":121.27588624,"_step":0,"train_loss":4.049780944824219,"_wandb":{"runtime":121}}