{"_runtime":2,"_step":1,"_timestamp":1.757171490959863e+09,"_wandb":{"runtime":2},"evaluate_accuracy":0.2125,"evaluate_loss":2.071625410564362}