{"evaluate_accuracy":0.09928014397120576,"_wandb":{"runtime":90},"train_loss":8.800565821661365,"_runtime":90.809181724,"_step":1,"_timestamp":1.7542134539241157e+09,"evaluate_loss":2.3176417396182107}