{"evaluate_loss":2.2985956192016603,"evaluate_accuracy":0.0944,"_step":1,"EXP_085_N8_R4_E4_CLIENT_08_status":0,"_timestamp":1.756547058974697e+09,"_wandb":{"runtime":0},"_runtime":0}