{"_timestamp":1.754214875676679e+09,"_wandb":{"runtime":2478},"evaluate_accuracy":0.39382123575284944,"evaluate_loss":1.6293659017199562,"train_loss":11.824773385942123,"_runtime":2478.508742871,"_step":5}