{"_step":17,"_timestamp":1.747833018553694e+09,"_wandb":{"runtime":4986002},"evaluate_accuracy":0.2144,"evaluate_loss":1.9398073214518874,"train_loss":3.863727288124279,"_runtime":4.986002011937642e+06}