{"_runtime":8,"_step":2,"_timestamp":1.756543805569172e+09,"evaluate_loss":2.314735138191367,"evaluate_accuracy":0.09598080383923216,"_wandb":{"runtime":8},"train_loss":4.609429113032145,"EXP_078_N6_R3_E2_CLIENT_01_status":0}