{"_timestamp":1.7477470194946654e+09,"_runtime":2.6530561219999997,"_step":0,"_wandb":{"runtime":4},"evaluate_loss":2.3468663312826945,"evaluate_accuracy":0.1482}