{"evaluate_loss":1.8586176543296136,"train_loss":8.417588429709975,"_runtime":3173.074208602,"_step":6,"_timestamp":1.7542185240181038e+09,"_wandb":{"runtime":3173},"evaluate_accuracy":0.286}