{"train_loss":8.158966314261127,"EXP_109_N8_R5_E4_CLIENT_03_status":0,"_runtime":14,"_step":2,"_timestamp":1.7571487902628546e+09,"evaluate_loss":2.328071826696396,"evaluate_accuracy":0.088,"_wandb":{"runtime":14}}