{"_step":20,"_timestamp":1.747833091746598e+09,"_wandb":{"runtime":3138373},"evaluate_accuracy":0.3324,"evaluate_loss":1.7780323375629474,"train_loss":3.492163434957925,"_runtime":3.138373950959169e+06}