{"train_loss":6.163978156290557,"evaluate_loss":2.354730195012586,"evaluate_accuracy":0.1021978021978022,"_runtime":9,"_step":1,"_timestamp":1.7564905552786663e+09,"_wandb":{"runtime":9}}