{"_timestamp":1.7494631489749103e+09,"_wandb":{"runtime":385},"evaluate_accuracy":0.21205758848230355,"evaluate_loss":2.1832751796359107,"train_loss":3.555476268132528,"_runtime":385.212153801,"_step":4}