{"_timestamp":1.7542086417299454e+09,"_wandb":{"runtime":19278},"evaluate_accuracy":0.4496,"evaluate_loss":1.5296900044580934,"train_loss":7.68721261844635,"_runtime":19278.038223767,"_step":8}