{"_wandb":{"runtime":898},"evaluate_accuracy":0.3316,"evaluate_loss":1.7919908169728176,"train_loss":3.640144699096679,"_runtime":898.822478001,"_step":5,"_timestamp":1.7541294618586793e+09}