{"_wandb":{"runtime":8},"evaluate_accuracy":0.3546354635463546,"evaluate_loss":1.7063053233282908,"train_loss":5.590367634519398,"_timestamp":1.7565725611156201e+09,"EXP_101_N9_R4_E3_CLIENT_06_status":0,"_runtime":8,"_step":8}