{"evaluate_loss":2.3014055788517,"evaluate_accuracy":0.1,"_step":1,"EXP_102_N10_R4_E3_CLIENT_08_status":0,"_timestamp":1.7565728651268377e+09,"_wandb":{"runtime":0},"_runtime":0}