{"_timestamp":1.7494613426764996e+09,"_wandb":{"runtime":612},"evaluate_accuracy":0.3426,"evaluate_loss":1.845209958447013,"train_loss":4.889784427261352,"_runtime":612.95814009,"_step":4}