{"evaluate_loss":1.527601187742209,"train_loss":10.649662997204656,"_runtime":16291.130028775,"_step":8,"_timestamp":1.754179085754743e+09,"_wandb":{"runtime":16291},"evaluate_accuracy":0.4468}