{"_timestamp":1.7477470023069074e+09,"_runtime":21.901733951,"_step":0,"_wandb":{"runtime":21},"train_loss":3.8086181161880495}