{"train_loss":5.539991260432511,"_runtime":26,"_step":5,"_timestamp":1.7564888547608228e+09,"_wandb":{"runtime":26},"evaluate_accuracy":0.31744604316546765,"evaluate_loss":1.7853690658296857}