{"train_loss":7.353694694872481,"_runtime":176.266462231,"_step":2,"_timestamp":1.7563139370178049e+09,"_wandb":{"runtime":176},"evaluate_accuracy":0.0968,"evaluate_loss":2.3243968516965454}