{"_wandb":{"runtime":103},"evaluate_accuracy":0.097,"evaluate_loss":2.3034542502870985,"train_loss":4.6080955810546875,"_runtime":103.079900608,"_step":2,"_timestamp":1.749460958844881e+09}