{"_runtime":77.166366104,"_step":0,"_wandb":{"runtime":77},"train_loss":11.886411215700031,"_timestamp":1.7545860321068263e+09}