{"_wandb":{"runtime":20},"train_loss":6.911974450650687,"_timestamp":1.7542161351352682e+09,"_runtime":20.923345555,"_step":0}