{"evaluate_accuracy":0.1268,"evaluate_loss":2.275594613220118,"train_loss":5.5921124387472965,"_runtime":41,"_step":3,"_timestamp":1.756482451648666e+09,"_wandb":{"runtime":41}}