{"_step":1,"_timestamp":1.7541787745838726e+09,"_wandb":{"runtime":96},"train_loss":13.046461816412954,"evaluate_loss":2.5421549881560894,"evaluate_accuracy":0.1016,"_runtime":95.991698833}