{"evaluate_loss":2.3418655514717104,"evaluate_accuracy":0.096,"_runtime":16,"_step":2,"_timestamp":1.7565733461024814e+09,"_wandb":{"runtime":16},"train_loss":5.8744966839529145,"EXP_103_N8_R4_E3_CLIENT_04_status":0}