{"_step":2,"_timestamp":1.7563087864775038e+09,"_wandb":{"runtime":79},"evaluate_accuracy":0.15116976604679064,"evaluate_loss":2.247124063400995,"train_loss":3.7047934043321677,"_runtime":79.850566178}