{"_runtime":216.775038452,"_step":8,"_timestamp":1.7571524543990932e+09,"_wandb":{"runtime":216},"evaluate_accuracy":0.3376,"evaluate_loss":1.773142042756081,"train_loss":6.9242830648543725}