{"_step":2,"_timestamp":1.754583974330852e+09,"_wandb":{"runtime":231},"evaluate_accuracy":0.0864,"evaluate_loss":2.360083531729783,"train_loss":11.700356206954858,"_runtime":231.192779616}