{"evaluate_accuracy":0.2416,"EXP_090_N8_R4_E2_CLIENT_02_status":0,"evaluate_loss":1.973773929476738,"train_loss":4.101731625332195,"_runtime":7,"_step":6,"_timestamp":1.7565509323093975e+09,"_wandb":{"runtime":7}}