{"_timestamp":1.7565733281323702e+09,"train_loss":5.977070072653946,"_wandb":{"runtime":15},"_runtime":15,"_step":0,"EXP_103_N8_R4_E3_CLIENT_03_status":0}