{"_runtime":24,"_step":3,"_timestamp":1.7571717804307084e+09,"_wandb":{"runtime":24},"evaluate_accuracy":0.224,"evaluate_loss":2.002948009778583,"train_loss":5.502570635318756}