{"_step":4,"_timestamp":1.7542179767665415e+09,"_wandb":{"runtime":705},"evaluate_accuracy":0.1956,"evaluate_loss":2.1398448446128944,"train_loss":9.437201502985848,"_runtime":705.156204804}