{"_runtime":0,"_step":1,"_timestamp":1.7564888172581785e+09,"_wandb":{"runtime":0},"evaluate_accuracy":0.1672661870503597,"evaluate_loss":2.2135947227478026}