{"evaluate_accuracy":0.312,"evaluate_loss":1.8152204767058167,"train_loss":11.698644651772495,"_runtime":2260.384517403,"_step":5,"_timestamp":1.7542211397816906e+09,"_wandb":{"runtime":2260}}