{"_wandb":{"runtime":15},"train_loss":3.536629559896547,"_timestamp":1.7477466648950963e+09,"_runtime":15.772869969,"_step":0}