{"evaluate_accuracy":0.2105,"evaluate_loss":2.068918216796148,"train_loss":7.294770370483398,"_runtime":600.243790149,"_step":4,"_timestamp":1.7563100178834934e+09,"_wandb":{"runtime":600}}