{"_timestamp":1.7477453818063126e+09,"_runtime":2.253624603,"_wandb":{"runtime":3},"_step":0,"evaluate_loss":1.8601288239161173,"evaluate_accuracy":0.2918416316736653}