{"train_loss":7.328173129182113,"_runtime":1046.091276122,"_step":5,"_timestamp":1.7563105638749065e+09,"_wandb":{"runtime":1046},"evaluate_accuracy":0.3251349730053989,"evaluate_loss":1.7688007399720966}