{"_timestamp":1.7542146939331696e+09,"_wandb":{"runtime":122},"train_loss":13.007469222985868,"evaluate_loss":2.358932222638811,"evaluate_accuracy":0.09928014397120576,"_runtime":122.371655217,"_step":1}