{"evaluate_accuracy":0.3296,"evaluate_loss":1.7450200617313385,"EXP_108_N8_R5_E5_CLIENT_07_status":0,"_runtime":0,"_step":5,"_timestamp":1.7565758528338606e+09,"_wandb":{"runtime":0}}