{"train_loss":9.942525106630507,"_wandb":{"runtime":166},"_runtime":166.15253313,"_timestamp":1.7571540600367203e+09,"_step":0}