{"evaluate_loss":2.411279587229346,"evaluate_accuracy":0.109,"_step":1,"_timestamp":1.7492034664047735e+09,"_wandb":{"runtime":43},"train_loss":3.8580336839675904,"_runtime":43.041161563}