{"_wandb":{"runtime":7526},"evaluate_accuracy":0.4468,"evaluate_loss":1.5016545298733288,"train_loss":10.85882362809044,"_runtime":7526.153903421,"_step":7,"_timestamp":1.7541790220559816e+09}