{"_step":3,"_timestamp":1.7565747413355088e+09,"evaluate_accuracy":0.1008,"EXP_106_N8_R5_E4_CLIENT_01_status":0,"_wandb":{"runtime":46},"evaluate_loss":2.306397259235382,"train_loss":7.570055427824616,"_runtime":46}