{"_runtime":32.249280613,"_wandb":{"runtime":32},"_step":0,"train_loss":11.519413136064816,"_timestamp":1.7542189383254125e+09}