{"evaluate_loss":1.705606044477718,"train_loss":3.324602716255188,"_runtime":567.026515288,"_step":4,"_timestamp":1.74783061844727e+09,"_wandb":{"runtime":567},"evaluate_accuracy":0.3572}