{"_timestamp":1.756491082736377e+09,"_wandb":{"runtime":14},"evaluate_accuracy":0.09112709832134291,"evaluate_loss":2.4094451091907643,"_runtime":14.303196664,"train_loss":5.752942797115871,"_step":1}