{"EXP_108_N8_R5_E5_CLIENT_05_status":0,"_timestamp":1.7565757156468961e+09,"train_loss":9.364338926448944,"_step":0,"_wandb":{"runtime":18},"_runtime":18}