{"_runtime":21,"_step":6,"_timestamp":1.7565748514606786e+09,"_wandb":{"runtime":21},"evaluate_accuracy":0.3624,"train_loss":6.709130233260477,"evaluate_loss":1.719830146431923,"EXP_106_N8_R5_E4_CLIENT_08_status":0}