{"_wandb":{"runtime":20},"partition_id":1,"_timestamp":1.7541493020237231e+09,"_runtime":20.193418985,"_step":0,"train_loss":3.9571526676177977,"client_name":"EXP_002_Nunknown_R2_E2_CLIENT_02"}