{"_runtime":46980.863887038,"_step":9,"_timestamp":1.754210555132875e+09,"_wandb":{"runtime":46980},"evaluate_accuracy":0.4052,"evaluate_loss":1.58156828743637,"train_loss":10.722269689750672}