{"evaluate_accuracy":0.128,"evaluate_loss":2.282690858084058,"train_loss":7.431533947467804,"_runtime":145.094200647,"_step":2,"_timestamp":1.7563099505455656e+09,"_wandb":{"runtime":145}}