{"_timestamp":1.7565738329390135e+09,"evaluate_accuracy":0.3256,"evaluate_loss":1.7803268909454346,"train_loss":5.810608740824803,"_step":7,"_wandb":{"runtime":31},"EXP_104_N8_R5_E3_CLIENT_03_status":0,"_runtime":31}