{"_runtime":73.973745483,"_step":2,"_timestamp":1.7492140919715505e+09,"_wandb":{"runtime":73},"evaluate_accuracy":0.10617876424715056,"evaluate_loss":2.322385551815941,"train_loss":3.799641214686332}