{"_wandb":{"runtime":27},"_runtime":27,"EXP_109_N8_R5_E4_CLIENT_05_status":0,"_timestamp":1.7571487730691776e+09,"train_loss":7.739457496412241,"_step":0}