{"_runtime":193.892664673,"_step":3,"_timestamp":1.7542166412238681e+09,"_wandb":{"runtime":193},"evaluate_accuracy":0.1908,"evaluate_loss":2.048417442961584,"train_loss":5.74060395959848}