{"_step":3,"_timestamp":1.7494616738326561e+09,"_wandb":{"runtime":298},"evaluate_accuracy":0.1978,"evaluate_loss":2.0383309664999603,"train_loss":5.208354481506348,"_runtime":298.777397594}