{"_step":2,"client_name":"EXP_002_N2_R4_E2_CLIENT_01","train_loss":3.57724142036438,"_wandb":{"runtime":119},"evaluate_loss":2.41334787903318,"partition_id":0,"_runtime":119.998980599,"evaluate_accuracy":0.1032,"_timestamp":1.7541504846045892e+09}