{"_step":5,"_timestamp":1.7565684424276671e+09,"_wandb":{"runtime":43},"evaluate_accuracy":0.28644271145770844,"evaluate_loss":1.853608733131772,"train_loss":5.306453805175616,"EXP_093_N3_R3_E3_CLIENT_02_status":0,"_runtime":43}