{"train_loss":4.813506272697449,"_runtime":5232.856214873,"_step":7,"_timestamp":1.754206918857449e+09,"_wandb":{"runtime":5232},"evaluate_accuracy":0.4118,"evaluate_loss":1.5849869995360162}