{"train_loss":7.730522906951356,"_runtime":206.949812326,"_step":2,"_timestamp":1.7563104694636278e+09,"_wandb":{"runtime":206},"evaluate_accuracy":0.10977804439112178,"evaluate_loss":2.362906240067392}