{"_wandb":{"runtime":594},"evaluate_accuracy":0.23035392921415718,"evaluate_loss":1.9839446737652733,"train_loss":12.459877437538951,"_runtime":594.232383215,"_step":3,"_timestamp":1.754214789854645e+09}