{"evaluate_accuracy":0.1532,"evaluate_loss":2.2746954296208637,"train_loss":10.415854492507423,"_runtime":993.08491009,"_step":4,"_timestamp":1.754584048704863e+09,"_wandb":{"runtime":993}}