{"_wandb":{"runtime":0},"_runtime":0,"_step":1,"EXP_104_N8_R5_E3_CLIENT_06_status":0,"_timestamp":1.756573738738463e+09,"evaluate_loss":2.299767237901688,"evaluate_accuracy":0.0944}