{"_timestamp":1.7564900956493666e+09,"_wandb":{"runtime":10},"train_loss":6.159583413124085,"_runtime":10,"evaluate_loss":2.33444694429636,"evaluate_accuracy":0.1,"_step":1}