{"evaluate_accuracy":0.1416,"evaluate_loss":2.2499444092376324,"train_loss":5.5075264201758385,"_runtime":39,"_step":3,"_timestamp":1.7564824520809202e+09,"_wandb":{"runtime":39}}