{"_runtime":1227.045976408,"_step":5,"_timestamp":1.7494613662882013e+09,"_wandb":{"runtime":1227},"evaluate_accuracy":0.4136,"evaluate_loss":1.5928689431233012,"train_loss":4.889784427261352}