{"_wandb":{"runtime":108},"evaluate_accuracy":0.1136,"evaluate_loss":2.3672744149615053,"train_loss":3.6278820091247557,"_runtime":108.178583289,"_step":2,"_timestamp":1.754129634432906e+09}