{"evaluate_loss":1.4977484588410444,"train_loss":7.68721261844635,"_runtime":38560.048109941,"_step":9,"_timestamp":1.7542086604827633e+09,"_wandb":{"runtime":38560},"evaluate_accuracy":0.4706}