{"EXP_104_N8_R5_E3_CLIENT_03_status":0,"_step":5,"_timestamp":1.756573787202119e+09,"_wandb":{"runtime":31},"evaluate_accuracy":0.2032,"evaluate_loss":2.000149518251419,"_runtime":31,"train_loss":5.810608740824803}