{"_runtime":23,"_step":2,"_timestamp":1.7571487888746476e+09,"_wandb":{"runtime":23},"train_loss":7.722138191484342,"evaluate_loss":2.3142339527606963,"evaluate_accuracy":0.0992,"EXP_109_N8_R5_E4_CLIENT_06_status":0}