{"EXP_084_N8_R4_E3_CLIENT_04_status":0,"_timestamp":1.7565467059339867e+09,"train_loss":5.943427842134123,"_step":0,"_wandb":{"runtime":9},"_runtime":9}