{"evaluate_accuracy":0.4462,"evaluate_loss":1.5482709643187795,"train_loss":6.390047720146179,"_runtime":6862.863874508,"_step":7,"_timestamp":1.7494627477962575e+09,"_wandb":{"runtime":6862}}