{"evaluate_loss":1.8937564480979487,"train_loss":9.11016976491116,"_runtime":2621.684134109,"_step":5,"_timestamp":1.754174594308747e+09,"_wandb":{"runtime":2621},"evaluate_accuracy":0.27474505098980206}