{"_timestamp":1.7565720021512563e+09,"evaluate_loss":2.2978462755680082,"evaluate_accuracy":0.1072,"_step":1,"_wandb":{"runtime":0},"_runtime":0,"EXP_100_N8_R4_E3_CLIENT_05_status":0}