{"evaluate_loss":1.7897869685910783,"EXP_079_N6_R4_E2_CLIENT_05_status":0,"_runtime":8,"_wandb":{"runtime":8},"evaluate_accuracy":0.3437312537492502,"train_loss":3.776834425173308,"_step":6,"_timestamp":1.7565450945456054e+09}