{"evaluate_loss":1.6173057510594653,"train_loss":11.032928491592408,"_runtime":6964.992257813,"_step":6,"_timestamp":1.754209780679318e+09,"_wandb":{"runtime":6964},"evaluate_accuracy":0.397}