{"evaluate_loss":1.6032819092273711,"train_loss":7.962106152704567,"_runtime":76,"_timestamp":1.7565753645666912e+09,"EXP_107_N8_R4_E5_CLIENT_03_status":0,"_step":10,"_wandb":{"runtime":76},"evaluate_accuracy":0.3944}