{"_timestamp":1.7563105632043645e+09,"_wandb":{"runtime":1704},"evaluate_accuracy":0.32273545290941813,"evaluate_loss":1.7828526451902569,"train_loss":7.30112563879296,"_runtime":1703.976226681,"_step":5}