{"_runtime":13,"_step":0,"EXP_085_N8_R4_E4_CLIENT_02_status":0,"_timestamp":1.7565470398282435e+09,"train_loss":8.076549876267743,"_wandb":{"runtime":13}}