{"_timestamp":1.7565711080907884e+09,"evaluate_loss":2.2189844016787372,"_wandb":{"runtime":1},"_runtime":1,"evaluate_accuracy":0.1816,"_step":1,"EXP_098_N4_R4_E3_CLIENT_03_status":0}