{"_step":5,"_timestamp":1.75421134262264e+09,"_wandb":{"runtime":1104},"evaluate_accuracy":0.3494301139772046,"evaluate_loss":1.692661113966079,"train_loss":5.208536586887259,"_runtime":1104.717109211}