{"_wandb":{"runtime":946},"evaluate_accuracy":0.2486502699460108,"evaluate_loss":1.9548490444819133,"train_loss":5.486192753846697,"_runtime":946.185432365,"_step":5,"_timestamp":1.7492150559800198e+09}