{"_step":1,"_timestamp":1.7545826506379108e+09,"_wandb":{"runtime":58},"evaluate_loss":2.3767176308209383,"evaluate_accuracy":0.0984,"train_loss":7.868612160697912,"_runtime":58.059323737}