{"evaluate_accuracy":0.3836,"evaluate_loss":1.6567348121087762,"train_loss":10.721950668877305,"_runtime":4529.061912589,"_step":6,"_timestamp":1.7541790065409439e+09,"_wandb":{"runtime":4529}}