{"_wandb":{"runtime":24},"train_loss":7.334556258408127,"EXP_085_N8_R4_E4_CLIENT_05_status":0,"_step":7,"_timestamp":1.7565471431738527e+09,"evaluate_accuracy":0.3272,"evaluate_loss":1.8094006538391114,"_runtime":24}