{"_step":4,"_timestamp":1.7542109276110606e+09,"_wandb":{"runtime":502},"evaluate_accuracy":0.22795440911817635,"evaluate_loss":1.977185995238168,"train_loss":5.354088899042966,"_runtime":502.011613718}