{"_step":4,"_timestamp":1.7494669445101776e+09,"_wandb":{"runtime":568},"evaluate_accuracy":0.15116976604679064,"evaluate_loss":2.1167437553405763,"train_loss":6.900378584575882,"_runtime":568.974482533}