{"evaluate_accuracy":0.34853029394121177,"evaluate_loss":1.7347373962402344,"train_loss":9.99311556599357,"_runtime":3393.536972171,"_step":5,"_timestamp":1.754586929235249e+09,"_wandb":{"runtime":3393}}