{"evaluate_loss":2.5442535364175143,"evaluate_accuracy":0.0864,"_wandb":{"runtime":80},"train_loss":9.489203291579177,"_runtime":80.266891071,"_step":1,"_timestamp":1.7541729458944077e+09}