{"train_loss":8.01266614780426,"_runtime":38266.813818975,"_step":9,"_timestamp":1.7542080995814772e+09,"_wandb":{"runtime":38266},"evaluate_accuracy":0.3996,"evaluate_loss":1.5881762899410952}