{"_timestamp":1.7564910253496704e+09,"_step":0,"train_loss":6.14882264818464,"_wandb":{"runtime":7},"_runtime":7.9101272}