{"_wandb":{"runtime":16},"evaluate_loss":1.7521423667669296,"EXP_091_N8_R4_E5_CLIENT_04_status":0,"_runtime":16,"evaluate_accuracy":0.3312,"train_loss":11.515443730506169,"_step":6,"_timestamp":1.7565513275965111e+09}