{"_timestamp":1.7565729066365569e+09,"evaluate_accuracy":0.2,"evaluate_loss":1.9937885478138924,"train_loss":5.790590806007385,"EXP_102_N10_R4_E3_CLIENT_03_status":0,"_runtime":20,"_step":5,"_wandb":{"runtime":20}}