{"_wandb":{"runtime":81},"train_loss":8.115317044311396,"_runtime":81.683058786,"_step":1,"evaluate_loss":2.3048923121558293,"evaluate_accuracy":0.11266620013995801,"_timestamp":1.7563109231768413e+09}