{"_runtime":81,"_step":11,"_wandb":{"runtime":81},"EXP_096_N3_R4_E3_CLIENT_01_status":0,"_timestamp":1.75657052426322e+09,"evaluate_accuracy":0.41271745650869823,"evaluate_loss":1.6073893887656077,"train_loss":4.787563906299124}