{"_runtime":71,"_timestamp":1.7571488564249659e+09,"evaluate_loss":2.314179074764252,"EXP_109_N8_R5_E4_CLIENT_01_status":0,"_step":3,"_wandb":{"runtime":71},"evaluate_accuracy":0.108,"train_loss":7.697237023882046}