{"_runtime":167.124331328,"_step":2,"_timestamp":1.7492158740430486e+09,"_wandb":{"runtime":167},"evaluate_accuracy":0.09958008398320337,"evaluate_loss":2.45919311160133,"train_loss":7.082373639376615}