{"evaluate_loss":1.757210547961886,"EXP_099_N5_R4_E3_CLIENT_03_status":0,"_runtime":2,"_step":3,"_timestamp":1.7565715657970605e+09,"_wandb":{"runtime":2},"evaluate_accuracy":0.3515}