{"_runtime":9.113640603,"train_loss":6.919084934234619,"_timestamp":1.7564900753602731e+09,"_step":0,"_wandb":{"runtime":9}}