{"_wandb":{"runtime":105618},"evaluate_accuracy":0.4004,"evaluate_loss":1.5861907971056202,"train_loss":7.984253916496667,"_runtime":105618.229909314,"_step":11,"_timestamp":1.7541774160617304e+09}