{"evaluate_accuracy":0.112,"train_loss":6.913539488604115,"_timestamp":1.7565468484223692e+09,"evaluate_loss":2.3018615543842316,"EXP_084_N8_R4_E3_CLIENT_01_status":0,"_runtime":19,"_step":9,"_wandb":{"runtime":19}}