{"evaluate_loss":2.2102062940597533,"_runtime":36.492307899,"train_loss":9.08352045344699,"_step":2,"_timestamp":1.757155517923909e+09,"_wandb":{"runtime":36},"evaluate_accuracy":0.1288}