{"train_loss":3.824315691737534,"_runtime":32.624436423,"_step":1,"_timestamp":1.749214063539844e+09,"_wandb":{"runtime":32},"evaluate_loss":2.3255111785162064,"evaluate_accuracy":0.09448110377924415}