{"_timestamp":1.7545870444527962e+09,"_wandb":{"runtime":13703},"evaluate_accuracy":0.40191961607678467,"evaluate_loss":1.5998360930748705,"train_loss":9.74559544376209,"_runtime":13703.855390638,"_step":7}