{"_step":0,"_wandb":{"runtime":23},"train_loss":3.905244881820679,"_timestamp":1.7541313194188104e+09,"_runtime":23.099814547}