{"_step":2,"_timestamp":1.7541755883676734e+09,"_wandb":{"runtime":196},"evaluate_accuracy":0.0968,"evaluate_loss":2.3223568155795715,"train_loss":9.061041795788482,"_runtime":196.357941031}