{"_wandb":{"runtime":225},"evaluate_accuracy":0.09928014397120576,"evaluate_loss":2.3176417396182107,"train_loss":8.960893910279948,"_runtime":225.057623341,"_step":2,"_timestamp":1.7542135155291846e+09}