{"train_loss":5.245450180047636,"_runtime":10,"_step":6,"evaluate_accuracy":0.3872,"evaluate_loss":1.7138487219810485,"EXP_100_N8_R4_E3_CLIENT_06_status":0,"_timestamp":1.7565720828628104e+09,"_wandb":{"runtime":10}}