{"_wandb":{"runtime":6029},"evaluate_accuracy":0.394,"evaluate_loss":1.6786064090608042,"train_loss":8.461312367512395,"_runtime":6029.883688014,"_step":7,"_timestamp":1.7542185407105927e+09}