{"_wandb":{"runtime":0},"_runtime":0,"evaluate_loss":2.3814191137041365,"evaluate_accuracy":0.1,"_timestamp":1.7571720827090309e+09,"_step":0}