{"evaluate_accuracy":0.2606478704259148,"evaluate_loss":1.91678105308896,"train_loss":6.720414862072439,"_runtime":635.14520748,"_step":4,"_timestamp":1.7563091280783994e+09,"_wandb":{"runtime":635}}