{"EXP_102_N10_R4_E3_CLIENT_02_status":0,"_runtime":32,"_step":10,"train_loss":5.339342608451843,"_timestamp":1.7565729935789468e+09,"_wandb":{"runtime":32},"evaluate_accuracy":0.354,"evaluate_loss":1.7713909596204758}