{"_step":0,"_wandb":{"runtime":0},"_runtime":0,"evaluate_loss":2.331671141088009,"evaluate_accuracy":0.1,"_timestamp":1.7564900992594557e+09}