{"_step":2,"_timestamp":1.7563104689789653e+09,"_wandb":{"runtime":201},"evaluate_accuracy":0.09658068386322737,"evaluate_loss":2.352501131453604,"train_loss":7.19369128046994,"_runtime":201.138296418}