{"train_loss":8.119403822734332,"_runtime":12462.291119296,"_step":8,"_timestamp":1.7542192236492538e+09,"_wandb":{"runtime":12462},"evaluate_accuracy":0.392,"evaluate_loss":1.637320452098605}