{"_runtime":446.757017673,"_step":3,"_timestamp":1.7542135321638734e+09,"_wandb":{"runtime":446},"evaluate_accuracy":0.23545290941811636,"evaluate_loss":2.0369047755286807,"train_loss":8.610764559510228}