{"_wandb":{"runtime":14},"_step":0,"train_loss":3.828577695133017,"_timestamp":1.7477452545320156e+09,"_runtime":14.748470412}