{"evaluate_loss":1.7091566103476066,"train_loss":5.299600866862706,"_runtime":31,"_step":5,"_timestamp":1.7564911523207152e+09,"_wandb":{"runtime":31},"evaluate_accuracy":0.40167865707434053}