{"_timestamp":1.7564910514636204e+09,"_step":0,"_wandb":{"runtime":0},"_runtime":0,"evaluate_loss":2.4145951624269837,"evaluate_accuracy":0.09112709832134293}