{"_timestamp":1.7565749203733807e+09,"EXP_106_N8_R5_E4_CLIENT_01_status":0,"_runtime":62,"_wandb":{"runtime":62},"evaluate_accuracy":0.4256,"evaluate_loss":1.5699803441762925,"train_loss":7.155023577106986,"_step":12}