{"evaluate_accuracy":0.3232,"_runtime":76,"_step":8,"_wandb":{"runtime":76},"evaluate_loss":1.7409296482801437,"train_loss":8.591115574168551,"EXP_108_N8_R5_E5_CLIENT_04_status":0,"_timestamp":1.7565758529036608e+09}