{"_runtime":63,"_step":9,"_wandb":{"runtime":63},"train_loss":8.035488777099902,"EXP_091_N8_R4_E5_CLIENT_03_status":0,"_timestamp":1.7565513579151096e+09,"evaluate_accuracy":0.3408,"evaluate_loss":1.7605749040842056}