{"_timestamp":1.756313894213917e+09,"_wandb":{"runtime":44},"train_loss":7.688622544367854,"evaluate_loss":2.3177064098889315,"evaluate_accuracy":0.096,"_runtime":44.026276614,"_step":1}