{"train_loss":7.392895704621722,"EXP_085_N8_R4_E4_CLIENT_07_status":0,"_runtime":14,"evaluate_accuracy":0.308,"evaluate_loss":1.807063701748848,"_step":6,"_timestamp":1.756547143126193e+09,"_wandb":{"runtime":14}}