{"train_loss":6.967331980444063,"EXP_085_N8_R4_E4_CLIENT_08_status":0,"_runtime":13,"_step":6,"_timestamp":1.7565471713896756e+09,"_wandb":{"runtime":13},"evaluate_accuracy":0.3264,"evaluate_loss":1.780209082365036}