{"_wandb":{"runtime":646},"evaluate_accuracy":0.22705458908218357,"evaluate_loss":1.9987189236141387,"train_loss":6.899545580363102,"_runtime":646.097558069,"_step":4,"_timestamp":1.7494660735642073e+09}