{"evaluate_loss":1.8914108186960221,"EXP_086_N8_R4_E5_CLIENT_08_status":0,"_runtime":0,"_step":3,"_timestamp":1.756547508145663e+09,"_wandb":{"runtime":0},"evaluate_accuracy":0.2632}