{"train_loss":5.668811255369705,"evaluate_loss":2.215453464773637,"evaluate_accuracy":0.1724,"EXP_098_N4_R4_E3_CLIENT_01_status":0,"_runtime":15,"_step":2,"_timestamp":1.7565711057293282e+09,"_wandb":{"runtime":15}}