{"evaluate_accuracy":0.2152,"EXP_104_N8_R5_E3_CLIENT_05_status":0,"_runtime":24,"_step":5,"_timestamp":1.7565738119997542e+09,"evaluate_loss":2.000670921802521,"train_loss":5.387202536224559,"_wandb":{"runtime":24}}