{"_runtime":15,"_step":7,"_timestamp":1.7565500762203066e+09,"train_loss":3.717097006026347,"EXP_088_N8_R4_E2_CLIENT_08_status":0,"_wandb":{"runtime":15},"evaluate_accuracy":0.3032,"evaluate_loss":1.8686493813991547}