{"_runtime":178.123480992,"_step":2,"_timestamp":1.754217907184541e+09,"_wandb":{"runtime":178},"evaluate_accuracy":0.1096,"evaluate_loss":2.368318515487864,"train_loss":9.54693888513425}