{"_wandb":{"runtime":6},"train_loss":4.0736974880194206,"EXP_088_N8_R4_E2_CLIENT_04_status":0,"_runtime":6,"evaluate_loss":2.3149774372577667,"evaluate_accuracy":0.0984,"_step":2,"_timestamp":1.7565499954572387e+09}