{"evaluate_accuracy":0.3657074340527578,"evaluate_loss":1.7197109460830688,"train_loss":5.336804653349377,"_runtime":32,"_step":4,"_timestamp":1.7564911521643429e+09,"_wandb":{"runtime":32}}