{"train_loss":8.48716886559869,"_runtime":452.147189799,"_step":5,"_timestamp":1.7571544881936805e+09,"_wandb":{"runtime":452},"evaluate_accuracy":0.3336,"evaluate_loss":1.7149945825338364}