{"_wandb":{"runtime":6},"train_loss":4.043460410871323,"EXP_090_N8_R4_E2_CLIENT_01_status":0,"evaluate_loss":2.322377997636795,"evaluate_accuracy":0.0976,"_runtime":6,"_step":2,"_timestamp":1.7565508568817246e+09}