{"evaluate_accuracy":0.4259148170365927,"evaluate_loss":1.5843415665176679,"train_loss":9.26194361950222,"_runtime":55525.927919091,"_step":9,"_timestamp":1.754587154063797e+09,"_wandb":{"runtime":55525}}