{"_step":11,"_timestamp":1.756573492478915e+09,"evaluate_accuracy":0.3704,"train_loss":5.163431680885849,"EXP_103_N8_R4_E3_CLIENT_01_status":0,"_wandb":{"runtime":51},"evaluate_loss":1.65364570915699,"_runtime":51}