{"_runtime":14,"_step":0,"EXP_105_N8_R4_E4_CLIENT_04_status":0,"_timestamp":1.7565741648725212e+09,"train_loss":8.044245654610313,"_wandb":{"runtime":14}}