{"evaluate_accuracy":0.15326934613077384,"evaluate_loss":2.2587221577053977,"train_loss":3.8089647750488576,"EXP_092_N3_R3_E2_CLIENT_02_status":0,"_runtime":32,"_step":3,"_timestamp":1.756568170037066e+09,"_wandb":{"runtime":32}}