{"evaluate_loss":1.7513381551813196,"train_loss":6.0091567153022405,"_runtime":14,"_step":3,"_timestamp":1.7564911525369487e+09,"_wandb":{"runtime":14},"evaluate_accuracy":0.35731414868105515}