{"_timestamp":1.754208082626604e+09,"_wandb":{"runtime":19132},"evaluate_accuracy":0.3968,"evaluate_loss":1.6525193407277392,"train_loss":8.01266614780426,"_runtime":19132.142774716,"_step":8}