{"_timestamp":1.7565500379438164e+09,"_wandb":{"runtime":0},"evaluate_accuracy":0.1888,"evaluate_loss":2.155474492907524,"EXP_088_N8_R4_E2_CLIENT_06_status":0,"_runtime":0,"_step":3}