{"train_loss":11.885555257812475,"_runtime":970.042957831,"_step":4,"_timestamp":1.7542199094574285e+09,"_wandb":{"runtime":970},"evaluate_accuracy":0.1272,"evaluate_loss":2.4709804631486723}