{"train_loss":5.37898809155717,"_runtime":494.011515762,"_step":4,"_timestamp":1.7542166783824017e+09,"_wandb":{"runtime":494},"evaluate_accuracy":0.1884,"evaluate_loss":2.107408470745328}