{"_timestamp":1.754221122496777e+09,"_wandb":{"runtime":1129},"evaluate_accuracy":0.1716,"evaluate_loss":2.181315295303924,"train_loss":11.698644651772495,"_runtime":1129.015653403,"_step":4}