{"partition_id":0,"_runtime":1009.043701122,"_step":5,"_timestamp":1.7541505561930282e+09,"evaluate_accuracy":0.3716,"client_name":"EXP_002_N2_R4_E2_CLIENT_01","evaluate_loss":1.661106974455961,"train_loss":3.4613040809631346,"_wandb":{"runtime":1009}}