{"_step":6,"_timestamp":1.7571718705342643e+09,"_wandb":{"runtime":46},"evaluate_accuracy":0.4145,"evaluate_loss":1.6215183432140048,"train_loss":4.872621856212616,"_runtime":46}