{"evaluate_accuracy":0.1096,"evaluate_loss":2.311491998137942,"train_loss":11.565949172115326,"_runtime":417.000178428,"_step":2,"_timestamp":1.7542101929855201e+09,"_wandb":{"runtime":417}}