{"evaluate_accuracy":0.2864,"evaluate_loss":1.8456470608711242,"train_loss":7.5964218636227265,"_runtime":158,"_step":5,"_timestamp":1.75715234995809e+09,"_wandb":{"runtime":158}}