{"_runtime":7,"_step":1,"_timestamp":1.756489650739393e+09,"_wandb":{"runtime":7},"train_loss":6.045231300292255,"evaluate_loss":2.3092033658708844,"evaluate_accuracy":0.10431654676258993}