{"_runtime":96.239499312,"_step":1,"_timestamp":1.754219762608234e+09,"evaluate_loss":2.3182487306715567,"evaluate_accuracy":0.0972,"_wandb":{"runtime":96},"train_loss":16.12657722192831}