{"train_loss":7.590945406333028,"_runtime":489.698202492,"_step":3,"_timestamp":1.7563110302049608e+09,"_wandb":{"runtime":489},"evaluate_accuracy":0.21273617914625612,"evaluate_loss":2.0010759009255303}