{"_step":0,"_wandb":{"runtime":76},"train_loss":11.758694766240827,"_timestamp":1.754586031885325e+09,"_runtime":76.307700256}