{"evaluate_accuracy":0.1898620275944811,"evaluate_loss":2.131613062676929,"train_loss":12.610074144187305,"_runtime":554.317419865,"_step":3,"_timestamp":1.75421431648743e+09,"_wandb":{"runtime":554}}