{"_wandb":{"runtime":147},"evaluate_accuracy":0.22,"evaluate_loss":1.8937498480081558,"train_loss":9.155332252478145,"_runtime":147,"_step":2,"_timestamp":1.757154261843371e+09}