{"_runtime":13,"EXP_091_N8_R4_E5_CLIENT_02_status":0,"_timestamp":1.7565512116628485e+09,"train_loss":9.890654301187794,"_step":0,"_wandb":{"runtime":13}}