{"_step":2,"_timestamp":1.7545833874470265e+09,"_wandb":{"runtime":191},"evaluate_accuracy":0.1096,"evaluate_loss":2.3884816380995737,"train_loss":10.547287291992967,"_runtime":191.214004904}