{"train_loss":3.625830120034069,"_timestamp":1.7477458862654686e+09,"_runtime":17.091733684,"_step":0,"_wandb":{"runtime":17}}