{"evaluate_loss":1.856424877757118,"train_loss":5.221295662635236,"_runtime":236.219078064,"_step":3,"_timestamp":1.7494652051097093e+09,"_wandb":{"runtime":236},"evaluate_accuracy":0.35482903419316136}