{"evaluate_accuracy":0.0898,"_step":1,"_timestamp":1.7541534112618668e+09,"_wandb":{"runtime":61},"train_loss":3.869721582221985,"_runtime":61.015894193,"evaluate_loss":2.6671238720037374}