{"train_loss":7.759145134658905,"EXP_082_N6_R4_E5_CLIENT_01_status":0,"_runtime":38,"_step":7,"evaluate_accuracy":0.39112177564487105,"_timestamp":1.756546198947214e+09,"_wandb":{"runtime":38},"evaluate_loss":1.647863765932479}