{"_timestamp":1.754207345016403e+09,"_wandb":{"runtime":121},"train_loss":9.145639755249023,"evaluate_accuracy":0.105,"evaluate_loss":2.390185260468987,"_runtime":121.702297848,"_step":1}