{"_step":0,"evaluate_loss":2.251910554375618,"_wandb":{"runtime":3},"evaluate_accuracy":0.206,"_timestamp":1.7477482903590534e+09,"_runtime":2.9317510220000003}