{"evaluate_accuracy":0.2958,"evaluate_loss":1.8486697392858518,"train_loss":5.526823072052002,"_runtime":316.920000002,"_step":3,"_timestamp":1.7541304786565804e+09,"_wandb":{"runtime":316}}