{"evaluate_loss":2.31182347536087,"evaluate_accuracy":0.1016,"EXP_110_N8_R5_E4_CLIENT_02_status":0,"_runtime":69,"_step":2,"_timestamp":1.7571494814593837e+09,"_wandb":{"runtime":69},"train_loss":7.4834082772018045}