{"_runtime":53.13759504,"_step":1,"_timestamp":1.7541293541524343e+09,"evaluate_loss":2.217692045649146,"evaluate_accuracy":0.174,"_wandb":{"runtime":53},"train_loss":3.94224379825592}