{"train_loss":5.3610173595428465,"_runtime":1518.235898924,"_step":5,"_timestamp":1.7541305488573072e+09,"_wandb":{"runtime":1518},"evaluate_accuracy":0.3336,"evaluate_loss":1.7706174455630552}