{"_step":0,"_wandb":{"runtime":40},"train_loss":8.950423007955948,"_timestamp":1.7541763478943288e+09,"_runtime":40.217327434}