{"evaluate_accuracy":0.2336,"evaluate_loss":1.9510063373359143,"train_loss":8.692300688171386,"_runtime":1055.365140616,"_step":4,"_timestamp":1.7542075097308133e+09,"_wandb":{"runtime":1055}}