{"train_loss":3.4141879293272535,"_timestamp":1.7477459432037556e+09,"_runtime":18.993186697,"_step":0,"_wandb":{"runtime":18}}