{"_timestamp":1.7564901832433321e+09,"_wandb":{"runtime":20},"evaluate_accuracy":0.331,"evaluate_loss":1.7749373503029346,"train_loss":5.617710180282593,"_runtime":20,"_step":4}