{"evaluate_accuracy":0.2175,"evaluate_loss":2.044881162189302,"train_loss":8.647587836742401,"_runtime":66.323533089,"_step":4,"_timestamp":1.7571721685088372e+09,"_wandb":{"runtime":66}}