{"evaluate_loss":1.583396627789452,"train_loss":8.247590891463007,"_runtime":1984.712628409,"_step":5,"_timestamp":1.7542125836809993e+09,"_wandb":{"runtime":1984},"evaluate_accuracy":0.40941811637672465}