{"evaluate_loss":2.1031545603050374,"train_loss":7.507131640990956,"_runtime":549.769327376,"_step":3,"_timestamp":1.7545847609602847e+09,"_wandb":{"runtime":549},"evaluate_accuracy":0.20575884823035392}