{"_wandb":{"runtime":11861},"evaluate_accuracy":0.4012,"evaluate_loss":1.6073692554160008,"train_loss":8.109027322107991,"_runtime":11861.186186571,"_step":8,"_timestamp":1.754175790075046e+09}