{"EXP_106_N8_R5_E4_CLIENT_06_status":0,"_wandb":{"runtime":42},"evaluate_accuracy":0.3656,"_runtime":42,"_step":7,"_timestamp":1.7565748124801204e+09,"evaluate_loss":1.7608120769262314,"train_loss":7.04443958914204}