{"train_loss":5.315066148757935,"evaluate_accuracy":0.106,"evaluate_loss":2.5125490635160417,"EXP_099_N5_R4_E3_CLIENT_04_status":0,"_runtime":12,"_step":2,"_timestamp":1.756571551651798e+09,"_wandb":{"runtime":12}}