{"_runtime":183.967986025,"_step":2,"_timestamp":1.7542190165383732e+09,"_wandb":{"runtime":183},"evaluate_accuracy":0.1024,"evaluate_loss":2.3240784451931336,"train_loss":9.198190034387972}