{"_wandb":{"runtime":614},"evaluate_accuracy":0.1,"evaluate_loss":2.3015369176864624,"train_loss":4.07596319770813,"_runtime":614.42646106,"_step":2,"_timestamp":1.7478321999581003e+09}