{"evaluate_accuracy":0.2392,"evaluate_loss":1.921463966369629,"EXP_087_N8_R4_E2_CLIENT_03_status":0,"_runtime":13,"_step":5,"_wandb":{"runtime":13},"train_loss":3.907353762608425,"_timestamp":1.7565484389629931e+09}