{"_runtime":22,"_step":2,"_timestamp":1.7565693974381943e+09,"_wandb":{"runtime":22},"train_loss":5.694758093900246,"evaluate_loss":2.318378380366734,"evaluate_accuracy":0.10167966406718656,"EXP_095_N3_R3_E3_CLIENT_02_status":0}