{"_runtime":155807.039795813,"_step":12,"_timestamp":1.7478329049433696e+09,"_wandb":{"runtime":155807},"evaluate_accuracy":0.244,"evaluate_loss":1.9816201739013195,"train_loss":4.241329789923403}