{"_timestamp":1.7571522269576733e+09,"_wandb":{"runtime":0},"_runtime":0,"_step":0,"evaluate_loss":2.3163268089294435,"evaluate_accuracy":0.0944}