{"train_loss":11.172495055884218,"_runtime":76.24535574,"_step":1,"_timestamp":1.7545833315804303e+09,"evaluate_loss":2.3884816380995737,"evaluate_accuracy":0.1096,"_wandb":{"runtime":76}}