{"_wandb":{"runtime":43},"train_loss":3.8905780239105225,"_runtime":42.977617139,"_step":1,"evaluate_loss":2.218375906063493,"evaluate_accuracy":0.1814,"_timestamp":1.754129355191439e+09}