{"_wandb":{"runtime":82245},"evaluate_accuracy":0.108,"evaluate_loss":2.3079364420492436,"train_loss":3.9803554497587794,"_runtime":82244.413578468,"_step":9,"_timestamp":1.7478329703493695e+09}