{"_runtime":52,"_step":7,"_wandb":{"runtime":52},"evaluate_accuracy":0.3824,"evaluate_loss":1.673250111937523,"_timestamp":1.7565753066117234e+09,"train_loss":8.617533237311491,"EXP_107_N8_R4_E5_CLIENT_05_status":0}