{"train_loss":4.966864431218849,"_runtime":508.865758244,"_step":4,"_timestamp":1.7494644930740368e+09,"_wandb":{"runtime":508},"evaluate_accuracy":0.21415716856628675,"evaluate_loss":2.144517396745228}