{"train_loss":4.894577355575562,"_runtime":5058.897271554,"_step":7,"_timestamp":1.7494617948989837e+09,"_wandb":{"runtime":5058},"evaluate_accuracy":0.4098,"evaluate_loss":1.5828404570840726}