{"_runtime":274.535287589,"train_loss":6.91312364194033,"_timestamp":1.756483860396453e+09,"_step":0,"_wandb":{"runtime":274}}