{"train_loss":7.6485732481502495,"_timestamp":1.7545826296029406e+09,"_runtime":28.060158566,"_step":0,"_wandb":{"runtime":28}}