{"_step":0,"_wandb":{"runtime":20},"_runtime":20,"EXP_096_N3_R4_E3_CLIENT_01_status":0,"_timestamp":1.7565703499112804e+09,"train_loss":5.564352454041406}