{"_runtime":12,"_step":9,"evaluate_accuracy":0.3432,"EXP_090_N8_R4_E2_CLIENT_04_status":0,"_timestamp":1.756550968884394e+09,"_wandb":{"runtime":12},"evaluate_loss":1.7387043118476868,"train_loss":3.780404623147029}