{"_step":1,"_timestamp":1.7563104018335028e+09,"_wandb":{"runtime":46},"train_loss":7.771574869680633,"evaluate_loss":2.3736160746160544,"evaluate_accuracy":0.10197960407918416,"_runtime":46.34556}