{"_step":3,"_timestamp":1.754221054583156e+09,"_wandb":{"runtime":521},"evaluate_accuracy":0.18,"evaluate_loss":2.1918587081040006,"train_loss":11.972792452897508,"_runtime":521.863240137}