{"evaluate_accuracy":0.1,"evaluate_loss":2.33444694429636,"train_loss":5.617710180282593,"_runtime":20.749674343,"_step":2,"_timestamp":1.7564901264108224e+09,"_wandb":{"runtime":20}}