{"_runtime":54.054757945,"_wandb":{"runtime":54},"_step":0,"train_loss":8.746075639343262,"_timestamp":1.7542082825585537e+09}