{"evaluate_accuracy":0.30935251798561153,"evaluate_loss":1.8835920316201669,"train_loss":5.752942797115871,"_runtime":14,"_step":2,"_timestamp":1.756491101615538e+09,"_wandb":{"runtime":14}}