{"_step":10,"_timestamp":1.7565748680043879e+09,"train_loss":6.754075584138275,"EXP_106_N8_R5_E4_CLIENT_03_status":0,"_wandb":{"runtime":54},"evaluate_accuracy":0.3872,"evaluate_loss":1.6293402388691902,"_runtime":54}