{"evaluate_loss":2.276778427658567,"train_loss":3.6735867586135864,"_runtime":108.231220258,"_step":2,"_timestamp":1.7492030926878223e+09,"_wandb":{"runtime":108},"evaluate_accuracy":0.1182}