{"_step":2,"_timestamp":1.757154262563023e+09,"_wandb":{"runtime":164},"evaluate_accuracy":0.2,"evaluate_loss":1.9315456807613374,"train_loss":9.70748501218808,"_runtime":164}