{"train_loss":7.750850868832534,"EXP_085_N8_R4_E4_CLIENT_01_status":0,"_runtime":25,"_timestamp":1.756547084742122e+09,"_wandb":{"runtime":25},"evaluate_loss":2.296916902065277,"_step":3,"evaluate_accuracy":0.1}