{"_step":0,"train_loss":6.912329010009765,"_timestamp":1.7542058428456516e+09,"_runtime":35.12511381,"_wandb":{"runtime":35}}