{"EXP_091_N8_R4_E5_CLIENT_04_status":0,"_wandb":{"runtime":16},"train_loss":11.515443730506169,"_runtime":16,"_step":4,"_timestamp":1.7565512820041378e+09,"evaluate_accuracy":0.2248,"evaluate_loss":2.0201040327548982}