{"_timestamp":1.7545822483093598e+09,"_wandb":{"runtime":1208},"evaluate_accuracy":0.258,"evaluate_loss":1.9194060548951355,"train_loss":7.434437225040155,"_runtime":1208.187129798,"_step":5}