{"train_loss":5.944528612301504,"_runtime":222.251747193,"_step":3,"_timestamp":1.7492149980356555e+09,"_wandb":{"runtime":222},"evaluate_accuracy":0.08998200359928014,"evaluate_loss":2.5410745915912445}