{"_timestamp":1.7571512708342438e+09,"_wandb":{"runtime":133},"evaluate_accuracy":0.084,"evaluate_loss":2.443638563156128,"train_loss":7.136319074661109,"_runtime":133.396919199,"_step":2}