{"_step":4,"_timestamp":1.7571715627216296e+09,"_wandb":{"runtime":29},"evaluate_accuracy":0.3565,"evaluate_loss":1.7191244628694322,"train_loss":4.975621649265289,"_runtime":29.09675791}