{"evaluate_accuracy":0.09568086382723455,"_wandb":{"runtime":30},"train_loss":3.912933516273682,"_runtime":30.306026666,"_step":1,"_timestamp":1.7494630703253112e+09,"evaluate_loss":2.3570162432534354}