{"_runtime":451.187961955,"_step":4,"_timestamp":1.749203146012731e+09,"_wandb":{"runtime":451},"evaluate_accuracy":0.3342,"evaluate_loss":1.8000778544480631,"train_loss":3.517648661994934}