{"evaluate_accuracy":0.36,"EXP_104_N8_R5_E3_CLIENT_01_status":0,"_wandb":{"runtime":42},"evaluate_loss":1.67643740773201,"train_loss":4.916476274751554,"_runtime":42,"_step":10,"_timestamp":1.7565739066626406e+09}