{"EXP_110_N8_R5_E4_CLIENT_07_status":0,"_runtime":31,"_step":4,"_timestamp":1.7571496568570828e+09,"_wandb":{"runtime":31},"evaluate_accuracy":0.2496,"train_loss":6.834601765984942,"evaluate_loss":1.919861501455307}