{"evaluate_accuracy":0.1152,"EXP_105_N8_R4_E4_CLIENT_01_status":0,"_runtime":25,"_step":2,"_timestamp":1.7565741941702452e+09,"_wandb":{"runtime":25},"train_loss":7.895256640045506,"evaluate_loss":2.3028555274009705}