{"_timestamp":1.754216207736801e+09,"_wandb":{"runtime":212},"evaluate_accuracy":0.2164,"evaluate_loss":2.272728452199622,"train_loss":5.540117613423747,"_runtime":212.461901318,"_step":3}