{"_timestamp":1.7571721856022227e+09,"_wandb":{"runtime":64},"evaluate_accuracy":0.373,"evaluate_loss":1.7029020559220087,"train_loss":8.385628012657165,"_runtime":64,"_step":5}