{"evaluate_loss":2.36866751909256,"evaluate_accuracy":0.096,"_wandb":{"runtime":9},"train_loss":5.906496700967193,"EXP_084_N8_R4_E3_CLIENT_02_status":0,"_runtime":9,"_step":2,"_timestamp":1.7565467195793195e+09}