{"train_loss":9.87804923308924,"_runtime":3804.001689423,"_step":6,"_timestamp":1.7545835402842567e+09,"_wandb":{"runtime":3804},"evaluate_accuracy":0.3536,"evaluate_loss":1.7019552037685732}