{"_runtime":69.647284686,"_step":2,"_timestamp":1.7571554379101465e+09,"_wandb":{"runtime":69},"evaluate_accuracy":0.096,"evaluate_loss":2.467098259925842,"train_loss":9.641538635181014}