{"_timestamp":1.7565753627945907e+09,"evaluate_loss":1.584225583076477,"_runtime":40,"_wandb":{"runtime":40},"evaluate_accuracy":0.4072,"train_loss":8.553837466391789,"EXP_107_N8_R4_E5_CLIENT_01_status":0,"_step":9}