{"evaluate_loss":2.30373759178599,"train_loss":4.608213318252563,"_runtime":456.269329215,"_step":4,"_timestamp":1.7494610101632051e+09,"_wandb":{"runtime":456},"evaluate_accuracy":0.0986}