{"_step":3,"_timestamp":1.7565464791444902e+09,"_wandb":{"runtime":0},"evaluate_accuracy":0.2592,"evaluate_loss":1.9408634454011917,"EXP_083_N8_R4_E2_CLIENT_08_status":0,"_runtime":0}