{"_runtime":0,"evaluate_accuracy":0.084,"_step":1,"EXP_088_N8_R4_E2_CLIENT_05_status":0,"_timestamp":1.756549998417592e+09,"evaluate_loss":2.31846085190773,"_wandb":{"runtime":0}}