{"_timestamp":1.7542168064031174e+09,"_wandb":{"runtime":13300},"evaluate_accuracy":0.3868,"evaluate_loss":1.6698660820345335,"train_loss":5.167573170159191,"_runtime":13300.273539035,"_step":9}