{"evaluate_accuracy":0.09658068386322735,"train_loss":10.919968089418548,"_runtime":159.767450978,"_step":1,"_timestamp":1.754586697351782e+09,"_wandb":{"runtime":159},"evaluate_loss":2.4228470055562146}