{"_timestamp":1.7542204246848953e+09,"_wandb":{"runtime":1099},"evaluate_accuracy":0.1952,"evaluate_loss":1.968928450270544,"train_loss":11.805562375833432,"_runtime":1099.031455842,"_step":4}