{"_wandb":{"runtime":16},"train_loss":3.967198529689432,"_timestamp":1.7494636803428087e+09,"_runtime":16.012873587,"_step":0}