{"_wandb":{"runtime":56},"_runtime":56,"evaluate_accuracy":0.3904,"evaluate_loss":1.734745329618454,"train_loss":7.20578785231159,"EXP_106_N8_R5_E4_CLIENT_02_status":0,"_step":8,"_timestamp":1.7565748102923534e+09}