{"evaluate_accuracy":0.1008,"evaluate_loss":2.350569009780884,"EXP_083_N8_R4_E2_CLIENT_05_status":0,"_runtime":5,"_step":2,"train_loss":3.780733018923717,"_timestamp":1.7565464613182986e+09,"_wandb":{"runtime":5}}