{"EXP_103_N8_R4_E3_CLIENT_06_status":0,"_step":10,"_timestamp":1.7565734941014857e+09,"_wandb":{"runtime":43},"evaluate_accuracy":0.3912,"train_loss":5.122790232585494,"_runtime":43,"evaluate_loss":1.6279714763164521}