{"_runtime":6,"EXP_090_N8_R4_E2_CLIENT_03_status":0,"_timestamp":1.7565508424527912e+09,"train_loss":3.9758349155924124,"_step":0,"_wandb":{"runtime":6}}