{"evaluate_loss":1.7204215310868762,"train_loss":3.4199063054663386,"_runtime":4.294967314187729e+09,"_step":30,"_timestamp":1.7478337618537555e+09,"_wandb":{"runtime":4294967314},"evaluate_accuracy":0.3344331133773245}