{"_step":5,"_timestamp":1.7563095779262662e+09,"_wandb":{"runtime":1042},"evaluate_accuracy":0.3728,"evaluate_loss":1.6609980290449118,"train_loss":6.830569586814783,"_runtime":1042.058606389}