{"_timestamp":1.749460336251538e+09,"_wandb":{"runtime":208},"evaluate_accuracy":0.3096,"evaluate_loss":1.8207122512683747,"train_loss":3.635071927261353,"_runtime":208.948121239,"_step":3}