{"_timestamp":1.754218399396374e+09,"_wandb":{"runtime":356},"evaluate_accuracy":0.1364,"evaluate_loss":2.176952069318747,"train_loss":9.47371155042618,"_runtime":356.083632015,"_step":3}