{"evaluate_loss":2.01177442073822,"EXP_091_N8_R4_E5_CLIENT_05_status":0,"_runtime":0,"_step":3,"_timestamp":1.7565512827787366e+09,"_wandb":{"runtime":0},"evaluate_accuracy":0.2488}