{"_step":0,"evaluate_loss":2.3557217143830798,"evaluate_accuracy":0.09418116376724656,"_wandb":{"runtime":3},"_timestamp":1.747745274403889e+09,"_runtime":2.125886612}