{"evaluate_accuracy":0.228254349130174,"evaluate_loss":2.0308700413930985,"train_loss":5.098878111484811,"_runtime":72.178316015,"_step":4,"_timestamp":1.756463434884465e+09,"_wandb":{"runtime":72}}