{"evaluate_accuracy":0.1566156615661566,"evaluate_loss":2.220844759259905,"train_loss":5.435002152868312,"_runtime":25.875690376,"_step":4,"_timestamp":1.7564888409891887e+09,"_wandb":{"runtime":25}}