{"_timestamp":1.7494609584040308e+09,"_wandb":{"runtime":108},"evaluate_accuracy":0.094,"evaluate_loss":2.303408076049416,"train_loss":4.607787951278686,"_runtime":108.2287374,"_step":2}