{"_step":2,"_timestamp":1.754209563071227e+09,"_wandb":{"runtime":410},"evaluate_accuracy":0.1006,"evaluate_loss":2.4498844328959275,"train_loss":12.474924046325684,"_runtime":410.031205834}