{"evaluate_loss":2.3133804048810687,"evaluate_accuracy":0.1367726454709058,"_wandb":{"runtime":49},"train_loss":6.914577731697394,"_runtime":49.313861416,"_step":1,"_timestamp":1.7494651477350745e+09}