{"_runtime":8.20273549,"train_loss":6.0223830980167055,"_timestamp":1.7564905372794907e+09,"_step":0,"_wandb":{"runtime":8}}