{"_timestamp":1.7571523312902768e+09,"_wandb":{"runtime":158},"evaluate_accuracy":0.1632,"evaluate_loss":2.113186040520668,"train_loss":7.5964218636227265,"_runtime":158.74079121,"_step":4}