{"_step":8,"_timestamp":1.7565729943859823e+09,"_wandb":{"runtime":11},"evaluate_accuracy":0.342,"EXP_102_N10_R4_E3_CLIENT_09_status":0,"_runtime":11,"evaluate_loss":1.7355143874883652,"train_loss":5.637020478248596}