{"evaluate_loss":1.7157612055540086,"_step":8,"evaluate_accuracy":0.3744,"train_loss":7.155023577106986,"EXP_106_N8_R5_E4_CLIENT_01_status":0,"_runtime":62,"_timestamp":1.756574811419531e+09,"_wandb":{"runtime":62}}