{"_wandb":{"runtime":850},"evaluate_accuracy":0.3824,"evaluate_loss":1.6733790213548685,"train_loss":5.144173376476422,"_runtime":850.054982979,"_step":5,"_timestamp":1.7542172599372363e+09}