{"evaluate_accuracy":0.097,"evaluate_loss":2.2703812047839165,"train_loss":4.031751574516297,"_runtime":38947.00861235,"_step":10,"_timestamp":1.7478323509064994e+09,"_wandb":{"runtime":38947}}