{"train_loss":6.110591889946324,"EXP_103_N8_R4_E3_CLIENT_05_status":0,"_runtime":17,"evaluate_accuracy":0.124,"evaluate_loss":2.296192520856857,"_step":4,"_timestamp":1.756573400418306e+09,"_wandb":{"runtime":17}}