{"evaluate_loss":2.3034542502870985,"_timestamp":1.7494609249904332e+09,"_wandb":{"runtime":42},"train_loss":4.609905810928344,"_runtime":42.790592256,"_step":1,"evaluate_accuracy":0.097}