{"_step":2,"_timestamp":1.7541541467908797e+09,"_wandb":{"runtime":69},"evaluate_accuracy":0.0952,"evaluate_loss":2.309223974807353,"train_loss":3.8488529848214537,"_runtime":69.975644321}