{"train_loss":9.216831712296214,"_runtime":308.012136901,"_step":3,"_timestamp":1.7545821866404195e+09,"_wandb":{"runtime":308},"evaluate_accuracy":0.1508,"evaluate_loss":2.2787878392617915}