{"_runtime":7,"_step":0,"EXP_087_N8_R4_E2_CLIENT_01_status":0,"_timestamp":1.7565483826870801e+09,"train_loss":3.95732900063703,"_wandb":{"runtime":7}}