{"_wandb":{"runtime":63},"evaluate_accuracy":0.3608278344331134,"evaluate_loss":1.6962722437722342,"train_loss":4.915577990545644,"EXP_096_N3_R4_E3_CLIENT_02_status":0,"_runtime":63,"_step":8,"_timestamp":1.7565705072352955e+09}