{"evaluate_loss":2.210592794418335,"_runtime":0,"_step":1,"_timestamp":1.7564888171087267e+09,"_wandb":{"runtime":0},"evaluate_accuracy":0.1692169216921692}