{"evaluate_loss":1.587715426068397,"train_loss":4.813506272697449,"_runtime":2615.064227042,"_step":6,"_timestamp":1.7542068901443713e+09,"_wandb":{"runtime":2615},"evaluate_accuracy":0.394}