{"_timestamp":1.7564897494166925e+09,"_wandb":{"runtime":0},"evaluate_accuracy":0.1863186318631863,"evaluate_loss":2.1497603484562466,"_runtime":0,"_step":1}