{"_step":1,"_timestamp":1.7545833332264082e+09,"_wandb":{"runtime":90},"train_loss":10.84610755413104,"evaluate_loss":2.3890554784219478,"evaluate_accuracy":0.096,"_runtime":90.37604478}