{"_runtime":14,"_step":2,"_timestamp":1.7564910999798899e+09,"_wandb":{"runtime":14},"evaluate_accuracy":0.27817745803357313,"evaluate_loss":1.9030418793360393,"train_loss":5.943643316768465}