{"EXP_087_N8_R4_E2_CLIENT_04_status":0,"_runtime":12,"evaluate_loss":2.263315260410309,"_step":3,"_timestamp":1.7565484213207705e+09,"_wandb":{"runtime":12},"evaluate_accuracy":0.1368,"train_loss":3.913885657954368}