{"_step":0,"_wandb":{"runtime":21},"train_loss":7.796431905545366,"_timestamp":1.7563094184106543e+09,"_runtime":21.133155299}