{"evaluate_loss":1.736316550345648,"train_loss":3.42635936645581,"_runtime":3.2137007930340757e+09,"_step":30,"_timestamp":1.747833757543187e+09,"_wandb":{"runtime":3213700793},"evaluate_accuracy":0.3149370125974805}