{"evaluate_loss":2.302451890707016,"train_loss":6.910735153088904,"_runtime":18,"EXP_084_N8_R4_E3_CLIENT_07_status":0,"_step":9,"_timestamp":1.756546848414125e+09,"_wandb":{"runtime":18},"evaluate_accuracy":0.1024}