{"_timestamp":1.75714980689334e+09,"_wandb":{"runtime":294},"evaluate_accuracy":0.3192,"train_loss":6.509783102068932,"EXP_110_N8_R5_E4_CLIENT_05_status":0,"evaluate_loss":1.7222020357847214,"_runtime":294,"_step":8}