{"_runtime":110291.164711019,"_step":10,"_timestamp":1.7545872467996051e+09,"_wandb":{"runtime":110291},"evaluate_accuracy":0.40491901619676063,"evaluate_loss":1.6177100550453618,"train_loss":9.003294506426633}