{"evaluate_loss":1.5937380578107894,"train_loss":10.947781059932709,"_runtime":1732.137378561,"_step":4,"_timestamp":1.754209221312961e+09,"_wandb":{"runtime":1732},"evaluate_accuracy":0.4092}