{"_timestamp":1.749216246264229e+09,"_runtime":30.961613715,"_step":0,"_wandb":{"runtime":30},"train_loss":9.215484158884136}