{"evaluate_accuracy":0.1024,"_wandb":{"runtime":87},"train_loss":9.185569202176298,"_runtime":87.919277344,"_step":1,"_timestamp":1.754172946457854e+09,"evaluate_loss":2.5218975513796265}