{"_runtime":8,"_step":2,"_timestamp":1.756489748916954e+09,"_wandb":{"runtime":8},"evaluate_accuracy":0.1782178217821782,"evaluate_loss":2.172232096535819,"train_loss":6.023311628712167}