{"_timestamp":1.7541501317211874e+09,"evaluate_loss":2.3461969308792407,"_runtime":104.274173512,"_step":2,"evaluate_accuracy":0.1102,"train_loss":3.5106311878204344,"_wandb":{"runtime":104},"partition_id":1,"client_name":"EXP_001_N2_R3_E2_CLIENT_02"}