{"_timestamp":1.7571720646387196e+09,"_step":0,"_wandb":{"runtime":21},"_runtime":21.986711557,"train_loss":9.493391511917114}