{"_step":7,"_timestamp":1.7542173166140187e+09,"_wandb":{"runtime":3442},"evaluate_accuracy":0.4144,"evaluate_loss":1.6129596595522724,"train_loss":4.97699359887705,"_runtime":3442.351482881}