{"_wandb":{"runtime":12},"train_loss":5.963035877343196,"_runtime":12,"_step":1,"evaluate_loss":2.348113012313843,"evaluate_accuracy":0.12,"_timestamp":1.756489235758277e+09}