{"train_loss":5.0813768783569335,"_runtime":153.990213633,"_step":2,"_timestamp":1.754206759445906e+09,"_wandb":{"runtime":153},"evaluate_accuracy":0.1084,"evaluate_loss":2.3214439935744946}