{"_timestamp":1.7565729503013582e+09,"evaluate_accuracy":0.289,"_runtime":11,"_wandb":{"runtime":11},"evaluate_loss":1.8313027918338776,"train_loss":5.964358359336853,"EXP_102_N10_R4_E3_CLIENT_10_status":0,"_step":6}