{"EXP_109_N8_R5_E4_CLIENT_01_status":0,"_timestamp":1.7571487710960162e+09,"train_loss":7.677048727964899,"_wandb":{"runtime":25},"_runtime":25,"_step":0}