{"_runtime":42.797552719,"_step":1,"evaluate_loss":2.6460921779559676,"evaluate_accuracy":0.0916,"_timestamp":1.7541534118661077e+09,"_wandb":{"runtime":42},"train_loss":3.659569756698609}