{"_wandb":{"runtime":8633},"evaluate_accuracy":0.40671865626874626,"evaluate_loss":1.6107953764357656,"train_loss":6.694809524636519,"_runtime":8633.783812355,"_step":7,"_timestamp":1.7545855256354597e+09}