{"train_loss":3.379206301689148,"_runtime":4189.789383093,"_step":7,"_timestamp":1.7541297704422822e+09,"_wandb":{"runtime":4189},"evaluate_accuracy":0.3958,"evaluate_loss":1.6175972329583137}