{"train_loss":9.080336043029831,"_runtime":146,"_step":6,"_timestamp":1.7571557286319623e+09,"_wandb":{"runtime":146},"evaluate_accuracy":0.3528,"evaluate_loss":1.7023672044277192}