{"_timestamp":1.754150448098766e+09,"evaluate_loss":2.41334787903318,"partition_id":0,"_runtime":49.756872745,"_wandb":{"runtime":49},"_step":1,"client_name":"EXP_002_N2_R4_E2_CLIENT_01","train_loss":3.7315997720718386,"evaluate_accuracy":0.1032}