{"_runtime":9,"_step":2,"_timestamp":1.756490600399184e+09,"_wandb":{"runtime":9},"evaluate_accuracy":0.21978021978021978,"evaluate_loss":1.9378304152653134,"train_loss":6.071186229848025}