{"_runtime":38.427327314,"_step":0,"_wandb":{"runtime":38},"train_loss":8.172712259885797,"_timestamp":1.7563103837240756e+09}