{"_step":6,"_timestamp":1.747832902243009e+09,"_wandb":{"runtime":9978},"evaluate_accuracy":0.222,"evaluate_loss":1.982726577669382,"train_loss":3.8939438974514555,"_runtime":9978.953388111}