{"EXP_088_N8_R4_E2_CLIENT_01_status":0,"_runtime":7,"_step":4,"_timestamp":1.7565500392975147e+09,"_wandb":{"runtime":7},"evaluate_loss":2.1565837264060974,"train_loss":4.183286846822994,"evaluate_accuracy":0.176}