{"evaluate_accuracy":0.0952,"_runtime":70.311082271,"_step":1,"_timestamp":1.7541763665739992e+09,"_wandb":{"runtime":70},"train_loss":9.857773618576244,"evaluate_loss":2.4835412441929683}