{"_wandb":{"runtime":21},"train_loss":5.716028347861567,"_timestamp":1.7492153587390032e+09,"_runtime":21.047790955,"_step":0}