{"_runtime":573.296885911,"_step":4,"_timestamp":1.7542118598533757e+09,"_wandb":{"runtime":573},"evaluate_accuracy":0.2111577684463107,"evaluate_loss":1.9866498493012927,"train_loss":5.138959602772189}