{"_timestamp":1.7542191552978663e+09,"_wandb":{"runtime":3228},"evaluate_accuracy":0.3584,"evaluate_loss":1.739530216289472,"train_loss":8.33960803210164,"_runtime":3228.396696631,"_step":6}