{"_runtime":152.943538584,"partition_id":1,"evaluate_loss":2.2702424678073565,"_wandb":{"runtime":152},"train_loss":5.299089649009705,"_step":2,"_timestamp":1.7541509200518744e+09,"evaluate_accuracy":0.1488,"client_name":"EXP_003_N2_R3_E3_CLIENT_02"}