{"_step":4,"_timestamp":1.75631001798605e+09,"_wandb":{"runtime":617},"evaluate_accuracy":0.2165,"evaluate_loss":2.0457886249300032,"train_loss":7.160900437831879,"_runtime":617.079529305}