{"evaluate_accuracy":0.09178164367126575,"evaluate_loss":2.3254955609639487,"_runtime":96.83135643,"_step":1,"_timestamp":1.7542124269663782e+09,"_wandb":{"runtime":96},"train_loss":9.132711166958158}