{"_wandb":{"runtime":4294967298},"evaluate_accuracy":0.3872225554889022,"evaluate_loss":1.657687841142927,"train_loss":3.358920392658499,"_runtime":4.294967298430656e+09,"_step":25,"_timestamp":1.7478337805644374e+09}