{"train_loss":7.939308787993104,"_runtime":7618.139273065,"_step":7,"_timestamp":1.7542136803864772e+09,"_wandb":{"runtime":7618},"evaluate_accuracy":0.4295140971805639,"evaluate_loss":1.5589679218473889}