{"evaluate_accuracy":0.2056,"evaluate_loss":2.016657143831253,"EXP_085_N8_R4_E4_CLIENT_08_status":0,"_runtime":0,"_step":3,"_timestamp":1.7565471013871026e+09,"_wandb":{"runtime":0}}