{"_timestamp":1.7542193600226383e+09,"_wandb":{"runtime":189278},"evaluate_accuracy":0.4256,"evaluate_loss":1.5871790224992777,"train_loss":7.960372962890722,"_runtime":189278.266226571,"_step":12}