{"evaluate_loss":1.7602130004337857,"train_loss":8.26426474237442,"_runtime":5962.277417163,"_step":6,"_timestamp":1.7541739724830937e+09,"_wandb":{"runtime":5962},"evaluate_accuracy":0.3515}