{"evaluate_loss":2.13910296857357,"_timestamp":1.756550038151683e+09,"_wandb":{"runtime":7},"evaluate_accuracy":0.1776,"train_loss":3.911532346610051,"EXP_088_N8_R4_E2_CLIENT_07_status":0,"_runtime":7,"_step":4}