{"EXP_079_N6_R4_E2_CLIENT_05_status":0,"_timestamp":1.7565450201011465e+09,"evaluate_loss":2.3310750970300638,"evaluate_accuracy":0.09298140371925614,"_wandb":{"runtime":1},"_runtime":1,"_step":1}