{"_wandb":{"runtime":73},"evaluate_accuracy":0.3260347930413917,"evaluate_loss":1.8342134066990443,"train_loss":5.098878111484811,"_runtime":73,"_step":5,"_timestamp":1.7564634511744285e+09}