{"evaluate_loss":2.3072414012182327,"train_loss":8.610764559510228,"_runtime":222.061407382,"_step":2,"_timestamp":1.75421351226368e+09,"_wandb":{"runtime":222},"evaluate_accuracy":0.10797840431913618}