{"train_loss":13.380704322593104,"_timestamp":1.7542142022355943e+09,"_runtime":67.333747786,"_step":0,"_wandb":{"runtime":67}}