{"train_loss":4.14073668384552,"_runtime":19415.460458405,"_step":9,"_timestamp":1.7478322183184214e+09,"_wandb":{"runtime":19416},"evaluate_accuracy":0.097,"evaluate_loss":2.2703812047839165}