{"_step":5,"_timestamp":1.756572907907029e+09,"_wandb":{"runtime":19},"evaluate_accuracy":0.201,"evaluate_loss":2.017892014235258,"train_loss":5.914972054481506,"EXP_102_N10_R4_E3_CLIENT_04_status":0,"_runtime":19}