{"_wandb":{"runtime":0},"_runtime":0,"evaluate_loss":2.3256290231432235,"evaluate_accuracy":0.1035103510351035,"_timestamp":1.7564887771694932e+09,"_step":0}