{"_timestamp":1.7565752445039985e+09,"train_loss":9.686946781577578,"_runtime":25,"_step":4,"_wandb":{"runtime":25},"evaluate_accuracy":0.2424,"evaluate_loss":1.9216943502426147,"EXP_107_N8_R4_E5_CLIENT_05_status":0}