{"evaluate_loss":2.2991517066955565,"evaluate_accuracy":0.0928,"_wandb":{"runtime":0},"_runtime":0,"_step":1,"EXP_085_N8_R4_E4_CLIENT_06_status":0,"_timestamp":1.7565470582909324e+09}