{"_timestamp":1.7478330002175941e+09,"_wandb":{"runtime":159742},"evaluate_accuracy":0.1044,"evaluate_loss":2.310917796967905,"train_loss":3.7693036672787166,"_runtime":159742.997545976,"_step":10}