{"EXP_109_N8_R5_E4_CLIENT_08_status":0,"_timestamp":1.7571490644026914e+09,"_wandb":{"runtime":174},"evaluate_accuracy":0.3176,"train_loss":6.656327628785638,"_runtime":174,"_step":8,"evaluate_loss":1.847522273659706}