{"_wandb":{"runtime":18},"train_loss":3.873270163719031,"_timestamp":1.747746545246355e+09,"_runtime":18.067442299,"_step":0}