{"_wandb":{"runtime":187},"evaluate_accuracy":0.364,"evaluate_loss":1.7348067164421082,"train_loss":6.96920769381675,"EXP_110_N8_R5_E4_CLIENT_03_status":0,"_runtime":187,"_timestamp":1.7571496721351836e+09,"_step":8}