{"_wandb":{"runtime":2375},"evaluate_accuracy":0.3954,"evaluate_loss":1.605471522944748,"train_loss":8.234460704803467,"_runtime":2375.307061811,"_step":5,"_timestamp":1.7542084826406164e+09}