{"evaluate_loss":2.0349873361133395,"_runtime":2,"_step":1,"_timestamp":1.756463399025958e+09,"_wandb":{"runtime":2},"evaluate_accuracy":0.22375524895020996}