{"_runtime":20122.930761638,"_step":8,"_timestamp":1.7542150461102324e+09,"_wandb":{"runtime":20122},"evaluate_accuracy":0.4262147570485903,"evaluate_loss":1.5585515794299898,"train_loss":10.810938532403904}