{"_wandb":{"runtime":102},"_runtime":102.30268951,"_timestamp":1.757152208395045e+09,"_step":0,"train_loss":7.948125448196557}