{"evaluate_loss":1.554934393001508,"train_loss":6.592311113406294,"_runtime":4785.934771535,"_step":7,"_timestamp":1.7545828421038043e+09,"_wandb":{"runtime":4785},"evaluate_accuracy":0.4232}