{"evaluate_accuracy":0.3344,"evaluate_loss":1.7322001381765435,"train_loss":8.118919714190328,"_runtime":3248.221692264,"_step":6,"_timestamp":1.754176562354465e+09,"_wandb":{"runtime":3248}}