{"_wandb":{"runtime":122},"evaluate_accuracy":0.3752,"evaluate_loss":1.7051484376192092,"train_loss":7.0023541313827415,"_runtime":122,"_step":8,"_timestamp":1.7571524703434637e+09}