{"_timestamp":1.7542114632065008e+09,"_wandb":{"runtime":17946},"evaluate_accuracy":0.3977204559088182,"evaluate_loss":1.598585718018668,"train_loss":4.986727093906997,"_runtime":17946.768714382,"_step":9}