{"_wandb":{"runtime":137},"evaluate_accuracy":0.10197960407918416,"evaluate_loss":2.448061484382266,"train_loss":7.163967164014455,"_runtime":137.955042291,"_step":2,"_timestamp":1.7492158658485377e+09}