{"train_loss":11.63790708409542,"_runtime":875.971598046,"_step":4,"_timestamp":1.754586216450783e+09,"_wandb":{"runtime":875},"evaluate_accuracy":0.14517096580683864,"evaluate_loss":2.1992891959424288}