{"_runtime":312.774114884,"_step":3,"_timestamp":1.7541300180609026e+09,"_wandb":{"runtime":312},"evaluate_accuracy":0.4026,"evaluate_loss":1.6453781036814308,"train_loss":5.036848714923859}