{"_timestamp":1.7545839896140995e+09,"_wandb":{"runtime":418},"evaluate_accuracy":0.1392,"evaluate_loss":2.281239138373846,"train_loss":11.100158166961547,"_runtime":418.126189724,"_step":3}