{"evaluate_loss":1.7715666822240324,"train_loss":8.372741724736393,"_runtime":2855.119688596,"_step":6,"_timestamp":1.7541772546724741e+09,"_wandb":{"runtime":2855},"evaluate_accuracy":0.3236}