{"_step":3,"_timestamp":1.756491152989975e+09,"_wandb":{"runtime":14},"evaluate_accuracy":0.36930455635491605,"evaluate_loss":1.745086290218212,"train_loss":5.6510329246521,"_runtime":14}