{"evaluate_loss":2.3098718523979187,"evaluate_accuracy":0.1024,"_step":2,"_timestamp":1.7571487897756808e+09,"_wandb":{"runtime":17},"train_loss":7.624978612183006,"EXP_109_N8_R5_E4_CLIENT_04_status":0,"_runtime":17}