{"_timestamp":1.7545866981999013e+09,"_wandb":{"runtime":160},"train_loss":11.256770822990454,"evaluate_loss":2.4175460428561806,"evaluate_accuracy":0.10197960407918416,"_runtime":159.990777324,"_step":1}