{"train_loss":6.911974450650687,"evaluate_loss":2.3129597857028625,"evaluate_accuracy":0.1024,"_runtime":42.056518081,"_step":1,"_timestamp":1.7542161541897423e+09,"_wandb":{"runtime":42}}