{"train_loss":8.046715194805742,"_runtime":6966.353230939,"_step":7,"_timestamp":1.7541731609816573e+09,"_wandb":{"runtime":6966},"evaluate_accuracy":0.4284,"evaluate_loss":1.5446687785885003}