{"train_loss":9.02593277687091,"_runtime":111132.322898755,"_step":10,"_timestamp":1.7545872510609596e+09,"_wandb":{"runtime":111132},"evaluate_accuracy":0.4259148170365927,"evaluate_loss":1.584341566517668}