{"evaluate_accuracy":0.1312,"evaluate_loss":2.23102530837059,"train_loss":9.641538635181014,"_runtime":69,"_step":3,"_timestamp":1.7571554649471033e+09,"_wandb":{"runtime":69}}