{"EXP_110_N8_R5_E4_CLIENT_06_status":0,"_timestamp":1.7571494622059858e+09,"train_loss":9.217443507188445,"_step":0,"_wandb":{"runtime":74},"_runtime":74}