{"evaluate_accuracy":0.3808,"evaluate_loss":1.6849529534578322,"train_loss":7.101853018353699,"_runtime":159,"_step":7,"_timestamp":1.7571524710924299e+09,"_wandb":{"runtime":159}}