{"_wandb":{"runtime":287},"evaluate_accuracy":0.2315,"evaluate_loss":2.051650913934859,"train_loss":7.603923393726349,"_runtime":287.941610382,"_step":3,"_timestamp":1.7563099693379586e+09}