{"EXP_106_N8_R5_E4_CLIENT_02_status":0,"_runtime":56,"_step":6,"_timestamp":1.756574795561685e+09,"_wandb":{"runtime":56},"evaluate_loss":2.0149472266435624,"train_loss":7.20578785231159,"evaluate_accuracy":0.2224}