{"train_loss":8.044245654610313,"_wandb":{"runtime":14},"EXP_105_N8_R4_E4_CLIENT_04_status":0,"_runtime":14,"_step":4,"_timestamp":1.7565742527938826e+09,"evaluate_accuracy":0.176,"evaluate_loss":2.0299652189016344}