{"train_loss":11.122743969769786,"_runtime":5216.525196149,"_step":6,"_timestamp":1.7542149559382055e+09,"_wandb":{"runtime":5216},"evaluate_accuracy":0.38602279544091184,"evaluate_loss":1.6144440389814831}