{"_runtime":3431.487084272,"_step":6,"_timestamp":1.754174646808908e+09,"_wandb":{"runtime":3431},"evaluate_accuracy":0.2693461307738452,"evaluate_loss":1.8498530410370737,"train_loss":8.754625566268082}