{"_runtime":5,"_step":2,"_timestamp":1.7565508791424303e+09,"_wandb":{"runtime":5},"evaluate_accuracy":0.1,"evaluate_loss":2.3193216264247893,"train_loss":4.608947416779342,"EXP_090_N8_R4_E2_CLIENT_05_status":0}