{"_timestamp":1.7565468323405077e+09,"_wandb":{"runtime":27},"evaluate_accuracy":0.1016,"train_loss":6.910421031295874,"_step":8,"evaluate_loss":2.3023886024951934,"EXP_084_N8_R4_E3_CLIENT_06_status":0,"_runtime":27}