{"_step":1,"_timestamp":1.754210091828672e+09,"_wandb":{"runtime":139},"train_loss":12.413346595954897,"evaluate_loss":2.3080170579776644,"evaluate_accuracy":0.1078,"_runtime":139.013236699}