{"evaluate_loss":2.302951508760452,"EXP_104_N8_R5_E3_CLIENT_08_status":0,"_runtime":10,"train_loss":5.747398570085028,"_step":2,"_timestamp":1.7565737638179333e+09,"_wandb":{"runtime":10},"evaluate_accuracy":0.0976}