{"_step":0,"_wandb":{"runtime":33},"train_loss":8.956131693654166,"_timestamp":1.7542183060276413e+09,"_runtime":33.505568763}