{"_step":0,"EXP_082_N6_R4_E5_CLIENT_02_status":0,"_timestamp":1.756546049399807e+09,"train_loss":9.27603077660337,"_wandb":{"runtime":16},"_runtime":16}