{"evaluate_accuracy":0.322,"evaluate_loss":1.769318100064993,"train_loss":5.290156225204468,"_wandb":{"runtime":45},"EXP_102_N10_R4_E3_CLIENT_04_status":0,"_runtime":45,"_step":11,"_timestamp":1.7565729933130124e+09}