{"evaluate_loss":2.2634504555137296,"evaluate_accuracy":0.1422,"_runtime":69.658047877,"_step":1,"partition_id":0,"train_loss":6.912476210403442,"_timestamp":1.754150875826931e+09,"_wandb":{"runtime":69},"client_name":"EXP_003_N2_R3_E3_CLIENT_01"}