{"evaluate_loss":1.6030654187472362,"train_loss":9.385487358535876,"_runtime":16617.020715479,"_step":8,"_timestamp":1.754587107126583e+09,"_wandb":{"runtime":16617},"evaluate_accuracy":0.40671865626874626}