{"train_loss":12.999520179943536,"_runtime":222.039391473,"_step":2,"_timestamp":1.7541780403303874e+09,"_wandb":{"runtime":222},"evaluate_accuracy":0.112,"evaluate_loss":2.3148659331889094}