{"_runtime":1258.945155621,"_step":5,"_timestamp":1.754206365807146e+09,"_wandb":{"runtime":1258},"evaluate_accuracy":0.3502,"evaluate_loss":1.721228543360522,"train_loss":5.219273746490479}