{"evaluate_accuracy":0.29792979297929795,"evaluate_loss":1.8688823359353202,"EXP_101_N9_R4_E3_CLIENT_05_status":0,"_runtime":0,"_step":5,"_timestamp":1.7565725205124083e+09,"_wandb":{"runtime":0}}