{"EXP_109_N8_R5_E4_CLIENT_02_status":0,"_timestamp":1.757148770216268e+09,"train_loss":8.161421271646098,"_step":0,"_wandb":{"runtime":25},"_runtime":25}