{"_runtime":3778.319568172,"_step":6,"_timestamp":1.7542205050654716e+09,"_wandb":{"runtime":3778},"evaluate_accuracy":0.2968,"evaluate_loss":1.7442912316020531,"train_loss":11.365763537609539}