{"_wandb":{"runtime":8},"train_loss":6.916916689426779,"evaluate_loss":2.3081871032714845,"evaluate_accuracy":0.10251798561151079,"_runtime":8,"_step":1,"_timestamp":1.7564896517527304e+09}