{"_step":0,"train_loss":3.8554440811097765,"_timestamp":1.7477469175728273e+09,"_wandb":{"runtime":18},"_runtime":18.200986848}