{"_wandb":{"runtime":0},"_runtime":0,"evaluate_loss":2.4357932209968567,"evaluate_accuracy":0.0984,"_timestamp":1.7571511407301571e+09,"_step":0}