{"evaluate_accuracy":0.3956,"evaluate_loss":1.6243420673322073,"train_loss":11.398147817236929,"_runtime":7750.058849022,"_step":7,"_timestamp":1.7542205271278872e+09,"_wandb":{"runtime":7750}}