{"EXP_106_N8_R5_E4_CLIENT_01_status":0,"_runtime":62,"_step":6,"_timestamp":1.7565747867692893e+09,"evaluate_accuracy":0.2264,"train_loss":7.155023577106986,"_wandb":{"runtime":62},"evaluate_loss":1.969798919558525}