{"_runtime":35,"_step":7,"evaluate_accuracy":0.40371925614877024,"evaluate_loss":1.627344473352972,"train_loss":7.992958318959013,"_timestamp":1.7565461979408314e+09,"_wandb":{"runtime":35},"EXP_082_N6_R4_E5_CLIENT_04_status":0}