{"evaluate_loss":2.354770451784134,"evaluate_accuracy":0.0984,"_wandb":{"runtime":0},"_runtime":0,"_step":1,"EXP_103_N8_R4_E3_CLIENT_07_status":0,"_timestamp":1.7565733507420769e+09}