{"_step":5,"_timestamp":1.7541314513147445e+09,"_wandb":{"runtime":903},"evaluate_accuracy":0.3408,"evaluate_loss":1.7438997280825475,"train_loss":3.6533794521331786,"_runtime":902.960204615}