{"evaluate_loss":1.9179892418490856,"train_loss":5.219273746490479,"_runtime":628.896797257,"_step":4,"_timestamp":1.7542063436942637e+09,"_wandb":{"runtime":628},"evaluate_accuracy":0.264}