{"_runtime":0,"_step":3,"_timestamp":1.756572039369478e+09,"_wandb":{"runtime":0},"evaluate_accuracy":0.2488,"evaluate_loss":1.9268932938575745,"EXP_100_N8_R4_E3_CLIENT_08_status":0}