{"_runtime":20.211297697,"_step":0,"train_loss":6.000523927874458,"_timestamp":1.7564823849845169e+09,"_wandb":{"runtime":20}}