{"_step":9,"_timestamp":1.7565729723857255e+09,"evaluate_accuracy":0.331,"evaluate_loss":1.788493324071169,"_wandb":{"runtime":36},"train_loss":5.276380580902099,"EXP_102_N10_R4_E3_CLIENT_03_status":0,"_runtime":36}