{"_runtime":1596.476436826,"_step":5,"_timestamp":1.754219104492073e+09,"_wandb":{"runtime":1596},"evaluate_accuracy":0.3584,"evaluate_loss":1.739530216289472,"train_loss":8.752329924616951}