{"_runtime":2339.080442217,"_step":6,"_timestamp":1.754211382709329e+09,"_wandb":{"runtime":2339},"evaluate_accuracy":0.3659268146370726,"evaluate_loss":1.7120415653501238,"train_loss":5.043259606658697}