{"_wandb":{"runtime":294},"_runtime":294.724554655,"train_loss":6.048613664082119,"_timestamp":1.756464031334938e+09,"_step":0}