{"evaluate_loss":2.364596532640003,"evaluate_accuracy":0.09688062387522496,"_timestamp":1.7477452767430577e+09,"_runtime":2.053217386,"_step":0,"_wandb":{"runtime":2}}