{"_step":0,"_wandb":{"runtime":16},"train_loss":3.7888364511713992,"_timestamp":1.7477453067983947e+09,"_runtime":16.105637422}