{"_wandb":{"runtime":10},"evaluate_accuracy":0.20659340659340658,"evaluate_loss":1.9801687372141872,"train_loss":6.163978156290557,"_runtime":10,"_step":2,"_timestamp":1.756490601672253e+09}