{"_wandb":{"runtime":22},"train_loss":3.548171505367727,"_timestamp":1.747745136289462e+09,"_runtime":22.977116623,"_step":0}