{"_wandb":{"runtime":618},"evaluate_accuracy":0.22345530893821236,"evaluate_loss":1.9768848646254766,"train_loss":12.42990327710442,"_runtime":618.223506846,"_step":3,"_timestamp":1.7542147891005607e+09}