{"_wandb":{"runtime":230},"evaluate_accuracy":0.1948,"evaluate_loss":2.323783780955061,"train_loss":5.502847300169948,"_runtime":230.614621815,"_step":3,"_timestamp":1.754216209180879e+09}