{"_step":3,"_timestamp":1.75657338378527e+09,"evaluate_loss":2.3236657619476317,"train_loss":6.095794460576052,"_runtime":27,"_wandb":{"runtime":27},"evaluate_accuracy":0.1152,"EXP_103_N8_R4_E3_CLIENT_01_status":0}