{"evaluate_loss":1.7937357276678085,"EXP_104_N8_R5_E3_CLIENT_02_status":0,"_wandb":{"runtime":45},"evaluate_accuracy":0.324,"train_loss":5.457011289657301,"_runtime":45,"_step":8,"_timestamp":1.7565738332111435e+09}