{"_step":9,"evaluate_accuracy":0.36472705458908217,"evaluate_loss":1.7052406702401504,"_runtime":31,"_timestamp":1.7565458289587781e+09,"_wandb":{"runtime":31},"train_loss":7.277597783284895,"EXP_081_N6_R4_E4_CLIENT_01_status":0}