{"train_loss":4.608822839736939,"_timestamp":1.7478320528483882e+09,"_wandb":{"runtime":121},"_runtime":121.464766366,"_step":0}