{"_wandb":{"runtime":15},"train_loss":3.8709384074314035,"_timestamp":1.7477453058503017e+09,"_runtime":15.008617137,"_step":0}