{"_step":0,"_wandb":{"runtime":21},"train_loss":3.5380795175552366,"_timestamp":1.7478282780859933e+09,"_runtime":21.032098703}