{"evaluate_accuracy":0.109,"evaluate_loss":2.3031665200640443,"train_loss":4.608031886672974,"_runtime":3536.874092097,"_step":7,"_timestamp":1.749206036188499e+09,"_wandb":{"runtime":3536}}