{"_step":3,"_timestamp":1.7542129409616783e+09,"_wandb":{"runtime":426},"evaluate_accuracy":0.19586082783443312,"evaluate_loss":2.143470840227036,"train_loss":9.329330385160103,"_runtime":426.756598847}