{"_timestamp":1.7571540805716267e+09,"_wandb":{"runtime":167},"train_loss":9.752559365740249,"evaluate_loss":2.3922540724277495,"evaluate_accuracy":0.0928,"_runtime":167,"_step":1}