{"_timestamp":1.7542202744127939e+09,"_wandb":{"runtime":87},"evaluate_loss":2.361742737927014,"evaluate_accuracy":0.1052,"train_loss":14.637605983990069,"_runtime":87.766386724,"_step":1}