{"train_loss":16.128535101588923,"_runtime":104.381539073,"_step":1,"evaluate_loss":2.344008207321167,"evaluate_accuracy":0.096,"_timestamp":1.754220969372946e+09,"_wandb":{"runtime":104}}