{"train_loss":7.934924897874237,"_timestamp":1.7545888659286604e+09,"_wandb":{"runtime":35},"_runtime":35.258825346,"_step":0}