{"train_loss":8.200992130170203,"_step":0,"EXP_085_N8_R4_E4_CLIENT_01_status":0,"_wandb":{"runtime":12},"_runtime":12,"_timestamp":1.7565470381965406e+09}