{"_step":4,"_timestamp":1.7542162461454806e+09,"_wandb":{"runtime":494},"evaluate_accuracy":0.1876,"evaluate_loss":2.3204112068007263,"train_loss":5.237273210153793,"_runtime":494.946070259}