{"_timestamp":1.754153386681939e+09,"_runtime":20.171826713,"_step":0,"_wandb":{"runtime":20},"train_loss":3.6595697566986085}