{"evaluate_accuracy":0.3385,"evaluate_loss":1.7587587208974929,"train_loss":8.684770977020264,"_runtime":2052.247841829,"_step":5,"_timestamp":1.754173852166319e+09,"_wandb":{"runtime":2052}}