{"_step":3,"_timestamp":1.7542190328950634e+09,"_wandb":{"runtime":368},"evaluate_accuracy":0.2312,"evaluate_loss":2.087994951236097,"train_loss":9.198190034387972,"_runtime":367.970557902}