{"_step":2,"_timestamp":1.754218377685952e+09,"_wandb":{"runtime":167},"evaluate_accuracy":0.1124,"evaluate_loss":2.38477116295054,"train_loss":9.353248441562105,"_runtime":167.154790953}