{"_timestamp":1.7494609053727536e+09,"_runtime":20.127787748,"_wandb":{"runtime":20},"_step":0,"train_loss":4.609905810928344}