{"_step":2,"_timestamp":1.7542203426580017e+09,"_wandb":{"runtime":261},"evaluate_accuracy":0.0936,"evaluate_loss":2.369744481919687,"train_loss":12.516971166903218,"_runtime":261.090256184}