{"_runtime":105.769336782,"_step":1,"_timestamp":1.7545866995212135e+09,"_wandb":{"runtime":105},"train_loss":11.2997871785643,"evaluate_loss":2.414497825334657,"evaluate_accuracy":0.09718056388722256}