{"train_loss":5.74060395959848,"_runtime":96.99936168,"_step":2,"_timestamp":1.7542166216193223e+09,"_wandb":{"runtime":96},"evaluate_accuracy":0.1096,"evaluate_loss":2.3037661329100403}