{"train_loss":8.382384755740912,"_runtime":824.257131607,"_step":4,"_timestamp":1.7541730703213751e+09,"_wandb":{"runtime":824},"evaluate_accuracy":0.1536,"evaluate_loss":2.2500734268864497}