{"_runtime":3613.238297901,"_step":6,"_timestamp":1.754173135968607e+09,"_wandb":{"runtime":3613},"evaluate_accuracy":0.3404,"evaluate_loss":1.74314382106443,"train_loss":8.115094043957159}