{"evaluate_loss":2.2914157927036287,"evaluate_accuracy":0.0944,"_step":1,"_wandb":{"runtime":0},"_runtime":0,"EXP_110_N8_R5_E4_CLIENT_08_status":0,"_timestamp":1.7571494864558935e+09}