{"evaluate_loss":2.302467664082845,"train_loss":3.463972531634269,"_runtime":84.078832006,"_step":2,"_timestamp":1.7541537672001617e+09,"_wandb":{"runtime":84},"evaluate_accuracy":0.10257948410317937}