{"train_loss":7.863974341161692,"EXP_091_N8_R4_E5_CLIENT_01_status":0,"_runtime":64,"_step":11,"_timestamp":1.7565513730113564e+09,"_wandb":{"runtime":64},"evaluate_accuracy":0.4176,"evaluate_loss":1.575744813680649}