{"_step":9,"_timestamp":1.756547597768493e+09,"_wandb":{"runtime":29},"evaluate_loss":1.6963925302028655,"evaluate_accuracy":0.3824,"train_loss":8.550136517567239,"EXP_086_N8_R4_E5_CLIENT_05_status":0,"_runtime":29}