{"_wandb":{"runtime":187},"evaluate_accuracy":0.34,"evaluate_loss":1.6864721804857254,"train_loss":8.64611053163079,"_runtime":187,"_step":5,"_timestamp":1.7571545038563972e+09}