{"_timestamp":1.756551374027519e+09,"train_loss":9.47400486013692,"_wandb":{"runtime":16},"evaluate_accuracy":0.4072,"evaluate_loss":1.5999602854251862,"EXP_091_N8_R4_E5_CLIENT_06_status":0,"_runtime":16,"_step":8}