{"evaluate_accuracy":0.4244,"evaluate_loss":1.5247026681900024,"train_loss":10.824895933413275,"_runtime":36678.025658884,"_step":9,"_timestamp":1.7542213090927498e+09,"_wandb":{"runtime":36678}}