{"_step":10,"_timestamp":1.754177395053729e+09,"_wandb":{"runtime":47484},"evaluate_accuracy":0.4028,"evaluate_loss":1.6052567807933953,"train_loss":7.947606116057204,"_runtime":47484.097901608}