{"train_loss":10.80342008168705,"_runtime":17779.007963888,"_step":8,"_timestamp":1.7542212920173016e+09,"_wandb":{"runtime":17779},"evaluate_accuracy":0.4004,"evaluate_loss":1.6208941695056385}