{"evaluate_accuracy":0.22165566886622676,"evaluate_loss":1.9776105994269961,"train_loss":3.6599882786794247,"_runtime":192.371210386,"_step":3,"_timestamp":1.756308812553856e+09,"_wandb":{"runtime":192}}