{"_step":5,"_timestamp":1.7542155371405904e+09,"_wandb":{"runtime":2608},"evaluate_accuracy":0.33413317336532694,"evaluate_loss":1.7227294694809687,"train_loss":11.925940271475904,"_runtime":2608.402502343}