{"_runtime":49.292149124,"_step":0,"_wandb":{"runtime":49},"train_loss":12.798798083116452,"_timestamp":1.754220947612544e+09}