{"train_loss":10.125342481814254,"_runtime":934.947558912,"_step":4,"_timestamp":1.754583464585782e+09,"_wandb":{"runtime":934},"evaluate_accuracy":0.282,"evaluate_loss":1.902390861813026}