{"_runtime":4431.985082818,"_step":6,"_timestamp":1.7542212073855805e+09,"_wandb":{"runtime":4431},"evaluate_accuracy":0.3124,"evaluate_loss":1.823905726022358,"train_loss":11.180207864164164}