{"evaluate_loss":1.7371010422706603,"train_loss":4.042752401084657,"EXP_083_N8_R4_E2_CLIENT_03_status":0,"_runtime":5,"_step":6,"_timestamp":1.7565465155681322e+09,"evaluate_accuracy":0.344,"_wandb":{"runtime":5}}