{"_runtime":59,"_step":4,"_timestamp":1.757152348064753e+09,"_wandb":{"runtime":59},"evaluate_accuracy":0.2792,"evaluate_loss":1.8417252600193024,"train_loss":7.539378700742296}