{"_step":10,"_timestamp":1.7542192891272504e+09,"_wandb":{"runtime":49885},"evaluate_accuracy":0.4248,"evaluate_loss":1.576163909103297,"train_loss":8.027368155150368,"_runtime":49885.256886535}