{"_timestamp":1.7564896348053327e+09,"_step":0,"train_loss":6.045231300292255,"_wandb":{"runtime":7},"_runtime":7.912164946}