{"EXP_091_N8_R4_E5_CLIENT_07_status":0,"_wandb":{"runtime":16},"_runtime":16,"_step":4,"_timestamp":1.7565512816221325e+09,"evaluate_accuracy":0.228,"evaluate_loss":2.060507872700691,"train_loss":9.474573994897732}