{"evaluate_accuracy":0.1,"_timestamp":1.7571724065337052e+09,"_wandb":{"runtime":26},"train_loss":9.264374937057497,"_runtime":26,"_step":1,"evaluate_loss":2.446350411763267}