{"evaluate_accuracy":0.28,"evaluate_loss":1.8917092323303222,"train_loss":5.944990795888718,"_runtime":9,"_step":3,"_timestamp":1.756489319054941e+09,"_wandb":{"runtime":9}}