{"evaluate_accuracy":0.23932820153953813,"evaluate_loss":1.9987033817503188,"train_loss":7.4455438719115445,"_runtime":608.382014604,"_step":4,"_timestamp":1.7563110893223956e+09,"_wandb":{"runtime":608}}