{"_step":4,"_timestamp":1.7492145681345577e+09,"_wandb":{"runtime":294},"evaluate_accuracy":0.32003599280143974,"evaluate_loss":1.8266993749709357,"train_loss":3.4258412797388127,"_runtime":294.120104513}