{"evaluate_loss":2.236741805532176,"_runtime":74.137885289,"_step":1,"_timestamp":1.7542058608082922e+09,"_wandb":{"runtime":74},"train_loss":6.912329010009765,"evaluate_accuracy":0.1642}