{"train_loss":6.433968507443754,"_runtime":10249.309564498,"_step":8,"_timestamp":1.7545828881165457e+09,"_wandb":{"runtime":10249},"evaluate_accuracy":0.412,"evaluate_loss":1.5931670409214649}