{"EXP_107_N8_R4_E5_CLIENT_07_status":0,"evaluate_accuracy":0.2344,"train_loss":9.049669716768204,"_runtime":23,"_step":4,"_timestamp":1.7565752454140792e+09,"_wandb":{"runtime":23},"evaluate_loss":1.9554125994443894}