{"_step":1,"train_loss":6.9127391310904525,"_timestamp":1.7564897103795643e+09,"_wandb":{"runtime":9},"evaluate_accuracy":0.099009900990099,"evaluate_loss":2.307751526151385,"_runtime":9.036686558}