{"_wandb":{"runtime":4568},"evaluate_accuracy":0.2208,"evaluate_loss":2.0008856058120728,"train_loss":13.034055982534877,"_runtime":4568.935342036,"_step":6,"_timestamp":1.7541782219411533e+09}