{"_wandb":{"runtime":15},"evaluate_accuracy":0.30335731414868106,"evaluate_loss":1.8399855472423412,"train_loss":5.830395166079203,"_runtime":15,"_step":2,"_timestamp":1.7564910999712822e+09}