{"_step":6,"_timestamp":1.756543870418352e+09,"_wandb":{"runtime":20},"evaluate_accuracy":0.23275344931013797,"train_loss":3.840931487996042,"evaluate_loss":1.9699253878503475,"EXP_078_N6_R3_E2_CLIENT_01_status":0,"_runtime":20}