{"_timestamp":1.756483861585189e+09,"_step":0,"_wandb":{"runtime":276},"_runtime":276.440442699,"train_loss":5.87872381947881}