{"train_loss":9.883406957941192,"_wandb":{"runtime":61},"_timestamp":1.7541743728901954e+09,"_runtime":61.050948098,"_step":0}