{"evaluate_accuracy":0.2544,"evaluate_loss":1.9085994988679886,"EXP_110_N8_R5_E4_CLIENT_01_status":0,"_step":5,"_timestamp":1.757149608895608e+09,"train_loss":7.413668936984554,"_runtime":164,"_wandb":{"runtime":164}}