{"train_loss":7.002055437850952,"_runtime":1684.793987104,"_step":5,"_timestamp":1.7494621857058978e+09,"_wandb":{"runtime":1684},"evaluate_accuracy":0.3166,"evaluate_loss":1.7486376732018343}