{"_runtime":14.950122216,"_step":0,"_wandb":{"runtime":14},"train_loss":3.959705127800683,"_timestamp":1.7494636819019232e+09}