{"_wandb":{"runtime":22},"train_loss":7.719029985326628,"_timestamp":1.756310886616656e+09,"_runtime":22.095971131,"_step":0}