{"_wandb":{"runtime":1626},"evaluate_accuracy":0.3232,"evaluate_loss":1.7803928595554979,"train_loss":8.717259274504055,"_runtime":1626.147825459,"_step":5,"_timestamp":1.7541772069878325e+09}