{"_wandb":{"runtime":9},"_runtime":9,"_timestamp":1.756571981979104e+09,"train_loss":6.221889181501546,"_step":0,"EXP_100_N8_R4_E3_CLIENT_02_status":0}