{"evaluate_loss":2.2397421794601633,"train_loss":8.590282337734113,"_runtime":394.381378013,"_step":3,"_timestamp":1.754173016251653e+09,"_wandb":{"runtime":394},"evaluate_accuracy":0.1524}