{"train_loss":7.592299134537364,"_timestamp":1.7545852368490782e+09,"_runtime":32.260859165,"_step":0,"_wandb":{"runtime":32}}