{"train_loss":8.49444506958032,"EXP_107_N8_R4_E5_CLIENT_04_status":0,"_runtime":80,"_step":10,"_timestamp":1.7565753639466689e+09,"_wandb":{"runtime":80},"evaluate_accuracy":0.3808,"evaluate_loss":1.5934811413288117}