{"_runtime":44.825485821,"_step":1,"_timestamp":1.7492030586863492e+09,"_wandb":{"runtime":44},"evaluate_loss":2.276778427658567,"evaluate_accuracy":0.1182,"train_loss":4.608614167404175}