{"_runtime":995.07258954,"_step":4,"_timestamp":1.7541781305615408e+09,"_wandb":{"runtime":995},"evaluate_accuracy":0.1808,"evaluate_loss":2.1661805472796476,"train_loss":13.26678062132753}