{"_wandb":{"runtime":73},"_timestamp":1.7571488554098003e+09,"evaluate_accuracy":0.1216,"evaluate_loss":2.310767960548401,"train_loss":7.723387368925058,"EXP_109_N8_R5_E4_CLIENT_05_status":0,"_runtime":73,"_step":3}