{"_runtime":28.430000134,"_step":0,"train_loss":12.422546107292176,"_timestamp":1.7571727650449789e+09,"_wandb":{"runtime":28}}