{"train_loss":6.478198156235324,"_step":11,"_timestamp":1.7571491235417225e+09,"_wandb":{"runtime":208},"evaluate_loss":1.580777570605278,"EXP_109_N8_R5_E4_CLIENT_05_status":0,"_runtime":208,"evaluate_accuracy":0.416}