{"train_loss":16.128110305950663,"_timestamp":1.7542209531269178e+09,"_runtime":53.115167406,"_step":0,"_wandb":{"runtime":53}}