{"evaluate_accuracy":0.102,"_step":1,"EXP_099_N5_R4_E3_CLIENT_03_status":0,"_timestamp":1.7565715265354583e+09,"_wandb":{"runtime":1},"_runtime":1,"evaluate_loss":2.5117278780256}