{"_runtime":164.36370221,"_step":3,"_timestamp":1.749463745826926e+09,"_wandb":{"runtime":164},"evaluate_accuracy":0.22975404919016196,"evaluate_loss":2.008303968111674,"train_loss":3.72098840512246}