{"_timestamp":1.7541763414574778e+09,"_wandb":{"runtime":34},"_runtime":34.335001835,"_step":0,"train_loss":9.857773618576244}