{"evaluate_accuracy":0.28352835283528355,"evaluate_loss":1.8763196672712052,"train_loss":5.539872737239591,"_runtime":26,"_step":8,"EXP_101_N9_R4_E3_CLIENT_04_status":0,"_timestamp":1.756572520803516e+09,"_wandb":{"runtime":26}}