{"train_loss":4.720358251094818,"_runtime":53,"_step":8,"_timestamp":1.7571719151836162e+09,"_wandb":{"runtime":53},"evaluate_accuracy":0.42,"evaluate_loss":1.6003064674044412}