{"_timestamp":1.7565729363210902e+09,"_wandb":{"runtime":33},"evaluate_accuracy":0.201,"train_loss":5.626740441322327,"_runtime":33,"evaluate_loss":2.017892014235258,"EXP_102_N10_R4_E3_CLIENT_04_status":0,"_step":6}