{"evaluate_accuracy":0.22662266226622663,"evaluate_loss":1.9409162340493038,"train_loss":5.7224339685942,"_runtime":9,"_step":2,"_timestamp":1.7564906021522472e+09,"_wandb":{"runtime":9}}