{"evaluate_loss":1.5779608930860247,"train_loss":5.217826791804471,"EXP_096_N3_R4_E3_CLIENT_03_status":0,"_timestamp":1.7565705239265158e+09,"_wandb":{"runtime":24},"_runtime":24,"_step":8,"evaluate_accuracy":0.41631673665266944}