{"_runtime":45,"_step":5,"_timestamp":1.7565742530595918e+09,"_wandb":{"runtime":45},"train_loss":7.603532888327434,"EXP_105_N8_R4_E4_CLIENT_01_status":0,"evaluate_accuracy":0.1856,"evaluate_loss":2.034578523039818}