{"_wandb":{"runtime":5718},"evaluate_accuracy":0.386,"evaluate_loss":1.6578795276110685,"train_loss":8.436329795910527,"_runtime":5718.004310817,"_step":7,"_timestamp":1.754218538602384e+09}