{"_timestamp":1.7545826519363563e+09,"evaluate_loss":2.3776275568370577,"evaluate_accuracy":0.0904,"_wandb":{"runtime":58},"train_loss":7.6485732481502495,"_runtime":57.983619718,"_step":1}