{"_runtime":914.495633222,"_step":5,"_timestamp":1.7492154908184967e+09,"_wandb":{"runtime":914},"evaluate_accuracy":0.33293341331733656,"evaluate_loss":1.7004461958294823,"train_loss":5.2274305480275505}