{"_runtime":17.964905698,"train_loss":7.559446940756148,"_timestamp":1.7571511071686022e+09,"_step":0,"_wandb":{"runtime":17}}