{"EXP_107_N8_R4_E5_CLIENT_08_status":0,"_step":9,"_wandb":{"runtime":48},"evaluate_accuracy":0.4008,"train_loss":8.14718887760381,"_runtime":48,"_timestamp":1.7565753635602145e+09,"evaluate_loss":1.6027318358421325}