{"evaluate_accuracy":0.2245,"evaluate_loss":1.9836589760250516,"train_loss":5.620772894382477,"_runtime":16,"_step":2,"_timestamp":1.757171780069453e+09,"_wandb":{"runtime":16}}