{"_runtime":170,"_step":1,"_timestamp":1.757154080947165e+09,"_wandb":{"runtime":170},"train_loss":9.42791843793954,"evaluate_loss":2.4149771451950075,"evaluate_accuracy":0.0984}