{"evaluate_accuracy":0.1632,"evaluate_loss":2.113186040520668,"train_loss":7.928382512110813,"_runtime":127,"_step":3,"_timestamp":1.757152285075734e+09,"_wandb":{"runtime":127}}