{"_runtime":5141.405915746,"_step":5,"_timestamp":1.747832368292178e+09,"_wandb":{"runtime":5142},"evaluate_accuracy":0.229,"evaluate_loss":1.9639370664954185,"train_loss":4.006641139030457}