{"_step":3,"_timestamp":1.756488855465384e+09,"_wandb":{"runtime":9},"evaluate_accuracy":0.32673267326732675,"evaluate_loss":1.7866758619035994,"train_loss":6.10761252152834,"_runtime":9}