{"evaluate_accuracy":0.3857228554289142,"evaluate_loss":1.6287063927877516,"train_loss":5.066723877291599,"_runtime":3698.149861989,"_step":7,"_timestamp":1.749215548981645e+09,"_wandb":{"runtime":3698}}