{"_step":0,"_wandb":{"runtime":79},"_runtime":79,"EXP_110_N8_R5_E4_CLIENT_03_status":0,"_timestamp":1.7571494664191496e+09,"train_loss":7.730770275850964}