{"train_loss":5.693313417388953,"_runtime":51,"_step":3,"_timestamp":1.7564633981008115e+09,"_wandb":{"runtime":51},"evaluate_accuracy":0.22555488902219556,"evaluate_loss":2.0326339176722934}