{"train_loss":9.21906233062014,"_runtime":61.625512741,"_step":1,"evaluate_loss":2.3273777421915307,"evaluate_accuracy":0.08938212357528494,"_timestamp":1.7545852702195847e+09,"_wandb":{"runtime":61}}