{"_step":2,"_timestamp":1.754220335043947e+09,"_wandb":{"runtime":221},"evaluate_accuracy":0.1052,"evaluate_loss":2.361742737927014,"train_loss":12.380517359358816,"_runtime":221.279533538}