{"_timestamp":1.747832999927239e+09,"_wandb":{"runtime":164504},"evaluate_accuracy":0.108,"evaluate_loss":2.3079364420492436,"train_loss":3.82050453969084,"_runtime":164504.982277694,"_step":10}