{"_step":0,"_wandb":{"runtime":8},"_runtime":8.413912956,"train_loss":6.123063215248877,"_timestamp":1.7564887570345984e+09}