{"_step":3,"_timestamp":1.7542166406151066e+09,"_wandb":{"runtime":221},"evaluate_accuracy":0.198,"evaluate_loss":2.0695769439769696,"train_loss":5.883599512112407,"_runtime":221.891544442}