{"train_loss":10.185336791288357,"_runtime":808.124632275,"_step":4,"_timestamp":1.7545834633461893e+09,"_wandb":{"runtime":808},"evaluate_accuracy":0.2884,"evaluate_loss":1.877056529250326}