{"_timestamp":1.7492031631437998e+09,"_wandb":{"runtime":905},"evaluate_accuracy":0.3632,"evaluate_loss":1.7092058544705628,"train_loss":3.517648661994934,"_runtime":905.084819329,"_step":5}