{"_runtime":442.117203034,"_step":4,"_timestamp":1.7492049933534794e+09,"_wandb":{"runtime":442},"evaluate_accuracy":0.3514,"evaluate_loss":1.7189212953968414,"train_loss":3.4228319314956663}