{"_step":5,"_timestamp":1.756573818543224e+09,"_wandb":{"runtime":33},"evaluate_loss":2.01821175813675,"evaluate_accuracy":0.2104,"train_loss":5.321012329144083,"EXP_104_N8_R5_E3_CLIENT_01_status":0,"_runtime":33}