{"_step":0,"_wandb":{"runtime":49},"train_loss":9.180667684555054,"_timestamp":1.7542082762412837e+09,"_runtime":49.148274387}