{"_wandb":{"runtime":54},"train_loss":9.216347416368915,"_runtime":54.622301907,"_step":1,"_timestamp":1.7545821265080204e+09,"evaluate_loss":2.3321978683713116,"evaluate_accuracy":0.1024}