{"_timestamp":1.7545868868951426e+09,"_wandb":{"runtime":1023},"evaluate_accuracy":0.2819436112777445,"evaluate_loss":1.891116220996065,"train_loss":10.173316815253079,"_runtime":1023.060333061,"_step":4}