{"train_loss":7.639567397767119,"_runtime":110536.282837935,"_step":11,"_timestamp":1.7542138280747113e+09,"_wandb":{"runtime":110536},"evaluate_accuracy":0.4610077984403119,"evaluate_loss":1.500903144336882}