{"_step":1,"_timestamp":1.7564905561467922e+09,"_wandb":{"runtime":8},"train_loss":6.0223830980167055,"evaluate_accuracy":0.1054945054945055,"evaluate_loss":2.3568339594479264,"_runtime":8}