{"EXP_085_N8_R4_E4_CLIENT_04_status":0,"_timestamp":1.756547040877402e+09,"train_loss":7.6572805286213095,"_step":0,"_wandb":{"runtime":13},"_runtime":13}