{"_timestamp":1.7565500750244515e+09,"_wandb":{"runtime":2},"evaluate_accuracy":0.3168,"evaluate_loss":1.8535733669996262,"EXP_088_N8_R4_E2_CLIENT_05_status":0,"_runtime":2,"_step":5}