{"_wandb":{"runtime":145468},"evaluate_accuracy":0.446,"evaluate_loss":1.53857077375243,"train_loss":10.319271275410635,"_runtime":145468.239516535,"_step":11,"_timestamp":1.7541791855031962e+09}