{"_timestamp":1.7565453133447428e+09,"evaluate_loss":2.241234320514607,"evaluate_accuracy":0.14517096580683864,"_wandb":{"runtime":0},"_runtime":0,"_step":1,"EXP_080_N6_R4_E3_CLIENT_04_status":0}