{"_wandb":{"runtime":6602},"evaluate_accuracy":0.3872,"evaluate_loss":1.6472451113447357,"train_loss":8.380530268239518,"_runtime":6602.319637381,"_step":7,"_timestamp":1.754219173735333e+09}