{"_step":6,"_timestamp":1.7542130698632672e+09,"_wandb":{"runtime":3615},"evaluate_accuracy":0.32273545290941813,"evaluate_loss":1.760859964007423,"train_loss":8.315905153322563,"_runtime":3615.009407575}