{"evaluate_loss":1.6574398146735296,"train_loss":4.872621856212616,"_runtime":45.485182611,"_step":5,"_timestamp":1.7571718537647324e+09,"_wandb":{"runtime":45},"evaluate_accuracy":0.3825}