{"_wandb":{"runtime":27},"_runtime":27.166754349,"train_loss":9.373695365428924,"_timestamp":1.7571723895560145e+09,"_step":0}