{"_wandb":{"runtime":263},"_runtime":263.447820188,"_step":0,"train_loss":6.913786259151641,"_timestamp":1.7564805761938074e+09}