{"_step":1,"_timestamp":1.7542153540095308e+09,"_wandb":{"runtime":122},"train_loss":12.914142901948887,"evaluate_loss":2.67758233433678,"evaluate_accuracy":0.10047990401919617,"_runtime":122.529316331}