{"evaluate_accuracy":0.29154169166166766,"evaluate_loss":1.86743137609391,"train_loss":8.17564164505874,"_runtime":870.233460975,"_step":4,"_timestamp":1.7542125568636909e+09,"_wandb":{"runtime":870}}