{"_wandb":{"runtime":30467},"evaluate_accuracy":0.4064,"evaluate_loss":1.6032951511914215,"train_loss":4.694135815190812,"_runtime":30467.133111382,"_step":10,"_timestamp":1.7542174094374988e+09}