{"evaluate_loss":1.5894327687609726,"train_loss":10.854184599018097,"_runtime":1441.253221,"_step":4,"_timestamp":1.7542092154517012e+09,"_wandb":{"runtime":1441},"evaluate_accuracy":0.4056}