{"EXP_092_N3_R3_E2_CLIENT_01_status":0,"_timestamp":1.756568119782881e+09,"train_loss":3.993640780734787,"_step":0,"_wandb":{"runtime":14},"_runtime":14}