{"evaluate_accuracy":0.3444,"evaluate_loss":1.731746079046515,"train_loss":10.125342481814254,"_runtime":1870.355237968,"_step":5,"_timestamp":1.7545834814067218e+09,"_wandb":{"runtime":1870}}