{"evaluate_loss":2.347342497185816,"evaluate_accuracy":0.1024,"_runtime":84.40125688,"_step":1,"_timestamp":1.7545839126899137e+09,"_wandb":{"runtime":84},"train_loss":10.967319985929008}