{"evaluate_accuracy":0.3744,"evaluate_loss":1.7126516556438012,"train_loss":8.118919714190328,"_runtime":6498.726638413,"_step":7,"_timestamp":1.7541765796435597e+09,"_wandb":{"runtime":6498}}