{"train_loss":5.5140084877288595,"EXP_101_N9_R4_E3_CLIENT_07_status":0,"_runtime":10,"evaluate_loss":1.8752562284469605,"_step":6,"_timestamp":1.756572520954235e+09,"_wandb":{"runtime":10},"evaluate_accuracy":0.3192446043165468}