{"_timestamp":1.7494668855665696e+09,"_wandb":{"runtime":147},"evaluate_accuracy":0.10287942411517696,"evaluate_loss":2.6577816395532516,"train_loss":7.2036866424180905,"_runtime":147.050942277,"_step":2}