{"evaluate_accuracy":0.1224,"_wandb":{"runtime":0},"_runtime":0,"_step":1,"EXP_087_N8_R4_E2_CLIENT_07_status":0,"_timestamp":1.7565484019621856e+09,"evaluate_loss":2.250208967924118}