{"_runtime":387.270852467,"_step":2,"_timestamp":1.754586137967893e+09,"_wandb":{"runtime":387},"evaluate_accuracy":0.10197960407918416,"evaluate_loss":2.317888232896913,"train_loss":11.287843778372952}