{"train_loss":5.996135981559753,"_step":0,"_wandb":{"runtime":13},"_runtime":13,"EXP_099_N5_R4_E3_CLIENT_01_status":0,"_timestamp":1.75657150836623e+09}