{"_timestamp":1.7542146932944753e+09,"evaluate_loss":2.3577825478145056,"evaluate_accuracy":0.09568086382723455,"_wandb":{"runtime":122},"train_loss":13.723561029925907,"_runtime":122.305675876,"_step":1}