{"_runtime":17,"_step":4,"_wandb":{"runtime":17},"_timestamp":1.7565734006831841e+09,"evaluate_accuracy":0.1376,"evaluate_loss":2.29723544716835,"train_loss":5.758940542579457,"EXP_103_N8_R4_E3_CLIENT_07_status":0}