{"_wandb":{"runtime":168072},"evaluate_accuracy":0.4356,"evaluate_loss":1.5165279602548878,"train_loss":4.553421014595032,"_runtime":168072.92679315,"_step":12,"_timestamp":1.7542071105572364e+09}