{"_step":5,"_timestamp":1.7492035691584268e+09,"_wandb":{"runtime":898},"evaluate_accuracy":0.359,"evaluate_loss":1.6795902616658789,"train_loss":3.487354075050354,"_runtime":898.843382225}