{"train_loss":4.969392441159529,"_runtime":2176.984525909,"_step":6,"_timestamp":1.754211917412785e+09,"_wandb":{"runtime":2176},"evaluate_accuracy":0.38662267546490703,"evaluate_loss":1.663568417231242}