{"train_loss":4.019374904155732,"_timestamp":1.754154491491179e+09,"_wandb":{"runtime":12},"_runtime":12.012664817,"_step":0}