{"_runtime":21.725349953,"_wandb":{"runtime":21},"_step":0,"train_loss":3.287520139503479,"_timestamp":1.7477471135025034e+09}