{"evaluate_loss":1.835501280426979,"train_loss":7.379638251984955,"EXP_105_N8_R4_E4_CLIENT_01_status":0,"_step":8,"_runtime":61,"_timestamp":1.7565743037585626e+09,"_wandb":{"runtime":61},"evaluate_accuracy":0.3128}