{"_runtime":35,"_step":6,"_timestamp":1.7571489385927486e+09,"_wandb":{"runtime":35},"evaluate_accuracy":0.2872,"evaluate_loss":1.845241767168045,"train_loss":7.205055630890427,"EXP_109_N8_R5_E4_CLIENT_07_status":0}