{"EXP_105_N8_R4_E4_CLIENT_01_status":0,"_timestamp":1.7565742315515974e+09,"_wandb":{"runtime":45},"train_loss":7.603532888327434,"_runtime":45,"_step":3,"evaluate_accuracy":0.1152,"evaluate_loss":2.3028555274009705}