{"_timestamp":1.7571512891170993e+09,"_wandb":{"runtime":149},"evaluate_accuracy":0.1816,"evaluate_loss":2.141689294576645,"train_loss":7.3416048607249165,"_runtime":149,"_step":3}