{"evaluate_loss":2.4833533914783334,"evaluate_accuracy":0.096,"_wandb":{"runtime":44},"train_loss":7.796431905545366,"_runtime":44.399881893,"_step":1,"_timestamp":1.7563094402681956e+09}