{"_timestamp":1.756550859799911e+09,"evaluate_loss":2.3198643147945406,"_wandb":{"runtime":0},"_runtime":0,"evaluate_accuracy":0.1032,"_step":1,"EXP_090_N8_R4_E2_CLIENT_08_status":0}