{"_runtime":1187.35389024,"_step":3,"_timestamp":1.7478322179000487e+09,"_wandb":{"runtime":1188},"evaluate_accuracy":0.092,"evaluate_loss":2.27872983366251,"train_loss":4.609047622680664}