{"_runtime":42.992254859,"_timestamp":1.7541485476744385e+09,"partition_id":1,"train_loss":3.914930393600464,"evaluate_accuracy":0.1294,"evaluate_loss":2.225685977632073,"_step":1,"client_name":"EXP_001_Nunknown_R2_E2_CLIENT_02","_wandb":{"runtime":43}}