{"_step":7,"_timestamp":1.7545841435265863e+09,"_wandb":{"runtime":8036},"evaluate_accuracy":0.41,"evaluate_loss":1.6162431919122044,"train_loss":9.83844319357278,"_runtime":8036.561205302}