{"_wandb":{"runtime":46},"train_loss":5.612173816266532,"evaluate_loss":2.312762547142898,"evaluate_accuracy":0.0972,"_runtime":46.166305695,"_step":1,"_timestamp":1.7542161555474904e+09}