{"evaluate_accuracy":0.09658068386322735,"_runtime":32.735653957,"_step":1,"_timestamp":1.749214063867796e+09,"_wandb":{"runtime":32},"train_loss":3.886918162270415,"evaluate_loss":2.3240596453348794}