{"train_loss":6.753660746656668,"_runtime":1092.079569588,"_step":5,"_timestamp":1.756309579947238e+09,"_wandb":{"runtime":1092},"evaluate_accuracy":0.3492,"evaluate_loss":1.686163383194163}