{"_runtime":9,"_step":1,"_timestamp":1.7564887735073795e+09,"_wandb":{"runtime":9},"train_loss":6.414381345398992,"evaluate_loss":2.3254933289119175,"evaluate_accuracy":0.10431654676258993}