{"_wandb":{"runtime":8},"evaluate_loss":2.337066739797592,"evaluate_accuracy":0.1072,"train_loss":5.9507096451558885,"_runtime":8,"_step":1,"_timestamp":1.756489237617204e+09}