{"_timestamp":1.754178939722807e+09,"_wandb":{"runtime":2174},"evaluate_accuracy":0.4228,"evaluate_loss":1.5994060160238532,"train_loss":11.534969987579808,"_runtime":2174.448819216,"_step":5}