{"_wandb":{"runtime":21},"_runtime":21.111213742,"_step":0,"train_loss":9.38469336670675,"_timestamp":1.7571553392218657e+09}