{"train_loss":3.75502869208082,"evaluate_accuracy":0.14097180563887224,"evaluate_loss":2.2503007184891475,"_runtime":36.696473497,"_step":1,"_timestamp":1.75630874943101e+09,"_wandb":{"runtime":36}}