{"evaluate_loss":1.7259979910320706,"train_loss":8.10493153476715,"_runtime":5731.913921551,"_step":6,"_timestamp":1.7541739664476113e+09,"_wandb":{"runtime":5731},"evaluate_accuracy":0.3445}