{"train_loss":8.00188658419688,"_step":0,"_wandb":{"runtime":19},"_runtime":19,"EXP_106_N8_R5_E4_CLIENT_04_status":0,"_timestamp":1.7565746799281034e+09}