{"_step":2,"_timestamp":1.7564892785662882e+09,"_wandb":{"runtime":9},"evaluate_accuracy":0.1464,"evaluate_loss":2.176595550775528,"train_loss":5.883008074608578,"_runtime":9}