{"_wandb":{"runtime":1131},"evaluate_accuracy":0.206,"evaluate_loss":1.978252991845336,"train_loss":12.114149226929053,"_runtime":1131.029181887,"_step":4,"_timestamp":1.7542204227277596e+09}