{"_wandb":{"runtime":0},"_runtime":0,"EXP_107_N8_R4_E5_CLIENT_07_status":0,"_timestamp":1.756575191922347e+09,"evaluate_loss":2.3282885432243345,"evaluate_accuracy":0.0984,"_step":1}