{"_runtime":8122.222423606,"_step":7,"_timestamp":1.7541790218548203e+09,"_wandb":{"runtime":8122},"evaluate_accuracy":0.4468,"evaluate_loss":1.527601187742209,"train_loss":10.970167111093623}