{"_timestamp":1.7565508597634857e+09,"_wandb":{"runtime":0},"_runtime":0,"evaluate_loss":2.3331878066062925,"evaluate_accuracy":0.092,"_step":1,"EXP_090_N8_R4_E2_CLIENT_06_status":0}