{"train_loss":6.099608624458313,"_wandb":{"runtime":13},"_runtime":13,"_step":0,"EXP_102_N10_R4_E3_CLIENT_05_status":0,"_timestamp":1.7565728447624488e+09}