{"_step":0,"train_loss":8.052221755741694,"_timestamp":1.7563109058070748e+09,"_runtime":26.296545435,"_wandb":{"runtime":26}}