{"_runtime":13,"_step":2,"evaluate_loss":2.3371437549591065,"evaluate_accuracy":0.0928,"_timestamp":1.756573347363754e+09,"_wandb":{"runtime":13},"train_loss":6.140363232345338,"EXP_103_N8_R4_E3_CLIENT_02_status":0}