{"evaluate_loss":1.7951763530947127,"train_loss":11.129923428074594,"_runtime":12940.711039138,"_step":7,"_timestamp":1.754586380893449e+09,"_wandb":{"runtime":12940},"evaluate_accuracy":0.31073785242951407}