{"train_loss":7.501430215349623,"_runtime":45,"_step":5,"_timestamp":1.7565747563817008e+09,"_wandb":{"runtime":45},"evaluate_accuracy":0.2224,"evaluate_loss":2.002262735366821,"EXP_106_N8_R5_E4_CLIENT_04_status":0}