{"evaluate_accuracy":0.3644,"_wandb":{"runtime":641},"_runtime":641.971383655,"client_name":"EXP_004_N2_R4_E3_CLIENT_02","partition_id":1,"_step":4,"train_loss":4.746705808162689,"_timestamp":1.7541513736917531e+09,"evaluate_loss":1.705442357974447}