{"train_loss":7.55075016113135,"_timestamp":1.75630942044459e+09,"_runtime":23.211716261,"_step":0,"_wandb":{"runtime":23}}