{"evaluate_accuracy":0.1152,"_wandb":{"runtime":102},"train_loss":9.216242765924733,"_runtime":102,"_step":1,"_timestamp":1.7571522231075304e+09,"evaluate_loss":2.2964163780212403}