{"_timestamp":1.7542199301574693e+09,"_wandb":{"runtime":2014},"evaluate_accuracy":0.35,"evaluate_loss":1.737708105316645,"train_loss":11.8955702294176,"_runtime":2013.97630538,"_step":5}