{"evaluate_accuracy":0.3864,"train_loss":8.298364838217474,"_step":11,"_timestamp":1.756575910168422e+09,"evaluate_loss":1.7190856158733367,"EXP_108_N8_R5_E5_CLIENT_03_status":0,"_runtime":101,"_wandb":{"runtime":101}}