{"_runtime":42.786620963,"_step":1,"_timestamp":1.7492056190804408e+09,"_wandb":{"runtime":42},"train_loss":3.8102310249328615,"evaluate_loss":2.336890603326688,"evaluate_accuracy":0.0982}