{"_runtime":182.292330842,"_step":3,"_timestamp":1.7541537848050022e+09,"_wandb":{"runtime":182},"evaluate_accuracy":0.3302339532093581,"evaluate_loss":1.7579917782828922,"train_loss":3.528204534265349}