{"_wandb":{"runtime":139793},"evaluate_accuracy":0.4487102579484103,"evaluate_loss":1.5232101417723156,"train_loss":4.65173536839245,"_runtime":139793.913535433,"_step":12,"_timestamp":1.754212093299423e+09}