{"_timestamp":1.7571717335643728e+09,"_step":0,"evaluate_loss":2.3594705112396723,"_wandb":{"runtime":1},"_runtime":1,"evaluate_accuracy":0.113}