{"evaluate_loss":1.6230836709340413,"train_loss":5.166835830688477,"_runtime":13,"_step":4,"_timestamp":1.7571718706057658e+09,"_wandb":{"runtime":13},"evaluate_accuracy":0.4125}