{"_step":5,"_timestamp":1.7494613644496012e+09,"_wandb":{"runtime":1286},"evaluate_accuracy":0.4214,"evaluate_loss":1.5794281762117033,"train_loss":4.9362116611480715,"_runtime":1286.804497904}