{"evaluate_accuracy":0.44,"evaluate_loss":1.538637733157677,"train_loss":4.699907659532163,"_runtime":110580.159190101,"_step":12,"_timestamp":1.7542174578604472e+09,"_wandb":{"runtime":110580}}