{"_wandb":{"runtime":175},"evaluate_accuracy":0.416,"evaluate_loss":1.5792214006185532,"train_loss":6.656327628785638,"EXP_109_N8_R5_E4_CLIENT_08_status":0,"_runtime":175,"_step":10,"_timestamp":1.757149086509955e+09}