{"EXP_104_N8_R5_E3_CLIENT_05_status":0,"_timestamp":1.7565737145421195e+09,"train_loss":6.092822793942348,"_step":0,"_wandb":{"runtime":13},"_runtime":13}