{"evaluate_loss":1.6392347296332097,"train_loss":3.3026273303985594,"_runtime":4.29496731613793e+09,"_step":40,"_timestamp":1.7479204447331157e+09,"_wandb":{"runtime":4294967316},"evaluate_accuracy":0.3824}