{"_timestamp":1.7565471866009662e+09,"_wandb":{"runtime":48},"evaluate_accuracy":0.3728,"_runtime":48,"_step":11,"evaluate_loss":1.6900657653808593,"train_loss":7.060790271516058,"EXP_085_N8_R4_E4_CLIENT_01_status":0}