{"_timestamp":1.7542153309081268e+09,"_runtime":60.07652266,"_step":0,"train_loss":12.914142901948887,"_wandb":{"runtime":60}}