{"_step":0,"train_loss":10.919968089418548,"_wandb":{"runtime":79},"_timestamp":1.7545866812024179e+09,"_runtime":79.284513071}