{"evaluate_loss":1.8333385642969384,"train_loss":11.03514605161676,"_runtime":13034.381376306,"_step":7,"_timestamp":1.7545863801379402e+09,"_wandb":{"runtime":13034},"evaluate_accuracy":0.3011397720455909}