{"evaluate_loss":1.9209313640054666,"train_loss":10.5615164018704,"_runtime":805.791279383,"_step":3,"_timestamp":1.7545868135364158e+09,"_wandb":{"runtime":805},"evaluate_accuracy":0.27174565086982605}