{"evaluate_loss":1.842416789382696,"train_loss":5.339342608451843,"EXP_102_N10_R4_E3_CLIENT_02_status":0,"_runtime":32,"_step":8,"_timestamp":1.7565729775710208e+09,"_wandb":{"runtime":32},"evaluate_accuracy":0.319}