{"train_loss":9.524500518088129,"_runtime":97,"_step":3,"_timestamp":1.7571554644158406e+09,"_wandb":{"runtime":97},"evaluate_accuracy":0.1184,"evaluate_loss":2.2309643268585204}