{"_timestamp":1.7541746944835756e+09,"_wandb":{"runtime":6863},"evaluate_accuracy":0.355128974205159,"evaluate_loss":1.7088329162237779,"train_loss":8.754625566268082,"_runtime":6863.845921978,"_step":7}