{"_step":6,"_timestamp":1.7542064137049878e+09,"_wandb":{"runtime":3401},"evaluate_accuracy":0.3576,"evaluate_loss":1.7163932255119274,"train_loss":5.031823590278625,"_runtime":3401.382664443}