{"_wandb":{"runtime":8},"train_loss":6.417488529423999,"evaluate_loss":2.393078225851059,"evaluate_accuracy":0.084,"EXP_084_N8_R4_E3_CLIENT_01_status":0,"_runtime":8,"_step":2,"_timestamp":1.7565467214001637e+09}