{"_timestamp":1.756546477831013e+09,"_wandb":{"runtime":0},"evaluate_accuracy":0.2488,"evaluate_loss":1.9657122194766998,"EXP_083_N8_R4_E2_CLIENT_06_status":0,"_runtime":0,"_step":3}