{"evaluate_loss":1.5331107605071295,"train_loss":7.682987608909607,"_runtime":67,"_step":7,"_timestamp":1.7571726147356148e+09,"_wandb":{"runtime":67},"evaluate_accuracy":0.4485}