{"_runtime":1,"_step":0,"evaluate_loss":2.4511573163289873,"evaluate_accuracy":0.1055,"_timestamp":1.7571724093228493e+09,"_wandb":{"runtime":1}}