{"_timestamp":1.7545838896996412e+09,"_runtime":41.169717491,"_step":0,"_wandb":{"runtime":41},"train_loss":10.967319985929008}