{"evaluate_accuracy":0.1728,"evaluate_loss":2.151738715171814,"EXP_088_N8_R4_E2_CLIENT_05_status":0,"_runtime":1,"_step":3,"_timestamp":1.7565500385132256e+09,"_wandb":{"runtime":1}}