{"evaluate_loss":2.323273649669829,"train_loss":7.015182551434286,"_runtime":152.241464562,"_step":2,"_timestamp":1.749466011716761e+09,"_wandb":{"runtime":152},"evaluate_accuracy":0.10287942411517696}