{"_wandb":{"runtime":56},"_step":0,"train_loss":7.874529851110358,"_timestamp":1.7545846653012767e+09,"_runtime":56.215396659}