{"evaluate_loss":2.0379085023448154,"train_loss":9.168649842864589,"_runtime":840.952782552,"_step":4,"_timestamp":1.7541745465698864e+09,"_wandb":{"runtime":840},"evaluate_accuracy":0.17456508698260348}