{"evaluate_loss":1.629645231791905,"train_loss":7.782438479024443,"_runtime":3780.945537627,"_step":6,"_timestamp":1.7542136629023886e+09,"_wandb":{"runtime":3780},"evaluate_accuracy":0.41271745650869823}