{"_step":0,"_wandb":{"runtime":284},"_runtime":284.488055893,"train_loss":6.911807201022193,"_timestamp":1.7564805981376667e+09}