{"_step":0,"_wandb":{"runtime":37},"train_loss":9.573091927427834,"_timestamp":1.7542183129424973e+09,"_runtime":37.110691372}