{"train_loss":6.563767431647914,"EXP_109_N8_R5_E4_CLIENT_05_status":0,"_runtime":186,"_wandb":{"runtime":186},"evaluate_loss":1.8682402342557909,"_step":8,"_timestamp":1.7571490661062336e+09,"evaluate_accuracy":0.3024}