{"evaluate_accuracy":0.0984,"evaluate_loss":2.354770451784134,"EXP_103_N8_R4_E3_CLIENT_07_status":0,"train_loss":5.758940542579457,"_runtime":17,"_step":2,"_timestamp":1.756573384842395e+09,"_wandb":{"runtime":17}}