{"_runtime":41030.902358838,"_step":10,"_timestamp":1.75458295031376e+09,"_wandb":{"runtime":41030},"evaluate_accuracy":0.42,"evaluate_loss":1.5844402690477009,"train_loss":6.261788909046794}