{"_wandb":{"runtime":50214068},"evaluate_accuracy":0.10767846430713857,"evaluate_loss":2.2998117446899413,"train_loss":3.680437599154685,"_runtime":5.021406803005336e+07,"_step":24,"_timestamp":1.7478336004377108e+09}