{"_runtime":610.297572949,"_step":3,"_timestamp":1.754214789182407e+09,"_wandb":{"runtime":610},"evaluate_accuracy":0.23515296940611877,"evaluate_loss":1.9591931365785145,"train_loss":12.721453505454305}