{"_wandb":{"runtime":638986},"evaluate_accuracy":0.1928,"evaluate_loss":1.9601539463936528,"train_loss":3.6138742773677595,"_runtime":638986.956439749,"_step":12,"_timestamp":1.7478330473932586e+09}