{"_wandb":{"runtime":6},"evaluate_loss":1.941383683681488,"_timestamp":1.7565484389507532e+09,"evaluate_accuracy":0.236,"train_loss":3.978702226262184,"EXP_087_N8_R4_E2_CLIENT_05_status":0,"_runtime":6,"_step":4}