{"_step":9,"_timestamp":1.7542137521778755e+09,"_wandb":{"runtime":27614},"evaluate_accuracy":0.4391121775644871,"evaluate_loss":1.5711978026798794,"train_loss":7.731256334044093,"_runtime":27614.740496063}