{"_wandb":{"runtime":211},"evaluate_accuracy":0.3656,"evaluate_loss":1.679036343097687,"train_loss":8.1552799681949,"_runtime":211.035372074,"_step":6,"_timestamp":1.7571545542952535e+09}