{"EXP_086_N8_R4_E5_CLIENT_01_status":0,"_wandb":{"runtime":16},"_runtime":16,"_timestamp":1.7565474435567734e+09,"train_loss":9.831867566533909,"_step":0}