{"evaluate_loss":1.9577286378392633,"_runtime":13,"_step":4,"_timestamp":1.7565457364379191e+09,"_wandb":{"runtime":13},"train_loss":7.734630482048509,"EXP_081_N6_R4_E4_CLIENT_05_status":0,"evaluate_accuracy":0.2453509298140372}