{"_step":1,"_timestamp":1.7571720787571886e+09,"_wandb":{"runtime":20},"train_loss":11.520658646583556,"evaluate_accuracy":0.1125,"evaluate_loss":2.371148011041066,"_runtime":20}