{"_wandb":{"runtime":15},"evaluate_accuracy":0.23215356928614278,"evaluate_loss":1.9976338687932715,"train_loss":4.0025471329118645,"EXP_078_N6_R3_E2_CLIENT_03_status":0,"_runtime":15,"_step":5,"_timestamp":1.75654384896324e+09}