{"evaluate_accuracy":0.4115,"evaluate_loss":1.581159654117766,"train_loss":4.744525612354279,"_runtime":60,"_step":8,"_timestamp":1.7571719159686341e+09,"_wandb":{"runtime":60}}