{"evaluate_accuracy":0.10287942411517696,"_wandb":{"runtime":12},"_timestamp":1.7477451014484043e+09,"_runtime":11.521345357,"_step":0,"evaluate_loss":2.3895300070444745}