{"evaluate_loss":1.5446424876587301,"train_loss":6.309526464047904,"_runtime":78610.405761613,"_step":11,"_timestamp":1.7545829691162934e+09,"_wandb":{"runtime":78610},"evaluate_accuracy":0.4192}