{"EXP_083_N8_R4_E2_CLIENT_02_status":0,"_timestamp":1.7565464999028246e+09,"_wandb":{"runtime":16},"train_loss":3.632967538135067,"_runtime":16,"_step":6,"evaluate_accuracy":0.2512,"evaluate_loss":1.951457741856575}