{"_runtime":392.185288012,"_step":3,"_timestamp":1.754175605412448e+09,"_wandb":{"runtime":392},"evaluate_accuracy":0.178,"evaluate_loss":2.0853351973280123,"train_loss":9.10920317904256}