{"EXP_080_N6_R4_E3_CLIENT_02_status":0,"_runtime":13,"_step":2,"_timestamp":1.756545310423858e+09,"_wandb":{"runtime":13},"evaluate_loss":2.232498047486791,"evaluate_accuracy":0.16376724655068986,"train_loss":5.719392033284931}