{"_step":1,"_timestamp":1.754209472493277e+09,"_wandb":{"runtime":138},"evaluate_accuracy":0.092,"evaluate_loss":2.460923696019847,"train_loss":12.62701988811493,"_runtime":138.851308692}