{"evaluate_accuracy":0.0968,"evaluate_loss":2.3948408591596384,"train_loss":10.84855123297475,"_runtime":223.019694581,"_step":2,"_timestamp":1.7545833906636786e+09,"_wandb":{"runtime":223}}