{"_runtime":318.046360351,"_step":4,"_timestamp":1.7494631462791457e+09,"_wandb":{"runtime":318},"evaluate_accuracy":0.20335932813437313,"evaluate_loss":2.1862378971917287,"train_loss":3.567441469187931}