{"_step":0,"_wandb":{"runtime":21},"train_loss":3.835470059967041,"client_name":"EXP_001_Nunknown_R2_E2_CLIENT_01","partition_id":0,"_timestamp":1.7541485318671567e+09,"_runtime":21.95862967}