{"train_loss":5.2888280517736055,"EXP_100_N8_R4_E3_CLIENT_05_status":0,"_runtime":10,"evaluate_accuracy":0.364,"_step":6,"_timestamp":1.7565720841959379e+09,"_wandb":{"runtime":10},"evaluate_loss":1.722830092906952}