{"_timestamp":1.7565513732890468e+09,"_wandb":{"runtime":16},"evaluate_accuracy":0.4152,"train_loss":8.192092789206535,"EXP_091_N8_R4_E5_CLIENT_05_status":0,"evaluate_loss":1.582658275961876,"_runtime":16,"_step":8}