{"_runtime":3288.137842217,"_step":6,"_timestamp":1.7541772599585032e+09,"_wandb":{"runtime":3288},"evaluate_accuracy":0.3232,"evaluate_loss":1.780392859555498,"train_loss":8.464882383331323}