{"_wandb":{"runtime":0},"_runtime":0,"_step":0,"evaluate_loss":2.3787758679225526,"evaluate_accuracy":0.10671067106710672,"_timestamp":1.7564905570916054e+09}