{"EXP_085_N8_R4_E4_CLIENT_07_status":0,"_timestamp":1.7565470586413898e+09,"evaluate_loss":2.3033007085323334,"evaluate_accuracy":0.0984,"_step":1,"_wandb":{"runtime":0},"_runtime":0}