{"_timestamp":1.7494626796771793e+09,"_wandb":{"runtime":1696},"evaluate_accuracy":0.3996,"evaluate_loss":1.6249981374497626,"train_loss":6.789146953010559,"_runtime":1696.801200015,"_step":5}