{"_wandb":{"runtime":23},"_timestamp":1.754216569459994e+09,"_runtime":23.039212267,"_step":0,"train_loss":6.911949918673823}