{"_runtime":13843.79549385,"_step":7,"_timestamp":1.7545870437390864e+09,"_wandb":{"runtime":13843},"evaluate_accuracy":0.3935212957408518,"evaluate_loss":1.621742993030908,"train_loss":9.558657899427642}