{"_step":1,"_timestamp":1.7571522667169597e+09,"_wandb":{"runtime":26},"evaluate_accuracy":0.0984,"train_loss":7.807831135525066,"evaluate_loss":2.325037831068039,"_runtime":26.489342022}