{"_runtime":122310.260676144,"_step":11,"_timestamp":1.7542138284285965e+09,"_wandb":{"runtime":122310},"evaluate_accuracy":0.45350929814037194,"evaluate_loss":1.482753855273837,"train_loss":7.652993324706308}