{"train_loss":4.6083544147491455,"_runtime":886.969797394,"_step":5,"_timestamp":1.7492059829095643e+09,"_wandb":{"runtime":887},"evaluate_accuracy":0.094,"evaluate_loss":2.3038374329828155}