{"train_loss":11.423008908288548,"_runtime":1118.09031683,"_step":4,"_timestamp":1.754178922331522e+09,"_wandb":{"runtime":1118},"evaluate_accuracy":0.2196,"evaluate_loss":2.0923941920075237}