{"EXP_107_N8_R4_E5_CLIENT_02_status":0,"_timestamp":1.7565751665011919e+09,"train_loss":10.089121052413988,"_step":0,"_wandb":{"runtime":20},"_runtime":20}