{"_runtime":15162.171707883,"_step":8,"_timestamp":1.75421373329651e+09,"_wandb":{"runtime":15162},"evaluate_accuracy":0.4373125374925015,"evaluate_loss":1.570719067255656,"train_loss":7.7431534970407006}