{"evaluate_accuracy":0.4445110977804439,"evaluate_loss":1.5481020223526727,"train_loss":7.489737436925765,"_runtime":60695.980631245,"_step":10,"_timestamp":1.7542138092262871e+09,"_wandb":{"runtime":60695}}