{"_wandb":{"runtime":8033},"evaluate_accuracy":0.3612,"evaluate_loss":1.7247348556035682,"train_loss":5.167549761720359,"_runtime":8033.968875141,"_step":8,"_timestamp":1.754216784554253e+09}