{"_wandb":{"runtime":0},"_runtime":0,"EXP_106_N8_R5_E4_CLIENT_06_status":0,"_timestamp":1.75657469994929e+09,"evaluate_loss":2.3118489265441893,"evaluate_accuracy":0.0864,"_step":1}