{"evaluate_loss":2.317717550666469,"evaluate_accuracy":0.1034,"_runtime":49.631371503,"_step":1,"_timestamp":1.7541313379383843e+09,"_wandb":{"runtime":49},"train_loss":3.905244881820679}