{"_timestamp":1.7542171485197675e+09,"evaluate_loss":2.4326606279687035,"evaluate_accuracy":0.0964,"_wandb":{"runtime":44},"train_loss":5.792971179127313,"_runtime":44.258558182,"_step":1}