{"_timestamp":1.757148939717084e+09,"_wandb":{"runtime":101},"evaluate_accuracy":0.2944,"_runtime":101,"evaluate_loss":1.818834376335144,"train_loss":7.174853506361603,"EXP_109_N8_R5_E4_CLIENT_06_status":0,"_step":8}