{"_timestamp":1.7458606172741184e+09,"_wandb":{"runtime":40},"_runtime":39.210123723,"_step":1874,"loss":2.3079349994659424,"epoch":2,"accuracy":0.09375}