{"evaluate_loss":1.5094550053278606,"train_loss":10.528447071139475,"_runtime":85706.085974064,"_step":10,"_timestamp":1.7542157897399812e+09,"_wandb":{"runtime":85706},"evaluate_accuracy":0.4190161967606479}