{"_wandb":{"runtime":29},"_timestamp":1.7458613109279587e+09,"_runtime":28.869075448,"_step":1249,"loss":1.7382172346115112,"epoch":1,"accuracy":0.3125}