{"_timestamp":1.7565712470855408e+09,"evaluate_accuracy":0.4272,"evaluate_loss":1.5518318044988415,"EXP_098_N4_R4_E3_CLIENT_02_status":0,"_step":9,"_wandb":{"runtime":32},"train_loss":4.970703789982171,"_runtime":32}