{"train_loss":10.589365547353571,"_runtime":406.996785033,"_step":2,"_timestamp":1.7545867954848843e+09,"_wandb":{"runtime":406},"evaluate_accuracy":0.09598080383923216,"evaluate_loss":2.4538833420231656}