{"EXP_110_N8_R5_E4_CLIENT_05_status":0,"_runtime":79,"evaluate_loss":2.307242840528488,"evaluate_accuracy":0.0952,"_step":2,"_timestamp":1.7571494821044345e+09,"_wandb":{"runtime":79},"train_loss":7.594695614401702}