{"_timestamp":1.754175588063085e+09,"_wandb":{"runtime":195},"evaluate_accuracy":0.0964,"evaluate_loss":2.3281456337699407,"train_loss":9.10920317904256,"_runtime":195.300803336,"_step":2}