{"EXP_103_N8_R4_E3_CLIENT_08_status":0,"_wandb":{"runtime":26},"evaluate_loss":2.3074593603610993,"_runtime":26,"_step":5,"_timestamp":1.7565734242157848e+09,"evaluate_accuracy":0.14,"train_loss":5.304937758263509}