{"evaluate_accuracy":0.1556,"evaluate_loss":2.2724063730543587,"train_loss":3.4836675367355348,"_runtime":2143.942158862,"_step":6,"_timestamp":1.7541530290382423e+09,"_wandb":{"runtime":2143}}