{"_timestamp":1.754175744125413e+09,"_wandb":{"runtime":6694},"evaluate_accuracy":0.3736,"evaluate_loss":1.657352557665185,"train_loss":8.33827411557158,"_runtime":6694.558220858,"_step":7}