{"evaluate_accuracy":0.3964,"evaluate_loss":1.6401238577275337,"train_loss":8.365544845501836,"_runtime":6022.197829991,"_step":7,"_timestamp":1.7541757441154294e+09,"_wandb":{"runtime":6022}}