{"_runtime":404.892689548,"_step":3,"_timestamp":1.7542062991596868e+09,"_wandb":{"runtime":404},"evaluate_accuracy":0.2742,"evaluate_loss":1.9190879627397865,"train_loss":5.478633972740173}