{"_wandb":{"runtime":11},"train_loss":3.9501785974502566,"_timestamp":1.7541544903199115e+09,"_runtime":11.998779705,"_step":0}