{"_step":2,"_timestamp":1.7492154109576855e+09,"_wandb":{"runtime":108},"evaluate_accuracy":0.10197960407918416,"evaluate_loss":2.5853126843770347,"train_loss":5.420336515211659,"_runtime":108.176251958}