{"_wandb":{"runtime":311},"evaluate_accuracy":0.2296,"evaluate_loss":1.950100412964821,"train_loss":9.424702016411311,"_runtime":311,"_step":3,"_timestamp":1.7571542625916522e+09}