{"_wandb":{"runtime":45},"evaluate_accuracy":0.411,"evaluate_loss":1.6024225193356711,"train_loss":8.01270703458786,"_runtime":45.20886108,"_step":4,"_timestamp":1.7571725497049172e+09}