{"_runtime":13,"_wandb":{"runtime":13},"evaluate_loss":1.603058609366417,"_step":8,"_timestamp":1.7565513747775578e+09,"evaluate_accuracy":0.3936,"train_loss":9.890654301187794,"EXP_091_N8_R4_E5_CLIENT_02_status":0}