{"_runtime":210.7635781,"evaluate_accuracy":0.301,"_step":3,"_timestamp":1.7541501548891249e+09,"client_name":"EXP_001_N2_R3_E2_CLIENT_02","partition_id":1,"evaluate_loss":1.7991450045518815,"_wandb":{"runtime":210},"train_loss":3.5106311878204344}