{"_runtime":19,"_timestamp":1.7565509530139003e+09,"_wandb":{"runtime":19},"train_loss":3.6128945525284784,"_step":8,"evaluate_accuracy":0.2664,"evaluate_loss":1.9654612451791764,"EXP_090_N8_R4_E2_CLIENT_07_status":0}