{"_timestamp":1.7541745495790632e+09,"_wandb":{"runtime":848},"evaluate_accuracy":0.1853629274145171,"evaluate_loss":2.0147559260422327,"train_loss":9.126457367217142,"_runtime":848.025524691,"_step":4}