{"_wandb":{"runtime":578},"evaluate_accuracy":0.2726454709058188,"evaluate_loss":1.860070644106184,"train_loss":6.744035181095846,"_runtime":578.148240141,"_step":4,"_timestamp":1.7492159321174352e+09}