{"accuracy":0.375,"_wandb":{"runtime":29},"_timestamp":1.7477428817225518e+09,"_runtime":29.307310416,"_step":1249,"loss":2.089233875274658,"epoch":1}