{"_timestamp":1.757171578593679e+09,"_wandb":{"runtime":30},"evaluate_accuracy":0.381,"evaluate_loss":1.634019864930047,"train_loss":4.975621649265289,"_runtime":30,"_step":5}