{"_runtime":9.477816337,"_step":1,"_timestamp":1.7564892633201075e+09,"_wandb":{"runtime":9},"train_loss":5.883008074608578,"evaluate_accuracy":0.104,"evaluate_loss":2.348959493637085}