{"_timestamp":1.754216788886991e+09,"_wandb":{"runtime":7536},"evaluate_accuracy":0.3524,"evaluate_loss":1.7166799638844743,"train_loss":5.200173785892158,"_runtime":7536.010024051,"_step":8}