{"_timestamp":1.7542156074533029e+09,"_wandb":{"runtime":5272},"evaluate_accuracy":0.33413317336532694,"evaluate_loss":1.7227294694809687,"train_loss":11.144525576266739,"_runtime":5272.994883893,"_step":6}