{"_runtime":23489.238064224,"_step":8,"_timestamp":1.75421051135577e+09,"_wandb":{"runtime":23489},"evaluate_accuracy":0.4126,"evaluate_loss":1.5672769576880583,"train_loss":10.722269689750672}