{"_wandb":{"runtime":70},"train_loss":9.572566320340092,"evaluate_loss":2.4953901767730713,"evaluate_accuracy":0.1052,"_runtime":70.093895012,"_step":1,"_timestamp":1.754177068378483e+09}