{"_step":6,"_timestamp":1.75657344602024e+09,"_wandb":{"runtime":16},"evaluate_accuracy":0.2432,"evaluate_loss":1.9479454189538956,"EXP_103_N8_R4_E3_CLIENT_04_status":0,"train_loss":5.8744966839529145,"_runtime":16}