{"evaluate_loss":1.9089684527495812,"train_loss":5.795126736164093,"_runtime":8,"_step":2,"_timestamp":1.7564906009614484e+09,"_wandb":{"runtime":8},"evaluate_accuracy":0.22662266226622663}