{"train_loss":6.96920769381675,"EXP_110_N8_R5_E4_CLIENT_03_status":0,"_timestamp":1.7571496417082176e+09,"evaluate_accuracy":0.2592,"_runtime":187,"_step":6,"_wandb":{"runtime":187},"evaluate_loss":1.9237797796726224}