{"_step":0,"train_loss":3.5965519834765427,"_timestamp":1.747745880992987e+09,"_runtime":14.755489517,"_wandb":{"runtime":14}}