{"_timestamp":1.7542185920963502e+09,"_wandb":{"runtime":12733},"evaluate_accuracy":0.3788,"evaluate_loss":1.675692466240895,"train_loss":8.115405990673711,"_runtime":12733.200206116,"_step":8}