{"evaluate_loss":2.3292167681568072,"EXP_078_N6_R3_E2_CLIENT_04_status":0,"_runtime":6,"_step":2,"_timestamp":1.7565438335539863e+09,"train_loss":3.9565512620661245,"_wandb":{"runtime":6},"evaluate_accuracy":0.08938212357528494}