{"evaluate_accuracy":0.13017396520695862,"_runtime":42,"_step":3,"evaluate_loss":2.3025433381398517,"train_loss":5.306453805175616,"EXP_093_N3_R3_E3_CLIENT_02_status":0,"_timestamp":1.756568423539523e+09,"_wandb":{"runtime":42}}