{"train_loss":7.51016417810112,"_timestamp":1.7571511130129278e+09,"_wandb":{"runtime":22},"_runtime":22.751848253,"_step":0}