{"_timestamp":1.7565737389051647e+09,"evaluate_loss":2.305527740716934,"evaluate_accuracy":0.0912,"_step":1,"EXP_104_N8_R5_E3_CLIENT_07_status":0,"_wandb":{"runtime":0},"_runtime":0}