{"_step":1,"_timestamp":1.7492144923398905e+09,"_wandb":{"runtime":28},"train_loss":3.895858949894527,"evaluate_loss":2.237716007232666,"evaluate_accuracy":0.15086982603479304,"_runtime":28.451334325}