{"_step":1,"evaluate_loss":2.606492641993931,"evaluate_accuracy":0.10257948410317937,"_timestamp":1.7564633362555265e+09,"_wandb":{"runtime":27},"train_loss":5.5691451062973165,"_runtime":27}