{"train_loss":3.807787142211585,"_runtime":32.364012396,"evaluate_loss":2.3641689187004453,"evaluate_accuracy":0.09568086382723455,"_step":1,"_timestamp":1.7494636975966916e+09,"_wandb":{"runtime":32}}