{"_timestamp":1.7565467907695653e+09,"evaluate_loss":2.302583521604538,"train_loss":6.910398706509049,"_step":5,"_wandb":{"runtime":18},"evaluate_accuracy":0.108,"EXP_084_N8_R4_E3_CLIENT_06_status":0,"_runtime":18}