{"_runtime":53.880465685,"_step":3,"_timestamp":1.7478305833961227e+09,"_wandb":{"runtime":54},"evaluate_accuracy":0.347,"evaluate_loss":1.7042467821935179,"train_loss":3.4660535474777223}