{"train_loss":3.649113743400574,"_runtime":103.115116575,"_step":2,"_timestamp":1.749460318775334e+09,"_wandb":{"runtime":103},"evaluate_accuracy":0.1266,"evaluate_loss":2.3065127096358378}