{"evaluate_accuracy":0.4088,"_runtime":30,"evaluate_loss":1.640258464217186,"train_loss":8.158878028772438,"EXP_086_N8_R4_E5_CLIENT_02_status":0,"_step":9,"_timestamp":1.7565475994569633e+09,"_wandb":{"runtime":30}}