{"evaluate_accuracy":0.3455,"evaluate_loss":1.7567568544357541,"train_loss":8.805569877624512,"_runtime":2881.977390209,"_step":5,"_timestamp":1.7541738515921328e+09,"_wandb":{"runtime":2882}}