{"_runtime":26.531358237,"train_loss":9.264374937057495,"_timestamp":1.757172388284644e+09,"_step":0,"_wandb":{"runtime":26}}