{"_timestamp":1.7545871548685086e+09,"_wandb":{"runtime":33236},"evaluate_accuracy":0.4241151769646071,"evaluate_loss":1.5891930854545449,"train_loss":9.385487358535876,"_runtime":33236.013565196,"_step":9}