{"_step":1,"_timestamp":1.7494636975076513e+09,"_wandb":{"runtime":30},"train_loss":3.959705127800683,"_runtime":30.258004973,"evaluate_loss":2.3606123765309652,"evaluate_accuracy":0.10587882423515296}