{"_wandb":{"runtime":8},"evaluate_accuracy":0.1735611510791367,"evaluate_loss":2.1961269174303326,"train_loss":5.747725425864295,"_runtime":8,"_step":2,"_timestamp":1.756488816439976e+09}