{"_timestamp":1.756571592517789e+09,"_wandb":{"runtime":24},"train_loss":4.958114835739136,"evaluate_accuracy":0.365,"evaluate_loss":1.7243360299912711,"EXP_099_N5_R4_E3_CLIENT_05_status":0,"_runtime":24,"_step":5}