{"_wandb":{"runtime":0},"_runtime":0,"evaluate_loss":2.3826828241348266,"evaluate_accuracy":0.1,"_timestamp":1.7571540832312763e+09,"_step":0}