{"evaluate_accuracy":0.0852,"evaluate_loss":2.3230585478529147,"train_loss":13.566517749914347,"_runtime":262.973962087,"_step":2,"_timestamp":1.7542198308147857e+09,"_wandb":{"runtime":262}}