{"_step":2,"_timestamp":1.7542108672479734e+09,"_wandb":{"runtime":122},"evaluate_accuracy":0.1160767846430714,"evaluate_loss":2.3006534962427048,"train_loss":5.69041860961228,"_runtime":122.966729683}