{"_wandb":{"runtime":23},"evaluate_loss":2.38965631212507,"evaluate_accuracy":0.09958008398320337,"train_loss":5.801079806378134,"EXP_096_N3_R4_E3_CLIENT_02_status":0,"_runtime":23,"_step":2,"_timestamp":1.7565703677845502e+09}