{"evaluate_accuracy":0.08938212357528494,"evaluate_loss":2.4503682064560226,"train_loss":11.209549547952898,"_runtime":94.047173266,"_step":1,"_timestamp":1.7545867000314028e+09,"_wandb":{"runtime":94}}