{"_runtime":16,"_timestamp":1.7565739285523953e+09,"_wandb":{"runtime":16},"evaluate_loss":1.6160549476742745,"train_loss":6.909726701724302,"_step":10,"evaluate_accuracy":0.3784,"EXP_104_N8_R5_E3_CLIENT_04_status":0}