{"evaluate_accuracy":0.2704,"evaluate_loss":1.8628469569773616,"train_loss":12.40825743682849,"_runtime":18134.249777735,"_step":8,"_timestamp":1.7541783040117505e+09,"_wandb":{"runtime":18134}}