{"_timestamp":1.7541758188641374e+09,"_wandb":{"runtime":26704},"evaluate_accuracy":0.4156,"evaluate_loss":1.5753527185584926,"train_loss":8.08103537292907,"_runtime":26703.972738519,"_step":9}