{"_timestamp":1.7542213945902681e+09,"_wandb":{"runtime":134352},"evaluate_accuracy":0.4668,"evaluate_loss":1.4780099950259245,"train_loss":10.532368181993403,"_runtime":134352.139458137,"_step":11}