{"_runtime":3463.009657358,"_step":6,"_timestamp":1.7541725053922148e+09,"_wandb":{"runtime":3463},"evaluate_accuracy":0.41241751649670066,"evaluate_loss":1.596624968165443,"train_loss":7.9587965917815975}