{"_timestamp":1.7478329534086816e+09,"_wandb":{"runtime":39931},"evaluate_accuracy":0.0968,"evaluate_loss":2.3356082469602173,"train_loss":3.963468753491728,"_runtime":39931.126302609,"_step":8}