{"_wandb":{"runtime":208},"evaluate_accuracy":0.3366,"evaluate_loss":1.7167834787611749,"train_loss":3.527981799888611,"_runtime":208.880785378,"_step":3,"_timestamp":1.7492049594656103e+09}