{"_timestamp":1.7565738808470912e+09,"evaluate_accuracy":0.3776,"evaluate_loss":1.6597120434045791,"EXP_104_N8_R5_E3_CLIENT_06_status":0,"_runtime":43,"_step":10,"_wandb":{"runtime":43},"train_loss":5.1092658703494225}