{"evaluate_loss":2.232498047486791,"EXP_080_N6_R4_E3_CLIENT_02_status":0,"_runtime":23,"_timestamp":1.7565453378753183e+09,"_wandb":{"runtime":23},"evaluate_accuracy":0.16376724655068986,"train_loss":5.4540098985416465,"_step":3}