{"_runtime":60.639283474,"evaluate_loss":2.3354138419741677,"evaluate_accuracy":0.10437912417516497,"_step":1,"_timestamp":1.7492162628301694e+09,"_wandb":{"runtime":60},"train_loss":7.122195076313522}