{"_runtime":494.348587315,"_step":3,"_timestamp":1.754221053491884e+09,"_wandb":{"runtime":494},"evaluate_accuracy":0.1764,"evaluate_loss":2.1817754884309406,"train_loss":12.172852600344454}