{"evaluate_loss":2.0461394802020614,"train_loss":3.675071867752075,"_runtime":4.294967298907716e+09,"_step":35,"_timestamp":1.7479203027962787e+09,"_wandb":{"runtime":4294967298},"evaluate_accuracy":0.2296}