{"_timestamp":1.7542212007226055e+09,"_wandb":{"runtime":4099},"evaluate_accuracy":0.3272,"evaluate_loss":1.7425230650962154,"train_loss":11.383381679035223,"_runtime":4099.569153395,"_step":6}