{"_timestamp":1.7564892616281266e+09,"_wandb":{"runtime":7},"evaluate_accuracy":0.1064,"train_loss":5.944990795888718,"evaluate_loss":2.367486208677292,"_runtime":7.85771656,"_step":1}