{"_step":1,"_timestamp":1.74921626283301e+09,"_wandb":{"runtime":62},"train_loss":9.215484158884136,"evaluate_loss":2.3432250885736376,"evaluate_accuracy":0.10287942411517696,"_runtime":62.66256115}