{"EXP_102_N10_R4_E3_CLIENT_01_status":0,"_runtime":12,"_step":4,"_timestamp":1.756572906529488e+09,"_wandb":{"runtime":12},"evaluate_accuracy":0.208,"evaluate_loss":2.019985791295767,"train_loss":6.189893237113953}