{"_wandb":{"runtime":59},"evaluate_accuracy":0.35632873425314937,"_runtime":59,"_step":8,"evaluate_loss":1.7074980156762258,"train_loss":5.166953255804323,"EXP_097_N3_R4_E3_CLIENT_01_status":0,"_timestamp":1.7565708309392245e+09}