{"_step":0,"_wandb":{"runtime":23},"train_loss":8.180661411042426,"_timestamp":1.754588851980698e+09,"_runtime":23.436046329}