{"_runtime":52.631528186,"_step":7,"_timestamp":1.757171900618295e+09,"_wandb":{"runtime":52},"evaluate_accuracy":0.403,"evaluate_loss":1.6258673232699197,"train_loss":4.720358251094818}