{"_step":6,"_timestamp":1.7541765576181512e+09,"_wandb":{"runtime":2936},"evaluate_accuracy":0.3592,"evaluate_loss":1.6982256641870812,"train_loss":8.131993794974427,"_runtime":2936.318379292}