{"_runtime":1492.068939159,"_step":5,"_timestamp":1.7542184721233685e+09,"_wandb":{"runtime":1492},"evaluate_accuracy":0.3044,"evaluate_loss":1.8588995299761808,"train_loss":9.011888544780378}