{"_wandb":{"runtime":11},"evaluate_loss":2.3866974535442536,"evaluate_accuracy":0.10407918416316736,"_timestamp":1.7477451001280155e+09,"_runtime":10.531189977,"_step":0}