{"evaluate_loss":1.5850577138719104,"train_loss":3.30472150151964,"_runtime":2390.379435929,"_step":7,"_timestamp":1.7492146388993883e+09,"_wandb":{"runtime":2390},"evaluate_accuracy":0.4268146370725855}