{"_runtime":6,"_step":2,"_timestamp":1.7565450174358218e+09,"_wandb":{"runtime":6},"train_loss":3.8571117158141432,"EXP_079_N6_R4_E2_CLIENT_01_status":0,"evaluate_accuracy":0.10917816436712657,"evaluate_loss":2.3386099293546856}