{"_wandb":{"runtime":0},"evaluate_accuracy":0.21,"evaluate_loss":2.081809159309145,"_runtime":0,"_step":1,"_timestamp":1.7571714905052488e+09}