{"train_loss":4.611575045776367,"_wandb":{"runtime":19},"_timestamp":1.7477470002956872e+09,"_runtime":19.901998631,"_step":0}