{"_wandb":{"runtime":74},"train_loss":9.19124704047133,"evaluate_loss":2.504550351372248,"evaluate_accuracy":0.098,"_runtime":73.997919834,"_step":1,"_timestamp":1.7541770680782156e+09}