{"_timestamp":1.754219242322303e+09,"_wandb":{"runtime":25908},"evaluate_accuracy":0.414,"evaluate_loss":1.5754527004459236,"train_loss":8.13880826489994,"_runtime":25908.037712872,"_step":9}