{"_timestamp":1.7541309532333615e+09,"_runtime":49.262578511,"_wandb":{"runtime":49},"_step":0,"train_loss":7.163898080062866}