{"_step":10,"_timestamp":1.7545842772098873e+09,"_wandb":{"runtime":64509},"evaluate_accuracy":0.4104,"evaluate_loss":1.5870441515234452,"train_loss":9.39682576336419,"_runtime":64509.172328034}