{"evaluate_loss":2.1581664721171063,"train_loss":8.772361027822791,"_runtime":839.212306502,"_step":4,"_timestamp":1.7542129953900456e+09,"_wandb":{"runtime":839},"evaluate_accuracy":0.17846430713857228}