{"train_loss":5.817860194072602,"_runtime":10,"_step":2,"_timestamp":1.7565733765948472e+09,"_wandb":{"runtime":10},"evaluate_accuracy":0.1,"evaluate_loss":2.3357161223888396,"EXP_103_N8_R4_E3_CLIENT_06_status":0}