{"_step":1,"EXP_079_N6_R4_E2_CLIENT_04_status":0,"_timestamp":1.7565450198278184e+09,"evaluate_loss":2.3340807230967395,"_wandb":{"runtime":0},"_runtime":0,"evaluate_accuracy":0.09178164367126575}