{"evaluate_loss":1.7909181019303146,"train_loss":3.386947185897827,"_wandb":{"runtime":529},"_timestamp":1.7541501934879234e+09,"_runtime":529.187783845,"_step":4,"client_name":"EXP_001_N2_R3_E2_CLIENT_01","partition_id":0,"evaluate_accuracy":0.306}