{"train_loss":5.5140084877288595,"evaluate_loss":2.110047405106681,"EXP_101_N9_R4_E3_CLIENT_07_status":0,"_runtime":9,"_step":4,"_timestamp":1.7565725047109296e+09,"_wandb":{"runtime":9},"evaluate_accuracy":0.2446043165467626}