{"_timestamp":1.7545872485014195e+09,"_wandb":{"runtime":111605},"evaluate_accuracy":0.4337132573485303,"evaluate_loss":1.550383230425277,"train_loss":9.13313593448064,"_runtime":111605.015688345,"_step":10}