{"_step":0,"train_loss":7.440282035940371,"_wandb":{"runtime":36},"_timestamp":1.7563138758933637e+09,"_runtime":36.475535765}