{"_timestamp":1.75714982456468e+09,"_wandb":{"runtime":187},"evaluate_loss":1.5889889299869537,"train_loss":6.985566464958677,"EXP_110_N8_R5_E4_CLIENT_02_status":0,"_step":10,"evaluate_accuracy":0.4272,"_runtime":187}