{"_runtime":20.387579267,"train_loss":5.992614964707591,"_timestamp":1.7564823859830954e+09,"_step":0,"_wandb":{"runtime":20}}