{"evaluate_loss":1.776638180017471,"evaluate_accuracy":0.3048,"train_loss":8.474858857643833,"EXP_108_N8_R5_E5_CLIENT_08_status":0,"_runtime":66,"_step":8,"_timestamp":1.756575892160985e+09,"_wandb":{"runtime":66}}