{"_step":0,"train_loss":6.081272065782433,"_timestamp":1.749214919080024e+09,"_runtime":22.086457904,"_wandb":{"runtime":22}}