{"_wandb":{"runtime":32},"train_loss":7.582134330348604,"_runtime":32,"_step":1,"evaluate_loss":2.408364725112915,"evaluate_accuracy":0.0944,"_timestamp":1.7571511396529877e+09}