{"_wandb":{"runtime":43},"train_loss":9.566202962998863,"_timestamp":1.754212845622518e+09,"_runtime":43.025568896,"_step":0}