{"_runtime":442.144803843,"_step":4,"_timestamp":1.7492059648309438e+09,"_wandb":{"runtime":442},"evaluate_accuracy":0.1006,"evaluate_loss":2.3035510208955996,"train_loss":4.6083544147491455}