{"train_loss":7.0023541313827415,"_runtime":121.228149124,"_step":7,"_timestamp":1.7571524540498571e+09,"_wandb":{"runtime":121},"evaluate_accuracy":0.3312,"evaluate_loss":1.754983726143837}