{"_step":7,"_timestamp":1.7492155486764452e+09,"_wandb":{"runtime":4156},"evaluate_accuracy":0.382123575284943,"evaluate_loss":1.6428170260928927,"train_loss":5.021527863520799,"_runtime":4156.504945579}