{"_timestamp":1.7541737568985913e+09,"_wandb":{"runtime":490},"evaluate_accuracy":0.236,"evaluate_loss":1.9926966088158744,"train_loss":9.18584325647354,"_runtime":490.016673385,"_step":3}