{"train_loss":5.208536586887259,"_runtime":551.992568002,"_step":4,"_timestamp":1.7542113257068856e+09,"_wandb":{"runtime":551},"evaluate_accuracy":0.2378524295140972,"evaluate_loss":1.920968138603937}