{"train_loss":6.913326275615265,"_timestamp":1.754216137669709e+09,"_runtime":23.01112979,"_step":0,"_wandb":{"runtime":23}}