{"train_loss":6.3071175570700575,"EXP_110_N8_R5_E4_CLIENT_08_status":0,"_step":10,"_timestamp":1.7571499049572186e+09,"evaluate_accuracy":0.424,"evaluate_loss":1.5628642171621323,"_runtime":220,"_wandb":{"runtime":220}}