{"EXP_081_N6_R4_E4_CLIENT_03_status":0,"_runtime":30,"_wandb":{"runtime":30},"evaluate_accuracy":0.33293341331733656,"_step":7,"_timestamp":1.7565457824387906e+09,"evaluate_loss":1.7880358943399393,"train_loss":7.761225977012416}