{"evaluate_accuracy":0.1234,"evaluate_loss":2.300727906500458,"train_loss":3.6350719272613525,"_runtime":103.110235721,"_step":2,"_timestamp":1.749460319600988e+09,"_wandb":{"runtime":103}}