{"_step":2,"_timestamp":1.7571715194774997e+09,"_wandb":{"runtime":12},"evaluate_accuracy":0.21,"evaluate_loss":2.081809159309145,"train_loss":5.295992236614227,"_runtime":12.491799617}