{"_runtime":12,"_step":1,"_timestamp":1.756490094635343e+09,"_wandb":{"runtime":12},"train_loss":5.976868153572083,"evaluate_loss":2.3223248347640038,"evaluate_accuracy":0.111}