{"_wandb":{"runtime":92},"train_loss":11.068485103476162,"evaluate_loss":2.360083531729783,"evaluate_accuracy":0.0864,"_runtime":92.650068019,"_step":1,"_timestamp":1.754583913114932e+09}