{"train_loss":7.531970183560802,"_runtime":137.696424499,"_step":4,"_timestamp":1.7571523194275036e+09,"_wandb":{"runtime":137},"evaluate_accuracy":0.1608,"evaluate_loss":2.090781646966934}