{"_wandb":{"runtime":271},"_runtime":271.627856968,"train_loss":6.092138146218799,"_timestamp":1.7564805858556058e+09,"_step":0}