{"_runtime":10407.897294207,"_step":7,"_timestamp":1.754174694581123e+09,"_wandb":{"runtime":10407},"evaluate_accuracy":0.3311337732453509,"evaluate_loss":1.7424684335600655,"train_loss":8.74311969725139}