{"train_loss":5.611156360308329,"_runtime":24,"_step":4,"_timestamp":1.7564911535381005e+09,"_wandb":{"runtime":24},"evaluate_accuracy":0.3669064748201439,"evaluate_loss":1.6932295516685203}