{"evaluate_loss":2.4718607720874606,"train_loss":3.654852954889659,"_runtime":4.294967314305007e+09,"_step":50,"_timestamp":1.74792311033146e+09,"_wandb":{"runtime":4294967314},"evaluate_accuracy":0.10197960407918416}