{"_step":39,"_timestamp":1.7479204121686869e+09,"_wandb":{"runtime":4294967299},"evaluate_accuracy":0.3826,"evaluate_loss":1.6417082692407499,"train_loss":3.3634640367507935,"_runtime":4.294967299142483e+09}