{"train_loss":6.563767431647914,"EXP_109_N8_R5_E4_CLIENT_05_status":0,"_runtime":186,"_timestamp":1.7571490878334682e+09,"_wandb":{"runtime":186},"evaluate_accuracy":0.416,"evaluate_loss":1.580777570605278,"_step":10}