{"_runtime":42.034212282,"_step":0,"_wandb":{"runtime":42},"train_loss":9.396587109394211,"_timestamp":1.7542128445347905e+09}