{"evaluate_accuracy":0.365626874625075,"evaluate_loss":1.6958814212254116,"train_loss":6.900378584575882,"_runtime":1138.204216725,"_step":5,"_timestamp":1.7494669631129432e+09,"_wandb":{"runtime":1138}}