{"evaluate_accuracy":0.365,"evaluate_loss":1.7364563695968145,"train_loss":5.030620203971862,"_runtime":25.265046157,"_step":4,"_timestamp":1.757171560387411e+09,"_wandb":{"runtime":25}}