{"_wandb":{"runtime":117},"evaluate_accuracy":0.096,"evaluate_loss":2.3055660905717295,"train_loss":5.841698342618851,"_runtime":117.906685948,"_step":2,"_timestamp":1.754216622047848e+09}