{"_wandb":{"runtime":167},"_runtime":167.174796125,"_step":0,"train_loss":9.752559365740247,"_timestamp":1.7571540608248858e+09}