{"_runtime":14,"_step":6,"_timestamp":1.7565454012719693e+09,"evaluate_accuracy":0.3797240551889622,"evaluate_loss":1.6568453514351036,"_wandb":{"runtime":14},"train_loss":5.91999692837017,"EXP_080_N6_R4_E3_CLIENT_01_status":0}