{"EXP_097_N3_R4_E3_CLIENT_02_status":0,"_runtime":40,"_wandb":{"runtime":40},"evaluate_accuracy":0.32693461307738453,"evaluate_loss":1.7643623068219139,"_step":5,"_timestamp":1.756570780233541e+09,"train_loss":5.40481501917759}