{"_wandb":{"runtime":24},"train_loss":3.4735919685363768,"_timestamp":1.747775879441745e+09,"_runtime":24.023072109,"_step":0}