{"_step":6,"_timestamp":1.749461060127704e+09,"_wandb":{"runtime":1763},"evaluate_accuracy":0.0976,"evaluate_loss":2.303132930379005,"train_loss":4.608232917785645,"_runtime":1763.207294769}