{"evaluate_loss":2.310367465019226,"evaluate_accuracy":0.0976,"_wandb":{"runtime":0},"_runtime":0,"_step":1,"EXP_106_N8_R5_E4_CLIENT_07_status":0,"_timestamp":1.7565746999652681e+09}