{"_step":0,"loss":1.7326671498162405,"accuracy":0.35632873425314937,"_wandb":{"runtime":8},"_timestamp":1.7477399541800888e+09,"_runtime":6.923046502}