{"EXP_109_N8_R5_E4_CLIENT_08_status":0,"_step":5,"_timestamp":1.7571489099140313e+09,"_wandb":{"runtime":61},"_runtime":61,"evaluate_accuracy":0.172,"evaluate_loss":2.14271650314331,"train_loss":7.138384228299378}