{"_runtime":1.3476724506603901e+09,"_step":23,"_timestamp":1.7478337280244157e+09,"_wandb":{"runtime":1347672450},"evaluate_accuracy":0.34043191361727654,"evaluate_loss":1.7416844367980957,"train_loss":3.45101201276985}