{"_timestamp":1.7542174815161574e+09,"_wandb":{"runtime":243654},"evaluate_accuracy":0.4604,"evaluate_loss":1.4796951262256768,"train_loss":4.639183781779232,"_runtime":243654.048043422,"_step":13}