{"evaluate_loss":2.5461626235087205,"train_loss":3.936604125595093,"_runtime":4.294967298827179e+09,"_step":45,"_timestamp":1.7479229239439414e+09,"_wandb":{"runtime":4294967298},"evaluate_accuracy":0.1106}