{"evaluate_loss":1.9303560435771943,"train_loss":3.981757605911061,"_step":4,"_timestamp":1.7565484388227935e+09,"EXP_087_N8_R4_E2_CLIENT_02_status":0,"_runtime":9,"_wandb":{"runtime":9},"evaluate_accuracy":0.2224}