{"EXP_100_N8_R4_E3_CLIENT_06_status":0,"_timestamp":1.7565720024371548e+09,"evaluate_loss":2.299427664279938,"evaluate_accuracy":0.096,"_step":1,"_wandb":{"runtime":0},"_runtime":0}