{"evaluate_loss":1.8441167899540492,"train_loss":7.082373639376615,"_runtime":336.457746803,"_step":3,"_timestamp":1.749215889919359e+09,"_wandb":{"runtime":336},"evaluate_accuracy":0.28524295140971806}