{"_timestamp":1.7565438855556598e+09,"_wandb":{"runtime":9},"evaluate_loss":1.8347254429223403,"EXP_078_N6_R3_E2_CLIENT_02_status":0,"evaluate_accuracy":0.30353929214157166,"train_loss":4.083316055211154,"_runtime":9,"_step":6}