{"_wandb":{"runtime":21},"_runtime":21,"EXP_094_N3_R3_E3_CLIENT_02_status":0,"_timestamp":1.7565692731202846e+09,"train_loss":5.699977779559952,"_step":0}