{"_runtime":135199.166726532,"_step":11,"_timestamp":1.7542087477837179e+09,"_wandb":{"runtime":135199},"evaluate_accuracy":0.4782,"evaluate_loss":1.486419166728949,"train_loss":7.55083072977066}