{"_runtime":20.216367095,"_wandb":{"runtime":20},"_step":0,"train_loss":3.5935611839294435,"_timestamp":1.747828273556691e+09}