{"_wandb":{"runtime":42},"evaluate_accuracy":0.3888,"evaluate_loss":1.6225427627563476,"train_loss":6.628295305428232,"EXP_105_N8_R4_E4_CLIENT_05_status":0,"_runtime":42,"_step":9,"_timestamp":1.7565743538474946e+09}