{"_runtime":54.991392294,"_step":0,"_wandb":{"runtime":54},"train_loss":9.187126507186889,"_timestamp":1.7542077294341037e+09}