{"_timestamp":1.7494630690913053e+09,"_wandb":{"runtime":36},"train_loss":4.608688634648312,"evaluate_loss":2.3622702099028086,"evaluate_accuracy":0.10257948410317937,"_runtime":36.670403369,"_step":1}