{"evaluate_accuracy":0.2697841726618705,"evaluate_loss":1.9136035530655473,"train_loss":5.349265735489982,"_runtime":25.694877093,"_step":3,"_timestamp":1.756491135708557e+09,"_wandb":{"runtime":25}}