{"_runtime":20.250503966,"_step":0,"_wandb":{"runtime":20},"train_loss":3.7793511589050293,"_timestamp":1.754152252636893e+09}