{"_wandb":{"runtime":1147},"evaluate_accuracy":0.1312,"evaluate_loss":2.450044425227974,"train_loss":11.822591892827433,"_runtime":1147.979325718,"_step":4,"_timestamp":1.7542199131316223e+09}