{"_step":8,"_timestamp":1.757148938116447e+09,"evaluate_accuracy":0.288,"evaluate_loss":1.8990263253450395,"train_loss":7.000087054671755,"EXP_109_N8_R5_E4_CLIENT_02_status":0,"_runtime":106,"_wandb":{"runtime":106}}