{"evaluate_loss":1.921900851385934,"train_loss":5.245630343469212,"_runtime":524.958863701,"_step":4,"_timestamp":1.7542113218653042e+09,"_wandb":{"runtime":524},"evaluate_accuracy":0.23875224955008997}