{"evaluate_loss":2.1612231850624086,"train_loss":5.944990795888718,"_runtime":8,"_step":2,"_timestamp":1.756489279678821e+09,"_wandb":{"runtime":8},"evaluate_accuracy":0.1456}