{"_wandb":{"runtime":79},"evaluate_loss":1.6920232146978378,"train_loss":8.49444506958032,"EXP_107_N8_R4_E5_CLIENT_04_status":0,"_runtime":79,"_step":8,"evaluate_accuracy":0.3432,"_timestamp":1.7565753056801386e+09}