{"evaluate_accuracy":0.1664,"evaluate_loss":2.1673392355442047,"train_loss":5.982156974494837,"_runtime":12,"_step":2,"_timestamp":1.7564892791862032e+09,"_wandb":{"runtime":12}}