{"_wandb":{"runtime":20},"evaluate_loss":2.1573091745376587,"train_loss":3.788771839658166,"EXP_088_N8_R4_E2_CLIENT_04_status":0,"_runtime":20,"_timestamp":1.7565500593948286e+09,"evaluate_accuracy":0.1648,"_step":6}