{"_runtime":16,"_step":2,"_timestamp":1.756551266082246e+09,"_wandb":{"runtime":16},"evaluate_accuracy":0.1008,"evaluate_loss":2.3577772200107576,"train_loss":9.474004860136919,"EXP_091_N8_R4_E5_CLIENT_06_status":0}