{"train_loss":9.283642693389234,"_timestamp":1.7541722801836731e+09,"_runtime":40.975727633,"_step":0,"_wandb":{"runtime":40}}