{"evaluate_loss":1.5452307387003823,"EXP_099_N5_R4_E3_CLIENT_02_status":0,"_wandb":{"runtime":27},"evaluate_accuracy":0.432,"train_loss":4.929311796665192,"_runtime":27,"_step":9,"_timestamp":1.7565716521181824e+09}