{"train_loss":6.830569586814783,"_runtime":520.987883137,"_step":4,"_timestamp":1.756309550928464e+09,"_wandb":{"runtime":520},"evaluate_accuracy":0.2712,"evaluate_loss":1.867359740824639}