{"_step":9,"_wandb":{"runtime":35},"train_loss":7.992958318959013,"_timestamp":1.7565462129825144e+09,"evaluate_accuracy":0.4313137372525495,"evaluate_loss":1.5372103025328439,"EXP_082_N6_R4_E5_CLIENT_04_status":0,"_runtime":35}