{"_timestamp":1.7563111330563955e+09,"_wandb":{"runtime":2019},"evaluate_accuracy":0.3107067879636109,"evaluate_loss":1.8396359708574084,"train_loss":7.420739031370792,"_runtime":2019.754765986,"_step":5}