{"_timestamp":1.7545827784732459e+09,"_wandb":{"runtime":1182},"evaluate_accuracy":0.3484,"evaluate_loss":1.7857718181006517,"train_loss":6.94953322943788,"_runtime":1182.073269673,"_step":5}