{"_wandb":{"runtime":15},"evaluate_loss":1.815596017241478,"_runtime":15,"evaluate_accuracy":0.288,"train_loss":8.044245654610313,"EXP_105_N8_R4_E4_CLIENT_04_status":0,"_step":6,"_timestamp":1.7565743043363998e+09}