{"evaluate_loss":1.6785404950380325,"train_loss":8.355995617095072,"_runtime":338,"_step":6,"_timestamp":1.757154504280077e+09,"_wandb":{"runtime":338},"evaluate_accuracy":0.3552}