{"evaluate_loss":1.8790404193009003,"train_loss":7.210781901027448,"_runtime":256.195657648,"_step":3,"_timestamp":1.7563095121808615e+09,"_wandb":{"runtime":256},"evaluate_accuracy":0.2664}