{"_timestamp":1.7478320548505657e+09,"_runtime":123.473121798,"_step":0,"_wandb":{"runtime":123},"train_loss":4.618813274383545}