{"_runtime":9060.31369143,"_step":7,"_timestamp":1.7541790231503375e+09,"_wandb":{"runtime":9060},"evaluate_accuracy":0.428,"evaluate_loss":1.5878022637548326,"train_loss":10.721950668877303}