{"_runtime":22.240996042,"_step":0,"_wandb":{"runtime":22},"train_loss":7.86478424755631,"_timestamp":1.7545888512237198e+09}