{"_runtime":140.049022351,"_step":3,"_timestamp":1.7541541662509036e+09,"_wandb":{"runtime":140},"evaluate_accuracy":0.2592,"evaluate_loss":1.9705394747891003,"train_loss":3.8488529848214537}