{"evaluate_loss":1.7599035859107972,"EXP_105_N8_R4_E4_CLIENT_03_status":0,"_step":8,"_timestamp":1.7565743016951287e+09,"_wandb":{"runtime":63},"train_loss":7.115231718986657,"_runtime":63,"evaluate_accuracy":0.3408}