{"evaluate_accuracy":0.4592,"evaluate_loss":1.4713555182082745,"train_loss":10.278268909492432,"_runtime":293686.979734078,"_step":12,"_timestamp":1.7542214610569901e+09,"_wandb":{"runtime":293686}}