{"train_loss":3.4836675367355348,"_runtime":4289.695930526,"_step":7,"_timestamp":1.7541530471670163e+09,"_wandb":{"runtime":4289},"evaluate_accuracy":0.2946,"evaluate_loss":1.8528562131201385}