{"_timestamp":1.7479202855633638e+09,"_wandb":{"runtime":4294967316},"evaluate_accuracy":0.1436,"evaluate_loss":2.261761900725638,"train_loss":3.675071867752075,"_runtime":4.2949673161878805e+09,"_step":34}