{"evaluate_accuracy":0.09658068386322737,"evaluate_loss":2.315003804440768,"train_loss":12.788106127218766,"_runtime":382.062706489,"_step":2,"_timestamp":1.7545861405875528e+09,"_wandb":{"runtime":382}}