{"evaluate_accuracy":0.38,"train_loss":8.591115574168551,"EXP_108_N8_R5_E5_CLIENT_04_status":0,"evaluate_loss":1.6591187566518784,"_runtime":77,"_step":10,"_timestamp":1.7565759110035796e+09,"_wandb":{"runtime":77}}