{"_wandb":{"runtime":12},"_runtime":12.061909895,"train_loss":6.91280059337616,"_timestamp":1.757171426955176e+09,"_step":0}