{"_timestamp":1.7545822499171216e+09,"_wandb":{"runtime":1290},"evaluate_accuracy":0.2576,"evaluate_loss":1.9166539273684537,"train_loss":7.387368029298874,"_runtime":1289.978024697,"_step":5}