{"_runtime":155.445505515,"_step":4,"_timestamp":1.7571523313045359e+09,"_wandb":{"runtime":155},"evaluate_accuracy":0.1728,"evaluate_loss":2.1160904079675675,"train_loss":7.323665899835574}