{"_runtime":9160.114087565,"_step":7,"_timestamp":1.754220525266062e+09,"_wandb":{"runtime":9160},"evaluate_accuracy":0.3836,"evaluate_loss":1.6555682813064962,"train_loss":11.369611085032505}