{"_timestamp":1.7565512824045565e+09,"evaluate_loss":2.0280183017253877,"train_loss":9.694553135306972,"EXP_091_N8_R4_E5_CLIENT_01_status":0,"_wandb":{"runtime":31},"evaluate_accuracy":0.2392,"_runtime":31,"_step":5}