{"evaluate_accuracy":0.4523095380923815,"evaluate_loss":1.5292756886709304,"train_loss":7.652993324706308,"_runtime":61154.094897323,"_step":10,"_timestamp":1.754213809238372e+09,"_wandb":{"runtime":61154}}