{"_wandb":{"runtime":238},"evaluate_accuracy":0.1016,"evaluate_loss":2.5421549881560894,"train_loss":12.149560239749214,"_runtime":238.180838416,"_step":2,"_timestamp":1.7541788368772252e+09}