{"_timestamp":1.7542120901622267e+09,"_wandb":{"runtime":149259},"evaluate_accuracy":0.4379124175164967,"evaluate_loss":1.519284693400065,"train_loss":4.671751428708184,"_runtime":149259.091485231,"_step":12}