{"_wandb":{"runtime":5874},"evaluate_accuracy":0.3968,"evaluate_loss":1.6657913953443118,"train_loss":8.131993794974427,"_runtime":5874.065441923,"_step":7,"_timestamp":1.7541765805004652e+09}