{"evaluate_accuracy":0.4694,"evaluate_loss":1.5093505557175655,"train_loss":7.555639544582367,"_runtime":154354.979981437,"_step":11,"_timestamp":1.754208748256642e+09,"_wandb":{"runtime":154355}}