{"_wandb":{"runtime":471},"evaluate_accuracy":0.3704,"evaluate_loss":1.6480570882558823,"train_loss":8.433567634813345,"_runtime":471,"_step":7,"_timestamp":1.7571545049170494e+09}