{"evaluate_accuracy":0.32823741007194246,"_step":8,"_timestamp":1.7565725592004008e+09,"evaluate_loss":1.722258016041347,"train_loss":5.851250192244276,"EXP_101_N9_R4_E3_CLIENT_08_status":0,"_runtime":9,"_wandb":{"runtime":9}}