{"evaluate_loss":1.751094725728035,"train_loss":8.355995617095072,"_runtime":338.365876632,"_step":5,"_timestamp":1.7571544823814585e+09,"_wandb":{"runtime":338},"evaluate_accuracy":0.3152}