{"_timestamp":1.7565737647889361e+09,"_wandb":{"runtime":10},"evaluate_accuracy":0.0912,"train_loss":5.77675435725291,"evaluate_loss":2.305527740716934,"EXP_104_N8_R5_E3_CLIENT_07_status":0,"_runtime":10,"_step":2}