{"train_loss":4.914174757415442,"_runtime":9386.06950946,"_step":8,"_timestamp":1.7542114451402235e+09,"_wandb":{"runtime":9386},"evaluate_accuracy":0.370125974805039,"evaluate_loss":1.668433227993193}