{"_step":3,"client_name":"EXP_002_N2_R4_E2_CLIENT_02","_timestamp":1.754150500531586e+09,"_runtime":215.166491317,"evaluate_accuracy":0.2684,"train_loss":3.5355390481948854,"_wandb":{"runtime":215},"evaluate_loss":1.8321444676939849,"partition_id":1}