{"_runtime":13,"_step":4,"train_loss":7.392895704621722,"_timestamp":1.7565471280125782e+09,"_wandb":{"runtime":13},"evaluate_accuracy":0.2464,"evaluate_loss":2.005047070980072,"EXP_085_N8_R4_E4_CLIENT_07_status":0}