{"evaluate_accuracy":0.33503299340131976,"_timestamp":1.7477466861940584e+09,"_wandb":{"runtime":3},"_runtime":2.373410211,"_step":0,"evaluate_loss":1.7153237422307333}