{"EXP_105_N8_R4_E4_CLIENT_07_status":0,"_runtime":19,"_step":6,"_timestamp":1.7565743369150229e+09,"_wandb":{"runtime":19},"evaluate_accuracy":0.2896,"evaluate_loss":1.802467030286789,"train_loss":6.501853398456695}