{"_runtime":1,"_timestamp":1.756545691689887e+09,"evaluate_loss":2.369082549832902,"evaluate_accuracy":0.09658068386322735,"_step":1,"EXP_081_N6_R4_E4_CLIENT_04_status":0,"_wandb":{"runtime":1}}