{"_runtime":9540.979371641,"_step":7,"_timestamp":1.7542080176889508e+09,"_wandb":{"runtime":9541},"evaluate_accuracy":0.3968,"evaluate_loss":1.6525193407277392,"train_loss":8.195284258461}