{"evaluate_accuracy":0.4,"evaluate_loss":1.6085954572581038,"train_loss":11.412386876706496,"_runtime":9144.331675364,"_step":7,"_timestamp":1.7542212251301334e+09,"_wandb":{"runtime":9144}}