{"_runtime":12,"_step":8,"_wandb":{"runtime":12},"evaluate_accuracy":0.44571085782843434,"evaluate_loss":1.573924037645448,"train_loss":5.085972787090466,"_timestamp":1.7565454445623398e+09,"EXP_080_N6_R4_E3_CLIENT_06_status":0}