{"_runtime":23.97858768,"_wandb":{"runtime":23},"_step":0,"train_loss":5.705246721812004,"_timestamp":1.7492153600797415e+09}