{"_runtime":166,"_step":1,"_timestamp":1.757154085008442e+09,"_wandb":{"runtime":166},"evaluate_loss":2.420165568590164,"evaluate_accuracy":0.0984,"train_loss":9.942525106630509}