{"evaluate_accuracy":0.42,"evaluate_loss":1.5888481557369232,"train_loss":6.456825643588024,"_timestamp":1.7565749010346112e+09,"_wandb":{"runtime":55},"EXP_106_N8_R5_E4_CLIENT_07_status":0,"_runtime":55,"_step":10}