{"_timestamp":1.7565681197982786e+09,"train_loss":4.608501561825796,"_step":0,"_wandb":{"runtime":14},"_runtime":14,"EXP_092_N3_R3_E2_CLIENT_02_status":0}