{"_step":7,"_timestamp":1.7545841442420864e+09,"_wandb":{"runtime":7322},"evaluate_accuracy":0.4024,"evaluate_loss":1.6144330893890768,"train_loss":9.880376582328504,"_runtime":7322.052293545}