{"_step":0,"train_loss":3.4331929929733276,"_timestamp":1.7477470566551387e+09,"_runtime":20.791933724,"_wandb":{"runtime":20}}