{"_wandb":{"runtime":0},"evaluate_accuracy":0.3456,"evaluate_loss":1.69020072221756,"EXP_086_N8_R4_E5_CLIENT_08_status":0,"_runtime":0,"_step":5,"_timestamp":1.7565475509587228e+09}