{"_timestamp":1.7545841258520913e+09,"_wandb":{"runtime":3933},"evaluate_accuracy":0.2208,"evaluate_loss":1.9437320126762871,"train_loss":9.885196064036494,"_runtime":3933.002639997,"_step":6}