{"_timestamp":1.757155794700043e+09,"_wandb":{"runtime":269},"evaluate_accuracy":0.3936,"evaluate_loss":1.6280524879693985,"train_loss":8.335636187131238,"_runtime":269,"_step":9}