{"_timestamp":1.7564892796048498e+09,"_wandb":{"runtime":23},"evaluate_accuracy":0.1376,"evaluate_loss":2.1839344561100007,"train_loss":5.794249613573597,"_runtime":23,"_step":3}