{"train_loss":11.838976031294266,"_runtime":2190.020688857,"_step":5,"_timestamp":1.754221141047498e+09,"_wandb":{"runtime":2190},"evaluate_accuracy":0.3124,"evaluate_loss":1.8239057260223581}