{"evaluate_accuracy":0.1075,"_timestamp":1.7571714481620524e+09,"_wandb":{"runtime":1},"_runtime":1,"_step":0,"evaluate_loss":2.3440159880925737}