{"_step":5,"_timestamp":1.757171916128401e+09,"_wandb":{"runtime":14},"evaluate_accuracy":0.422,"evaluate_loss":1.5885680932847281,"train_loss":5.166835830688477,"_runtime":14}