{"_wandb":{"runtime":26},"evaluate_loss":2.2984979152679443,"train_loss":5.50316415394947,"_runtime":26,"_step":5,"evaluate_accuracy":0.1344,"EXP_103_N8_R4_E3_CLIENT_06_status":0,"_timestamp":1.7565734303571603e+09}