{"evaluate_accuracy":0.1006,"evaluate_loss":2.3035510208955996,"train_loss":4.607980749893189,"_runtime":211.026631053,"_step":3,"_timestamp":1.7492059282656925e+09,"_wandb":{"runtime":211}}