{"_runtime":26,"_step":3,"_timestamp":1.7565470857437499e+09,"_wandb":{"runtime":26},"evaluate_accuracy":0.096,"evaluate_loss":2.301373571157455,"train_loss":7.586336867065187,"EXP_085_N8_R4_E4_CLIENT_04_status":0}