{"evaluate_accuracy":0.174,"evaluate_loss":2.217692045649146,"train_loss":3.7854774892807006,"_runtime":127.878733046,"_step":2,"_timestamp":1.7541293899152129e+09,"_wandb":{"runtime":127}}