{"evaluate_loss":1.624342067332207,"train_loss":10.929003568312611,"_runtime":15547.142383443,"_step":8,"_timestamp":1.7542205881578925e+09,"_wandb":{"runtime":15547},"evaluate_accuracy":0.3956}