{"_runtime":201.209599585,"_step":2,"_timestamp":1.7541723522825766e+09,"_wandb":{"runtime":201},"evaluate_accuracy":0.09478104379124176,"evaluate_loss":2.328613685426258,"train_loss":8.609407219383643}