{"train_loss":6.495097447352804,"_runtime":296,"_step":10,"_timestamp":1.757149824163306e+09,"evaluate_loss":1.5423559680581094,"EXP_110_N8_R5_E4_CLIENT_04_status":0,"_wandb":{"runtime":296},"evaluate_accuracy":0.4464}