{"_runtime":124,"_step":4,"_timestamp":1.7571523499888043e+09,"_wandb":{"runtime":124},"evaluate_accuracy":0.3072,"evaluate_loss":1.8420637667179107,"train_loss":7.632023459786822}