{"_timestamp":1.7542106368328793e+09,"_wandb":{"runtime":94025},"evaluate_accuracy":0.4052,"evaluate_loss":1.58156828743637,"train_loss":10.638122272109985,"_runtime":94025.194441311,"_step":10}