{"EXP_083_N8_R4_E2_CLIENT_04_status":0,"_timestamp":1.7565464252383838e+09,"_wandb":{"runtime":6},"_runtime":6,"train_loss":3.978996837974354,"_step":0}