{"_wandb":{"runtime":13},"evaluate_loss":1.7680426228721187,"_runtime":13,"evaluate_accuracy":0.34133173365326935,"train_loss":3.692064902999185,"EXP_079_N6_R4_E2_CLIENT_02_status":0,"_step":7,"_timestamp":1.7565450922758636e+09}