{"_wandb":{"runtime":152},"evaluate_accuracy":0.404,"train_loss":6.444436426375322,"_runtime":152,"evaluate_loss":1.5870586067438126,"EXP_110_N8_R5_E4_CLIENT_07_status":0,"_step":9,"_timestamp":1.7571498250921562e+09}