{"_wandb":{"runtime":19},"_runtime":19,"EXP_094_N3_R3_E3_CLIENT_01_status":0,"_timestamp":1.756569270828297e+09,"train_loss":5.712570252178384,"_step":0}