{"_timestamp":1.7479231280021589e+09,"_wandb":{"runtime":4294967298},"evaluate_accuracy":0.1832633473305339,"evaluate_loss":2.2748198861167546,"train_loss":3.654852954889659,"_runtime":4.294967298491098e+09,"_step":51}