{"evaluate_loss":1.843743458390236,"train_loss":7.103839972975907,"_runtime":182.685317026,"_step":6,"_timestamp":1.7571523907806804e+09,"_wandb":{"runtime":182},"evaluate_accuracy":0.3064}