{"train_loss":14.637605983990069,"_timestamp":1.754220249511645e+09,"_runtime":43.922975498,"_step":0,"_wandb":{"runtime":43}}