{"evaluate_loss":1.7686138062250047,"train_loss":8.732543358128133,"_runtime":1840.369873946,"_step":5,"_timestamp":1.7542130129444277e+09,"_wandb":{"runtime":1840},"evaluate_accuracy":0.32003599280143974}