{"train_loss":6.694809524636519,"_runtime":4316.602618712,"_step":6,"_timestamp":1.7545855066986265e+09,"_wandb":{"runtime":4316},"evaluate_accuracy":0.367126574685063,"evaluate_loss":1.7071879404895711}