{"evaluate_accuracy":0.2448,"train_loss":3.609124802480078,"EXP_083_N8_R4_E2_CLIENT_05_status":0,"_runtime":11,"_timestamp":1.756546500355413e+09,"_wandb":{"runtime":11},"evaluate_loss":1.9410388350486756,"_step":5}