{"evaluate_loss":2.3062379028223736,"train_loss":5.64533440259318,"_runtime":96.188760315,"_step":2,"_timestamp":1.7542166220950918e+09,"_wandb":{"runtime":96},"evaluate_accuracy":0.0952}