{"train_loss":10.526108729001432,"_runtime":120891.964925718,"_step":11,"_timestamp":1.754179186355868e+09,"_wandb":{"runtime":120892},"evaluate_accuracy":0.4704,"evaluate_loss":1.4521759680554838}