{"evaluate_accuracy":0.26454709058188364,"evaluate_loss":1.9220634619394938,"train_loss":6.955347260982871,"_runtime":316.40458024,"_step":3,"_timestamp":1.7563090850412238e+09,"_wandb":{"runtime":316}}