{"_runtime":0,"_step":1,"_timestamp":1.7564911012891526e+09,"_wandb":{"runtime":0},"evaluate_accuracy":0.2685851318944844,"evaluate_loss":1.9155812484246713}