{"evaluate_accuracy":0.1016,"_step":1,"_timestamp":1.7541770700278463e+09,"_wandb":{"runtime":69},"train_loss":9.63353673947124,"_runtime":69.915835091,"evaluate_loss":2.490666570542734}