{"_runtime":48.299790693,"_step":1,"_timestamp":1.7542161542085826e+09,"evaluate_loss":2.315746766102465,"evaluate_accuracy":0.0864,"_wandb":{"runtime":48},"train_loss":6.913326275615265}