{"train_loss":5.801079806378134,"_step":0,"_wandb":{"runtime":22},"_runtime":22,"EXP_096_N3_R4_E3_CLIENT_02_status":0,"_timestamp":1.756570351989961e+09}