{"_step":2,"_timestamp":1.75648927876179e+09,"_wandb":{"runtime":9},"evaluate_accuracy":0.1432,"evaluate_loss":2.1931093096733094,"train_loss":5.954020862366743,"_runtime":9}