{"_timestamp":1.757149087391848e+09,"evaluate_accuracy":0.408,"train_loss":7.174853506361603,"_runtime":101,"_wandb":{"runtime":101},"evaluate_loss":1.5948747128248215,"EXP_109_N8_R5_E4_CLIENT_06_status":0,"_step":10}