{"_wandb":{"runtime":35714},"evaluate_accuracy":0.4412,"evaluate_loss":1.5402690142015867,"train_loss":10.805976481864247,"_runtime":35714.025554321,"_step":9,"_timestamp":1.7542206119533086e+09}