{"evaluate_loss":1.7936219811439513,"EXP_104_N8_R5_E3_CLIENT_06_status":0,"_runtime":29,"_wandb":{"runtime":29},"evaluate_accuracy":0.3392,"train_loss":5.334940338590343,"_step":7,"_timestamp":1.7565738318583987e+09}