{"_wandb":{"runtime":8},"_runtime":8,"EXP_084_N8_R4_E3_CLIENT_01_status":0,"_timestamp":1.7565467033594666e+09,"train_loss":6.417488529423999,"_step":0}