{"evaluate_accuracy":0.41781643671265745,"evaluate_loss":1.5935910883403959,"train_loss":4.941930597348751,"_runtime":996.280788867,"_step":5,"_timestamp":1.7494652620442703e+09,"_wandb":{"runtime":996}}