{"_runtime":0,"evaluate_accuracy":0.1224,"_timestamp":1.7564892399704156e+09,"_step":0,"evaluate_loss":2.3462065160274506,"_wandb":{"runtime":0}}