{"_runtime":94622.330644426,"_step":11,"_timestamp":1.754219312130777e+09,"_wandb":{"runtime":94622},"evaluate_accuracy":0.4256,"evaluate_loss":1.5871790224992777,"train_loss":8.043345877918572}