{"evaluate_accuracy":0.1584,"train_loss":9.246591830709178,"EXP_108_N8_R5_E5_CLIENT_03_status":0,"_timestamp":1.7565758015316017e+09,"evaluate_loss":2.25387824177742,"_runtime":55,"_step":5,"_wandb":{"runtime":55}}