{"_runtime":49.302555429,"_step":0,"_wandb":{"runtime":49},"train_loss":12.569518790839199,"_timestamp":1.7542209470355735e+09}