{"train_loss":3.758560262870789,"evaluate_loss":2.257842833828774,"evaluate_accuracy":0.133,"_runtime":42.871310841,"_step":1,"_timestamp":1.7541563035169864e+09,"_wandb":{"runtime":42}}