{"_timestamp":1.7541757273605146e+09,"_wandb":{"runtime":3346},"evaluate_accuracy":0.3264,"evaluate_loss":1.7671791088731983,"train_loss":8.33827411557158,"_runtime":3346.10074694,"_step":6}