{"evaluate_loss":1.6007511289256393,"train_loss":8.152911077880859,"_runtime":2080.843192738,"_step":5,"_timestamp":1.754208481586347e+09,"_wandb":{"runtime":2080},"evaluate_accuracy":0.3942}