{"_wandb":{"runtime":25107027},"evaluate_accuracy":0.10767846430713857,"evaluate_loss":2.2998117446899413,"train_loss":4.0019712816897055,"_runtime":2.510702636247141e+07,"_step":23,"_timestamp":1.747833571602986e+09}