{"_runtime":4212.475724974,"_step":6,"_timestamp":1.754207992114128e+09,"_wandb":{"runtime":4212},"evaluate_accuracy":0.3628,"evaluate_loss":1.6687486688042903,"train_loss":8.194289088821412}