{"_step":4,"evaluate_accuracy":0.3744,"train_loss":6.913926393460161,"_timestamp":1.7565711541918118e+09,"_wandb":{"runtime":16},"evaluate_loss":1.6453575952143609,"EXP_098_N4_R4_E3_CLIENT_02_status":0,"_runtime":16}