{"_wandb":{"runtime":6276749},"evaluate_accuracy":0.3732,"evaluate_loss":1.6923616566235506,"train_loss":3.492163434957925,"_runtime":6.276747973890214e+06,"_step":21,"_timestamp":1.7478331140824301e+09}