{"_runtime":4208.171185437,"_step":6,"_timestamp":1.7542085428419988e+09,"_wandb":{"runtime":4208},"evaluate_accuracy":0.3942,"evaluate_loss":1.6007511289256393,"train_loss":7.789042326259613}