{"_timestamp":1.756488757571173e+09,"_wandb":{"runtime":8},"_runtime":8.973004296,"_step":0,"train_loss":6.193401286927916}