{"evaluate_accuracy":0.38662267546490703,"evaluate_loss":1.663733088402521,"train_loss":3.3925402816251027,"_runtime":692.238995728,"_step":5,"_timestamp":1.7492145897275093e+09,"_wandb":{"runtime":692}}