{"_wandb":{"runtime":17654},"evaluate_accuracy":0.45,"evaluate_loss":1.512039736856388,"train_loss":10.770337664662078,"_runtime":17654.133514629,"_step":8,"_timestamp":1.7541790873843446e+09}