{"_step":2,"_timestamp":1.756548398838932e+09,"_wandb":{"runtime":8},"train_loss":3.981757605911061,"EXP_087_N8_R4_E2_CLIENT_02_status":0,"evaluate_accuracy":0.1208,"evaluate_loss":2.2604687213897705,"_runtime":8}