{"_timestamp":1.7565737338529534e+09,"_wandb":{"runtime":18},"evaluate_loss":2.2975077986717225,"evaluate_accuracy":0.1024,"train_loss":5.908971213990716,"EXP_104_N8_R5_E3_CLIENT_02_status":0,"_runtime":18,"_step":2}