{"evaluate_accuracy":0.1034103410341034,"_timestamp":1.7564905580930543e+09,"_step":0,"_wandb":{"runtime":0},"_runtime":0,"evaluate_loss":2.344081327832978}