{"train_loss":7.539378700742296,"_runtime":60,"_step":6,"_timestamp":1.7571524704979181e+09,"_wandb":{"runtime":60},"evaluate_accuracy":0.348,"evaluate_loss":1.7049793034791947}