{"_timestamp":1.7564906026924052e+09,"_wandb":{"runtime":12},"evaluate_accuracy":0.24972497249724973,"evaluate_loss":1.9241082791624398,"train_loss":5.8432387354081134,"_runtime":12,"_step":2}