{"_runtime":622.317425638,"_step":3,"_timestamp":1.7542154417328038e+09,"_wandb":{"runtime":622},"evaluate_accuracy":0.23905218956208757,"evaluate_loss":1.9082857347670055,"train_loss":12.153132707380848}