{"_runtime":50.223317644,"_step":1,"_timestamp":1.7542117578854742e+09,"_wandb":{"runtime":50},"train_loss":5.500840302279813,"evaluate_loss":2.3525779565175373,"evaluate_accuracy":0.10287942411517696}