{"_wandb":{"runtime":101},"_runtime":101.774632407,"train_loss":8.040886138654818,"_timestamp":1.7571522070107708e+09,"_step":0}