{"EXP_102_N10_R4_E3_CLIENT_04_status":0,"_timestamp":1.7565729514129446e+09,"_wandb":{"runtime":33},"_runtime":33,"_step":8,"evaluate_accuracy":0.296,"evaluate_loss":1.8373865559697151,"train_loss":5.626740441322327}