{"train_loss":10.564729068225946,"_runtime":446.37434076,"_step":3,"_timestamp":1.7545834074882655e+09,"_wandb":{"runtime":446},"evaluate_accuracy":0.282,"evaluate_loss":1.902390861813026}