{"_step":2,"_timestamp":1.7571714735324173e+09,"_wandb":{"runtime":24},"evaluate_accuracy":0.0895,"evaluate_loss":2.352928282722594,"train_loss":5.535883045196533,"_runtime":24.765342577}