{"_runtime":1061.418260157,"_step":5,"_timestamp":1.7541529931658247e+09,"_wandb":{"runtime":1061},"evaluate_accuracy":0.1556,"evaluate_loss":2.2724063730543587,"train_loss":3.752412452888489}