{"_wandb":{"runtime":20},"train_loss":6.912083049932608,"_timestamp":1.7542161376418514e+09,"_runtime":20.973326831,"_step":0}