{"_wandb":{"runtime":10},"evaluate_accuracy":0.379124175164967,"evaluate_loss":1.65432434486893,"EXP_079_N6_R4_E2_CLIENT_04_status":0,"_step":8,"_timestamp":1.7565451376240215e+09,"train_loss":3.5275771623593197,"_runtime":10}