{"EXP_105_N8_R4_E4_CLIENT_03_status":0,"_runtime":25,"_step":2,"_timestamp":1.7565741938082619e+09,"_wandb":{"runtime":25},"evaluate_loss":2.3194069981575014,"evaluate_accuracy":0.084,"train_loss":7.692978248474704}