{"train_loss":9.590502913488725,"_runtime":309.425250504,"_step":2,"_timestamp":1.7541744727281876e+09,"_wandb":{"runtime":309},"evaluate_accuracy":0.09658068386322737,"evaluate_loss":2.3264221290372453}