{"_wandb":{"runtime":60},"train_loss":7.409684668341987,"_runtime":60.137521988,"evaluate_loss":2.323273649669829,"evaluate_accuracy":0.10287942411517696,"_step":1,"_timestamp":1.7494659624600534e+09}