{"_step":2,"_timestamp":1.754219012956332e+09,"_wandb":{"runtime":194},"evaluate_accuracy":0.1008,"evaluate_loss":2.3148822754244263,"train_loss":9.094630319089555,"_runtime":194.631483731}