{"_wandb":{"runtime":1},"_runtime":1,"_step":1,"EXP_099_N5_R4_E3_CLIENT_04_status":0,"_timestamp":1.7565715266686559e+09,"evaluate_loss":2.5125490635160417,"evaluate_accuracy":0.106}