{"_runtime":27,"_step":4,"_timestamp":1.7571718246983724e+09,"_wandb":{"runtime":27},"evaluate_accuracy":0.3835,"evaluate_loss":1.6708908837939065,"train_loss":5.231902559757232}