{"_wandb":{"runtime":472},"evaluate_accuracy":0.09508098380323936,"evaluate_loss":2.542472625914074,"train_loss":5.486192753846697,"_runtime":472.215624972,"_step":4,"_timestamp":1.7492150337256024e+09}