{"train_loss":5.150131234931946,"_runtime":145.018452632,"_step":2,"_timestamp":1.7494612846582952e+09,"_wandb":{"runtime":145},"evaluate_accuracy":0.118,"evaluate_loss":2.61982030321838}