{"evaluate_loss":2.308742489133562,"train_loss":9.185843256473541,"_runtime":244.965609483,"_step":2,"_timestamp":1.7541737162784338e+09,"_wandb":{"runtime":244},"evaluate_accuracy":0.102}