{"_wandb":{"runtime":7092},"evaluate_accuracy":0.4280143971205759,"evaluate_loss":1.5871447517758324,"train_loss":7.838977935216981,"_runtime":7092.4221289,"_step":7,"_timestamp":1.754172522898291e+09}