{"_runtime":29.959792223,"_step":0,"_wandb":{"runtime":29},"train_loss":7.426741676970412,"_timestamp":1.754582633693196e+09}