{"_timestamp":1.7565738806557856e+09,"evaluate_accuracy":0.356,"evaluate_loss":1.6917177110910415,"train_loss":5.079224154448053,"EXP_104_N8_R5_E3_CLIENT_08_status":0,"_runtime":32,"_step":10,"_wandb":{"runtime":32}}