{"evaluate_loss":1.8527143478393555,"evaluate_accuracy":0.28524295140971806,"_timestamp":1.7477459112173855e+09,"_runtime":2.338826628,"_step":0,"_wandb":{"runtime":3}}