{"_runtime":6,"_step":4,"_timestamp":1.7565508968857472e+09,"_wandb":{"runtime":6},"evaluate_accuracy":0.0944,"evaluate_loss":2.3085079967975615,"train_loss":3.975834915592413,"EXP_090_N8_R4_E2_CLIENT_03_status":0}