{"evaluate_loss":2.1209849425724574,"train_loss":5.987671602544167,"EXP_101_N9_R4_E3_CLIENT_01_status":0,"_runtime":16,"_wandb":{"runtime":16},"_step":5,"_timestamp":1.756572477781884e+09,"evaluate_accuracy":0.19874100719424462}