{"_runtime":44987.098989541,"_step":10,"_timestamp":1.754585653646071e+09,"_wandb":{"runtime":44987},"evaluate_accuracy":0.4283143371325735,"evaluate_loss":1.5392914785529084,"train_loss":6.245888888550717}