{"_runtime":1148.89404774,"_step":5,"_timestamp":1.7542118779274259e+09,"_wandb":{"runtime":1148},"evaluate_accuracy":0.3914217156568686,"evaluate_loss":1.6690129654748098,"train_loss":5.138959602772189}