{"_wandb":{"runtime":0},"evaluate_accuracy":0.1288,"evaluate_loss":2.2102062940597533,"_runtime":0,"_step":1,"_timestamp":1.7571554647920008e+09}