{"evaluate_loss":1.5318574701036727,"train_loss":4.815637370379423,"_runtime":18642.5450767,"_step":9,"_timestamp":1.7542119949842427e+09,"_wandb":{"runtime":18642},"evaluate_accuracy":0.43431313737252547}