{"_timestamp":1.754585253470415e+09,"_wandb":{"runtime":50},"_runtime":50.212986125,"_step":0,"train_loss":7.57813496966111}