{"_timestamp":1.7565743030008035e+09,"_wandb":{"runtime":0},"evaluate_accuracy":0.2896,"evaluate_loss":1.802467030286789,"EXP_105_N8_R4_E4_CLIENT_07_status":0,"_runtime":0,"_step":5}