{"train_loss":7.101853018353699,"_runtime":158.614473451,"_step":6,"_timestamp":1.7571524527420335e+09,"_wandb":{"runtime":158},"evaluate_accuracy":0.3288,"evaluate_loss":1.759112501144409}