{"_runtime":1941.944902399,"_step":5,"_timestamp":1.7542199314414527e+09,"_wandb":{"runtime":1941},"evaluate_accuracy":0.3476,"evaluate_loss":1.7535829891132404,"train_loss":11.885555257812475}