{"evaluate_loss":1.6499554169405797,"train_loss":7.973880578804016,"_runtime":16900.327324011,"_step":8,"_timestamp":1.7542080829646375e+09,"_wandb":{"runtime":16900},"evaluate_accuracy":0.3838}