{"_step":3,"_timestamp":1.7542198474929404e+09,"_wandb":{"runtime":548},"evaluate_accuracy":0.1312,"evaluate_loss":2.450044425227974,"train_loss":12.513394933919937,"_runtime":548.234591672}