{"_wandb":{"runtime":9},"evaluate_accuracy":0.28597122302158273,"EXP_101_N9_R4_E3_CLIENT_03_status":0,"_step":6,"_timestamp":1.7565725221149242e+09,"evaluate_loss":1.8793552092143468,"train_loss":6.912038195905068,"_runtime":9}