{"_runtime":312,"_timestamp":1.7571498236263475e+09,"_wandb":{"runtime":312},"train_loss":6.553331037235868,"EXP_110_N8_R5_E4_CLIENT_01_status":0,"_step":11,"evaluate_accuracy":0.3976,"evaluate_loss":1.6013813585042953}