{"_timestamp":1.7478321990028875e+09,"_wandb":{"runtime":605},"evaluate_accuracy":0.105,"evaluate_loss":2.308479107916355,"train_loss":4.610176412582398,"_runtime":605.102613411,"_step":2}