{"_timestamp":1.7545848554649355e+09,"_wandb":{"runtime":2311},"evaluate_accuracy":0.27234553089382124,"evaluate_loss":1.899988201429259,"train_loss":7.348842703554618,"_runtime":2311.587954278,"_step":5}