{"evaluate_accuracy":0.4148,"evaluate_loss":1.577061795735661,"train_loss":9.572281488595298,"_runtime":14226.15364029,"_step":8,"_timestamp":1.754584196216243e+09,"_wandb":{"runtime":14226}}