{"_wandb":{"runtime":36},"train_loss":9.431118314258587,"_timestamp":1.7542178411772034e+09,"_runtime":36.303661363,"_step":0}