{"evaluate_loss":2.3641689187004453,"train_loss":3.692638162228701,"_runtime":78.031649729,"_step":2,"_timestamp":1.7494637284519923e+09,"_wandb":{"runtime":78},"evaluate_accuracy":0.09568086382723456}