{"_step":6,"_timestamp":1.754206413188682e+09,"_wandb":{"runtime":2546},"evaluate_accuracy":0.3502,"evaluate_loss":1.721228543360522,"train_loss":5.000667583465576,"_runtime":2546.038859019}