{"_timestamp":1.7542067807174046e+09,"_wandb":{"runtime":365},"evaluate_accuracy":0.4,"evaluate_loss":1.6216472577137553,"train_loss":5.159286944580078,"_runtime":365.123148541,"_step":3}