{"_runtime":687.091585364,"_step":3,"_timestamp":1.7542091346160939e+09,"_wandb":{"runtime":687},"evaluate_accuracy":0.4056,"evaluate_loss":1.5894327687609726,"train_loss":11.343117437553406}