{"train_loss":8.793770077122245,"EXP_091_N8_R4_E5_CLIENT_07_status":0,"_runtime":31,"_step":5,"_timestamp":1.7565513116614969e+09,"evaluate_loss":2.060507872700691,"_wandb":{"runtime":31},"evaluate_accuracy":0.228}