{"accuracy":0.45,"_timestamp":1.74586177151279e+09,"_runtime":22.167962615,"_step":833,"loss":1.8643734455108643,"_wandb":{"runtime":23},"epoch":1}