{"_wandb":{"runtime":2890},"evaluate_accuracy":0.3976,"evaluate_loss":1.6116699253677562,"train_loss":11.384841846561432,"_runtime":2890.852652816,"_step":5,"_timestamp":1.7542096845725877e+09}