{"evaluate_loss":2.2735041677951813,"train_loss":4.07261305141449,"_runtime":1201.509060712,"_step":3,"_timestamp":1.7478322169335294e+09,"_wandb":{"runtime":1202},"evaluate_accuracy":0.092}