{"_wandb":{"runtime":3300},"evaluate_accuracy":0.3756,"evaluate_loss":1.6910743698289123,"train_loss":5.292236322412095,"_runtime":3300.034807771,"_step":7,"_timestamp":1.754216748883095e+09}