{"train_loss":3.478307840156555,"_runtime":210.849542987,"_step":3,"_timestamp":1.749205670603948e+09,"_wandb":{"runtime":210},"evaluate_accuracy":0.363,"evaluate_loss":1.69479693349}