{"evaluate_accuracy":0.4872,"evaluate_loss":1.4413209225558028,"train_loss":10.305888676033994,"_runtime":565480.178905772,"_step":13,"_timestamp":1.7541792750510263e+09,"_wandb":{"runtime":565480}}