{"train_loss":4.031751574516297,"_runtime":77895.318941169,"_step":11,"_timestamp":1.7478323672337053e+09,"_wandb":{"runtime":77896},"evaluate_accuracy":0.244,"evaluate_loss":1.9816201739013195}