{"train_loss":7.419940916061401,"_runtime":50.269544446,"_step":1,"_timestamp":1.7563098996347106e+09,"evaluate_loss":2.2860948888082353,"evaluate_accuracy":0.127,"_wandb":{"runtime":50}}