{"_wandb":{"runtime":725},"evaluate_accuracy":0.1752,"evaluate_loss":2.083157518241979,"train_loss":8.447599065951264,"_runtime":725.158577957,"_step":4,"_timestamp":1.754176486376675e+09}