{"_step":4,"_timestamp":1.7563100077903333e+09,"_wandb":{"runtime":526},"evaluate_accuracy":0.208,"evaluate_loss":2.0824745779945735,"train_loss":7.370283363819122,"_runtime":526.10094476}