{"evaluate_accuracy":0.35452909418116374,"evaluate_loss":1.6587897175834292,"train_loss":6.744035181095846,"_runtime":1158.235239625,"_step":5,"_timestamp":1.7492159514124687e+09,"_wandb":{"runtime":1158}}