{"_runtime":99,"_step":1,"evaluate_loss":2.3147382736206055,"evaluate_accuracy":0.0928,"_timestamp":1.7571522238412912e+09,"_wandb":{"runtime":99},"train_loss":7.588663378338905}