{"_wandb":{"runtime":6},"train_loss":4.085166727661327,"evaluate_loss":2.263315260410309,"evaluate_accuracy":0.1368,"EXP_087_N8_R4_E2_CLIENT_04_status":0,"_runtime":6,"_step":2,"_timestamp":1.756548397563492e+09}