{"_runtime":2718.397344,"_step":7,"_timestamp":1.7492146405738957e+09,"_wandb":{"runtime":2718},"evaluate_accuracy":0.4319136172765447,"evaluate_loss":1.5735367513838268,"train_loss":3.316596032618333}