{"_wandb":{"runtime":336},"evaluate_accuracy":0.3312,"evaluate_loss":1.7579080551862716,"train_loss":8.71201116567964,"_runtime":336,"_step":5,"_timestamp":1.7571543359201667e+09}