{"_wandb":{"runtime":51},"_runtime":51.925298156,"_step":0,"train_loss":12.974165019135887,"_timestamp":1.7541779636368394e+09}