{"evaluate_loss":2.0123865806831502,"train_loss":9.604027138942737,"_runtime":620.022841301,"_step":3,"_timestamp":1.7541744885807197e+09,"_wandb":{"runtime":620},"evaluate_accuracy":0.19196160767846432}