{"_wandb":{"runtime":16068},"evaluate_accuracy":0.3692,"evaluate_loss":1.691414834577826,"train_loss":5.167549761720359,"_runtime":16068.324284242,"_step":9,"_timestamp":1.754216805017555e+09}