{"train_loss":7.704115510940552,"_runtime":109.099238455,"_step":8,"_timestamp":1.757172595619864e+09,"_wandb":{"runtime":109},"evaluate_accuracy":0.419,"evaluate_loss":1.5962284803390503}