{"evaluate_loss":2.275594613220118,"train_loss":5.333924138507904,"_runtime":57.356675464,"_step":4,"_timestamp":1.7564824844133043e+09,"_wandb":{"runtime":57},"evaluate_accuracy":0.1268}