{"evaluate_accuracy":0.3304,"evaluate_loss":1.7274512708187104,"train_loss":6.834601765984942,"_step":6,"_timestamp":1.7571496726382468e+09,"_wandb":{"runtime":32},"EXP_110_N8_R5_E4_CLIENT_07_status":0,"_runtime":32}