{"_wandb":{"runtime":1006},"evaluate_accuracy":0.122,"evaluate_loss":2.4731439457664006,"train_loss":11.8955702294176,"_runtime":1006.185455433,"_step":4,"_timestamp":1.7542199103095355e+09}