{"_wandb":{"runtime":3528},"evaluate_accuracy":0.0932,"evaluate_loss":2.3032989334908263,"train_loss":4.608232917785645,"_runtime":3528.745268161,"_step":7,"_timestamp":1.7494610786952503e+09}