{"train_loss":6.981037819214415,"_runtime":6096.101560013,"_step":7,"_timestamp":1.7545850039482913e+09,"_wandb":{"runtime":6096},"evaluate_accuracy":0.352129574085183,"evaluate_loss":1.7090891554670513}