{"evaluate_loss":1.9294550585898624,"train_loss":7.1193145719528195,"_runtime":404.886770507,"_step":3,"_timestamp":1.7494626051449616e+09,"_wandb":{"runtime":404},"evaluate_accuracy":0.2658}