{"_wandb":{"runtime":26},"evaluate_accuracy":0.16097122302158273,"evaluate_loss":2.193478223255702,"train_loss":5.539991260432511,"_runtime":26.368925311,"_step":4,"_timestamp":1.7564888399715548e+09}