{"_step":0,"EXP_109_N8_R5_E4_CLIENT_03_status":0,"_wandb":{"runtime":14},"_runtime":14,"_timestamp":1.75714875991539e+09,"train_loss":8.158966314261127}