{"_timestamp":1.7542167835645962e+09,"_wandb":{"runtime":6620},"evaluate_accuracy":0.3756,"evaluate_loss":1.6910743698289123,"train_loss":5.146377759619643,"_runtime":6620.964887781,"_step":8}