{"evaluate_loss":1.763975657994234,"train_loss":3.4298661836800863,"_runtime":2.63216639740362e+06,"_step":14,"_timestamp":1.7478330962298567e+09,"_wandb":{"runtime":2632166},"evaluate_accuracy":0.3264}