{"evaluate_accuracy":0.4283143371325735,"evaluate_loss":1.5392914785529084,"train_loss":6.363267350995369,"_runtime":22479.858880727,"_step":9,"_timestamp":1.7545856106676004e+09,"_wandb":{"runtime":22479}}