{"evaluate_accuracy":0.4048,"evaluate_loss":1.6334617346525193,"train_loss":5.171684864979641,"_runtime":19,"EXP_100_N8_R4_E3_CLIENT_04_status":0,"_step":9,"_timestamp":1.756572123977969e+09,"_wandb":{"runtime":19}}