{"train_loss":8.057271155834197,"_runtime":87,"_step":7,"_timestamp":1.7571722365497596e+09,"_wandb":{"runtime":87},"evaluate_accuracy":0.4045,"evaluate_loss":1.6353898805285256}