{"evaluate_loss":1.8370802618208384,"train_loss":4.958420703736998,"_runtime":440.105087541,"_step":4,"_timestamp":1.74946523945412e+09,"_wandb":{"runtime":440},"evaluate_accuracy":0.34703059388122376}