{"train_loss":8.31185640273482,"_step":8,"_wandb":{"runtime":19},"evaluate_accuracy":0.4481103779244151,"EXP_082_N6_R4_E5_CLIENT_05_status":0,"_runtime":19,"_timestamp":1.7565462135263617e+09,"evaluate_loss":1.520138702302609}