{"_wandb":{"runtime":22},"_runtime":22.769549424,"train_loss":9.702974283011855,"_timestamp":1.7571553422108288e+09,"_step":0}