{"_wandb":{"runtime":255},"evaluate_accuracy":0.10197960407918416,"evaluate_loss":2.316407855951561,"train_loss":7.211261237637278,"_runtime":255.159271932,"_step":2,"_timestamp":1.7545853392662985e+09}