{"_runtime":21.995250647,"_step":0,"train_loss":6.086507119309788,"_wandb":{"runtime":21},"_timestamp":1.7542165682906685e+09}