{"evaluate_loss":1.824055400348845,"train_loss":3.651407238962553,"_runtime":160.066758118,"_step":3,"_timestamp":1.7492145408714724e+09,"_wandb":{"runtime":160},"evaluate_accuracy":0.3209358128374325}