{"train_loss":6.319187092438839,"_runtime":141887.99335589,"_step":11,"_timestamp":1.7545856912696e+09,"_wandb":{"runtime":141888},"evaluate_accuracy":0.4259148170365927,"evaluate_loss":1.558067944814574}