{"_wandb":{"runtime":24889},"evaluate_accuracy":0.431,"evaluate_loss":1.5562206650995145,"train_loss":4.7300540727615354,"_runtime":24889.751097326,"_step":9,"_timestamp":1.7542069974052992e+09}