{"_wandb":{"runtime":0},"_runtime":0,"_timestamp":1.7565720031329296e+09,"evaluate_loss":2.300328904390335,"evaluate_accuracy":0.1024,"_step":1,"EXP_100_N8_R4_E3_CLIENT_07_status":0}