{"_step":0,"_wandb":{"runtime":5},"_runtime":5,"EXP_088_N8_R4_E2_CLIENT_02_status":0,"_timestamp":1.7565499792624943e+09,"train_loss":4.611195781428343}