{"evaluate_loss":2.344008207321167,"train_loss":11.972792452897508,"_runtime":260.022186426,"_step":2,"_timestamp":1.7542210353721526e+09,"_wandb":{"runtime":260},"evaluate_accuracy":0.096}