{"evaluate_accuracy":0.0904,"evaluate_loss":2.3170499270129357,"train_loss":5.501740706062317,"_runtime":146.10356213,"_step":2,"_timestamp":1.7494616553769305e+09,"_wandb":{"runtime":146}}