{"_runtime":76.934205552,"_step":1,"_timestamp":1.754212862512355e+09,"_wandb":{"runtime":76},"train_loss":9.797305780634892,"evaluate_loss":2.317374156770252,"evaluate_accuracy":0.10107978404319136}