{"train_loss":7.055893191895165,"_runtime":258.237731396,"_step":3,"_timestamp":1.7563095114738765e+09,"_wandb":{"runtime":258},"evaluate_accuracy":0.2544,"evaluate_loss":1.8775574994992605}