{"_step":5,"_timestamp":1.754585443230534e+09,"_wandb":{"runtime":2135},"evaluate_accuracy":0.367126574685063,"evaluate_loss":1.7071879404895711,"train_loss":7.06097629537993,"_runtime":2135.950402415}