{"evaluate_loss":1.7361917287584334,"train_loss":8.746311787128448,"_runtime":1921.714046632,"_step":5,"_timestamp":1.7541738533470144e+09,"_wandb":{"runtime":1921},"evaluate_accuracy":0.3605}