{"train_loss":6.902266632979083,"_runtime":225,"_step":4,"_timestamp":1.7571514293454807e+09,"_wandb":{"runtime":225},"evaluate_accuracy":0.3504,"evaluate_loss":1.6985516130924225}