{"_runtime":57.128237484,"_wandb":{"runtime":57},"_step":0,"train_loss":7.6927437776583805,"_timestamp":1.7545846676233342e+09}