{"_timestamp":1.7541297521557188e+09,"_wandb":{"runtime":2093},"evaluate_accuracy":0.3514,"evaluate_loss":1.7136096901195064,"train_loss":3.379206301689148,"_runtime":2093.009136241,"_step":6}