{"evaluate_loss":2.3038374329828155,"train_loss":4.608111960220337,"_runtime":1794.163605733,"_step":6,"_timestamp":1.7492060172724562e+09,"_wandb":{"runtime":1794},"evaluate_accuracy":0.094}