{"_step":6,"_timestamp":1.7571725996238966e+09,"_wandb":{"runtime":66},"evaluate_accuracy":0.4375,"evaluate_loss":1.5652682270322529,"train_loss":7.682987608909607,"_runtime":66.37337093}