{"_step":6,"_timestamp":1.7545828211032813e+09,"_wandb":{"runtime":2553},"evaluate_accuracy":0.3316,"evaluate_loss":1.8167520625681817,"train_loss":6.543147856435075,"_runtime":2553.069175661}