{"_runtime":8,"_step":3,"_timestamp":1.7564897925264022e+09,"_wandb":{"runtime":8},"evaluate_accuracy":0.31863186318631864,"evaluate_loss":1.7836129835673742,"train_loss":5.709451679703143}