{"evaluate_accuracy":0.3376,"evaluate_loss":1.7731420427560807,"train_loss":7.103839972975907,"_runtime":182,"_step":7,"_timestamp":1.7571524058339908e+09,"_wandb":{"runtime":182}}