{"_timestamp":1.7458613634049208e+09,"_runtime":23.401564365,"_step":1249,"loss":1.6307239532470703,"epoch":1,"_wandb":{"runtime":23},"accuracy":0.53125}