{"_timestamp":1.747745907322515e+09,"_wandb":{"runtime":2},"_runtime":2.127473099,"_step":0,"evaluate_loss":1.853146717661903,"evaluate_accuracy":0.28104379124175166}