{"_timestamp":1.7542112321246355e+09,"_wandb":{"runtime":56},"train_loss":5.566701464515796,"_runtime":56.509223768,"_step":1,"evaluate_loss":2.4293463548024494,"evaluate_accuracy":0.10437912417516497}