{"_wandb":{"runtime":136},"train_loss":13.380704322593104,"evaluate_accuracy":0.11217756448710257,"evaluate_loss":2.3055082048688615,"_runtime":136.390757619,"_step":1,"_timestamp":1.7542142197286055e+09}