{"_runtime":3570.935957575,"_step":7,"_timestamp":1.754153047489846e+09,"_wandb":{"runtime":3570},"evaluate_accuracy":0.3002,"evaluate_loss":1.8566632179697609,"train_loss":3.5122732292175294}