{"_runtime":22,"_step":1,"_timestamp":1.757151138284096e+09,"_wandb":{"runtime":22},"evaluate_loss":2.409664714336395,"evaluate_accuracy":0.0928,"train_loss":7.51016417810112}