{"evaluate_accuracy":0.189,"evaluate_loss":2.0426756404340267,"train_loss":5.83170034122467,"_runtime":9,"_step":2,"_timestamp":1.756490140216146e+09,"_wandb":{"runtime":9}}