{"_timestamp":1.7565454449673097e+09,"_wandb":{"runtime":27},"evaluate_accuracy":0.4481103779244151,"evaluate_loss":1.5503562666335196,"train_loss":4.971401510056126,"EXP_080_N6_R4_E3_CLIENT_04_status":0,"_runtime":27,"_step":9}