{"_wandb":{"runtime":21},"train_loss":7.688622544367854,"_timestamp":1.7563138605944014e+09,"_runtime":21.228340747,"_step":0}