{"_step":4,"_timestamp":1.7492057035105891e+09,"_wandb":{"runtime":439},"evaluate_accuracy":0.363,"evaluate_loss":1.69479693349,"train_loss":3.338080704498291,"_runtime":439.233544724}