{"_timestamp":1.7542173189639206e+09,"_wandb":{"runtime":3794},"evaluate_accuracy":0.3972,"evaluate_loss":1.6276735459701925,"train_loss":4.976307101143054,"_runtime":3794.4739033,"_step":7}