{"evaluate_accuracy":0.2312,"evaluate_loss":2.087994951236097,"train_loss":8.824169096855309,"_runtime":767.027724235,"_step":4,"_timestamp":1.7542190799337277e+09,"_wandb":{"runtime":767}}