{"_wandb":{"runtime":2447},"evaluate_accuracy":0.3352,"evaluate_loss":1.7957866991622538,"train_loss":6.591368121080125,"_runtime":2447.142800024,"_step":6,"_timestamp":1.754582820883566e+09}