{"evaluate_loss":1.605326956510544,"train_loss":6.523432050540948,"_step":12,"_timestamp":1.7565749223183353e+09,"EXP_106_N8_R5_E4_CLIENT_06_status":0,"_runtime":59,"_wandb":{"runtime":59},"evaluate_accuracy":0.3984}