{"_timestamp":1.7492154702271347e+09,"_wandb":{"runtime":456},"evaluate_accuracy":0.17666466706658668,"evaluate_loss":2.181073771204267,"train_loss":5.2274305480275505,"_runtime":456.24071355,"_step":4}