{"train_loss":7.899461377180364,"_timestamp":1.7545846473353653e+09,"_runtime":37.265889638,"_step":0,"_wandb":{"runtime":37}}