{"_timestamp":1.7541789221210365e+09,"_wandb":{"runtime":1086},"evaluate_accuracy":0.2128,"evaluate_loss":2.075363320640371,"train_loss":11.534969987579808,"_runtime":1086.191539533,"_step":4}