{"_step":12,"_timestamp":1.754221453509988e+09,"_wandb":{"runtime":263393},"evaluate_accuracy":0.458,"evaluate_loss":1.461127662960487,"train_loss":10.345765617327949,"_runtime":263393.980148158}