{"evaluate_accuracy":0.39532093581283745,"evaluate_loss":1.5913793028525587,"train_loss":6.610375207577025,"_runtime":5603.97353357,"_step":7,"_timestamp":1.7545855264101489e+09,"_wandb":{"runtime":5604}}