{"_timestamp":1.7565748112805197e+09,"evaluate_accuracy":0.3592,"evaluate_loss":1.7577104955911635,"train_loss":7.501430215349623,"_step":7,"_wandb":{"runtime":46},"EXP_106_N8_R5_E4_CLIENT_04_status":0,"_runtime":46}