{"evaluate_loss":1.6561535120010376,"train_loss":7.501430215349623,"_step":9,"_timestamp":1.7565748653583157e+09,"evaluate_accuracy":0.3968,"EXP_106_N8_R5_E4_CLIENT_04_status":0,"_runtime":46,"_wandb":{"runtime":46}}