{"train_loss":3.639717589569092,"_runtime":4.294967299131382e+09,"_step":47,"_timestamp":1.7479229796446974e+09,"_wandb":{"runtime":4294967299},"evaluate_accuracy":0.3346,"evaluate_loss":1.7701113292366077}