{"_runtime":9,"_step":2,"_timestamp":1.756490602593815e+09,"_wandb":{"runtime":9},"evaluate_accuracy":0.23516483516483516,"evaluate_loss":1.9236032675052512,"train_loss":6.0223830980167055}