{"_timestamp":1.754214949934696e+09,"_wandb":{"runtime":5165},"evaluate_accuracy":0.3977204559088182,"evaluate_loss":1.5957081238428752,"train_loss":11.145147658938127,"_runtime":5165.998154477,"_step":6}