{"train_loss":5.502570635318756,"_runtime":24.911429486,"_step":2,"_timestamp":1.7571717594220486e+09,"_wandb":{"runtime":24},"evaluate_accuracy":0.099,"evaluate_loss":2.3624431632813954}