{"_timestamp":1.7565757151217678e+09,"train_loss":9.7630053348602,"_step":0,"_wandb":{"runtime":18},"_runtime":18,"EXP_108_N8_R5_E5_CLIENT_01_status":0}