{"train_loss":9.216831712296214,"_runtime":153.093780259,"_step":2,"_timestamp":1.7545821698995774e+09,"_wandb":{"runtime":153},"evaluate_accuracy":0.0972,"evaluate_loss":2.334612933895256}