{"_step":0,"EXP_089_N8_R4_E2_CLIENT_02_status":0,"_timestamp":1.7565506175038054e+09,"train_loss":4.607357740402222,"_wandb":{"runtime":7},"_runtime":7}