{"_runtime":0,"_timestamp":1.7565741983964913e+09,"evaluate_loss":2.314873158931732,"evaluate_accuracy":0.1,"_step":1,"EXP_105_N8_R4_E4_CLIENT_08_status":0,"_wandb":{"runtime":0}}