{"train_loss":10.169823793089314,"_runtime":92,"_step":3,"_timestamp":1.75715546516357e+09,"_wandb":{"runtime":92},"evaluate_accuracy":0.1328,"evaluate_loss":2.215870279073715}