{"_wandb":{"runtime":19},"train_loss":3.4553118255615236,"_timestamp":1.7477470590916913e+09,"_runtime":19.936279422,"_step":0}