{"_timestamp":1.7494631645575075e+09,"_wandb":{"runtime":772},"evaluate_accuracy":0.34403119376124774,"evaluate_loss":1.7485915899276734,"train_loss":3.555476268132528,"_runtime":772.291142379,"_step":5}