{"EXP_101_N9_R4_E3_CLIENT_09_status":0,"_runtime":18,"_step":9,"_wandb":{"runtime":18},"evaluate_accuracy":0.3726372637263726,"_timestamp":1.756572559578909e+09,"evaluate_loss":1.7247386353356498,"train_loss":5.563390299570647}