{"_runtime":3014.035655586,"_step":6,"_timestamp":1.7542185162540934e+09,"_wandb":{"runtime":3014},"evaluate_accuracy":0.3044,"evaluate_loss":1.8588995299761808,"train_loss":8.461312367512395}