{"evaluate_loss":2.3170499270129357,"evaluate_accuracy":0.0904,"_timestamp":1.7494616090042262e+09,"_wandb":{"runtime":58},"train_loss":5.509699217987061,"_runtime":58.801453468,"_step":1}