{"_wandb":{"runtime":20},"_runtime":20.280914706,"_step":0,"train_loss":3.8222316036224364,"_timestamp":1.7492052078790221e+09}