{"_step":3,"_timestamp":1.7571523493507688e+09,"_wandb":{"runtime":99},"evaluate_accuracy":0.3088,"evaluate_loss":1.8418749034404756,"train_loss":7.8125463253373555,"_runtime":99}