{"_wandb":{"runtime":152},"evaluate_accuracy":0.1204,"evaluate_loss":2.6186273462453467,"train_loss":5.162665850067139,"_runtime":152.90169336,"_step":2,"_timestamp":1.7494612836295533e+09}