{"_wandb":{"runtime":173},"evaluate_loss":2.307242840528488,"train_loss":7.392552436537044,"_step":3,"evaluate_accuracy":0.0952,"EXP_110_N8_R5_E4_CLIENT_05_status":0,"_runtime":173,"_timestamp":1.7571495934882488e+09}