{"evaluate_loss":1.946421854079716,"train_loss":8.264223215579987,"_runtime":70.074168301,"_step":4,"_timestamp":1.7571724983336642e+09,"_wandb":{"runtime":70},"evaluate_accuracy":0.231}