{"train_loss":5.80152276063421,"EXP_103_N8_R4_E3_CLIENT_01_status":0,"_runtime":10,"_step":2,"_timestamp":1.7565733468351798e+09,"evaluate_loss":2.3236657619476317,"evaluate_accuracy":0.1152,"_wandb":{"runtime":10}}