{"train_loss":5.043259606658697,"_runtime":4680.23115488,"_step":7,"_timestamp":1.754211402043909e+09,"_wandb":{"runtime":4680},"evaluate_accuracy":0.370125974805039,"evaluate_loss":1.668433227993193}