{"evaluate_accuracy":0.39742051589682065,"evaluate_loss":1.6334471350624449,"train_loss":11.14452557626674,"_runtime":10546.283104964,"_step":7,"_timestamp":1.7542156268541927e+09,"_wandb":{"runtime":10546}}