{"_timestamp":1.7565461657906778e+09,"_wandb":{"runtime":19},"evaluate_accuracy":0.40671865626874626,"train_loss":8.31185640273482,"_runtime":19,"_step":6,"evaluate_loss":1.5853429942760828,"EXP_082_N6_R4_E5_CLIENT_05_status":0}