{"_runtime":538.35196378,"_step":3,"_timestamp":1.7542210528323438e+09,"_wandb":{"runtime":538},"evaluate_accuracy":0.1716,"evaluate_loss":2.181315295303924,"train_loss":12.694335645760972}