{"train_loss":8.386133788015059,"_runtime":208.236037577,"_step":2,"_timestamp":1.7541723546164649e+09,"_wandb":{"runtime":208},"evaluate_accuracy":0.10347930413917215,"evaluate_loss":2.3341724418458485}