{"_runtime":69.943187055,"_step":2,"_timestamp":1.749214520927953e+09,"_wandb":{"runtime":69},"evaluate_accuracy":0.15086982603479304,"evaluate_loss":2.237716007232666,"train_loss":3.6556339787064696}