{"evaluate_accuracy":0.1032,"_step":5,"_timestamp":1.7565467934175615e+09,"_wandb":{"runtime":20},"evaluate_loss":2.303137218952179,"train_loss":6.91180813540319,"EXP_084_N8_R4_E3_CLIENT_04_status":0,"_runtime":20}