{"_runtime":13210.302963149,"_step":7,"_timestamp":1.7545863803379405e+09,"_wandb":{"runtime":13210},"evaluate_accuracy":0.28314337132573486,"evaluate_loss":1.8154214845513397,"train_loss":10.95454189537815}