{"evaluate_loss":1.5689705082132845,"train_loss":8.026856519924566,"_runtime":6710.446910669,"_step":7,"_timestamp":1.7541731601333704e+09,"_wandb":{"runtime":6710},"evaluate_accuracy":0.4292}