{"_timestamp":1.7542193792917364e+09,"_wandb":{"runtime":414899},"evaluate_accuracy":0.4128,"evaluate_loss":1.5664672338509862,"train_loss":7.900768768292266,"_runtime":414899.91812397,"_step":13}