{"evaluate_loss":1.6859956175088882,"train_loss":8.14718887760381,"_wandb":{"runtime":48},"EXP_107_N8_R4_E5_CLIENT_08_status":0,"_runtime":48,"_step":7,"_timestamp":1.756575345204284e+09,"evaluate_accuracy":0.3528}