{"_timestamp":1.7571557300579863e+09,"_wandb":{"runtime":284},"evaluate_accuracy":0.3472,"evaluate_loss":1.701120848953724,"train_loss":8.770177261844562,"_runtime":284,"_step":7}