{"train_loss":7.789820510358475,"_runtime":203596.105696564,"_step":12,"_timestamp":1.7541774678202446e+09,"_wandb":{"runtime":203596},"evaluate_accuracy":0.4016,"evaluate_loss":1.602520532245877}