{"_runtime":56.205020777,"_step":1,"evaluate_loss":2.3409752073742096,"evaluate_accuracy":0.09508098380323936,"_timestamp":1.7492162613348887e+09,"_wandb":{"runtime":56},"train_loss":7.725895771019751}