{"evaluate_accuracy":0.304,"evaluate_loss":1.8102340251207352,"train_loss":7.267329491627444,"_runtime":131.872987586,"_step":5,"_timestamp":1.757152377935045e+09,"_wandb":{"runtime":131}}