{"_step":5,"_timestamp":1.7541724502504544e+09,"_wandb":{"runtime":1798},"evaluate_accuracy":0.4097180563887223,"evaluate_loss":1.6150760854993547,"train_loss":8.340833832319978,"_runtime":1798.878471924}