{"train_loss":8.372741724736393,"_runtime":5711.979206011,"_step":7,"_timestamp":1.7541772769590063e+09,"_wandb":{"runtime":5712},"evaluate_accuracy":0.3604,"evaluate_loss":1.6815068691591673}