{"_wandb":{"runtime":727},"evaluate_accuracy":0.2524,"evaluate_loss":2.061540241482892,"train_loss":8.766749949881826,"_runtime":727.178696718,"_step":4,"_timestamp":1.7542190843077629e+09}