{"_wandb":{"runtime":20101},"evaluate_accuracy":0.40071985602879423,"evaluate_loss":1.5959110475721814,"train_loss":10.814008670173388,"_runtime":20101.052966448,"_step":8,"_timestamp":1.7542156995348477e+09}