{"evaluate_accuracy":0.11217756448710256,"evaluate_loss":2.3038712932949976,"train_loss":3.456009148693771,"_runtime":76.355072165,"_step":2,"_timestamp":1.7541537659856546e+09,"_wandb":{"runtime":76}}