{"evaluate_accuracy":0.4338,"partition_id":1,"client_name":"EXP_004_N2_R4_E3_CLIENT_02","_runtime":2597.042535999,"_timestamp":1.7541514398863733e+09,"evaluate_loss":1.555296915351965,"train_loss":4.53295408372879,"_wandb":{"runtime":2597},"_step":6}