{"_timestamp":1.7541537162568812e+09,"_runtime":16.107671255,"_step":0,"_wandb":{"runtime":16},"train_loss":3.8471961507408454}