{"_timestamp":1.7564806002940686e+09,"_step":0,"_wandb":{"runtime":287},"_runtime":287.537997472,"train_loss":6.915025263740903}