{"evaluate_accuracy":0.42651469706058787,"evaluate_loss":1.5949149722144718,"train_loss":10.04960405769394,"_runtime":677142.327146393,"_step":13,"_timestamp":1.7542158991348004e+09,"_wandb":{"runtime":677142}}