{"_step":1,"evaluate_loss":2.273982207486584,"_timestamp":1.7541493272545156e+09,"client_name":"EXP_002_Nunknown_R2_E2_CLIENT_01","train_loss":4.608200152206421,"partition_id":0,"_runtime":58.994492388,"_wandb":{"runtime":59},"evaluate_accuracy":0.1208}