{"_step":6,"_timestamp":1.7494652992800262e+09,"_wandb":{"runtime":2014},"evaluate_accuracy":0.41781643671265745,"evaluate_loss":1.593591088340396,"train_loss":4.797679990029735,"_runtime":2014.897303553}