{"evaluate_accuracy":0.2489502099580084,"evaluate_loss":1.8989504980591108,"train_loss":11.290539326850308,"_runtime":3263.845230359,"_step":5,"_timestamp":1.754586268036891e+09,"_wandb":{"runtime":3263}}