{"_step":4,"_timestamp":1.749461347021194e+09,"_wandb":{"runtime":642},"evaluate_accuracy":0.3444,"evaluate_loss":1.8353298431748797,"train_loss":4.9362116611480715,"_runtime":642.8656424}