{"train_loss":8.515838752555847,"_runtime":1177.126116962,"_step":4,"_timestamp":1.7542079125741727e+09,"_wandb":{"runtime":1177},"evaluate_accuracy":0.295,"evaluate_loss":1.8136322551472173}