{"_step":11,"_timestamp":1.754215806417287e+09,"_wandb":{"runtime":160926},"evaluate_accuracy":0.45830833833233353,"evaluate_loss":1.5141768557684763,"train_loss":10.449809006506875,"_runtime":160926.444381188}