{"train_loss":8.809487813472748,"_runtime":41,"_step":3,"_timestamp":1.7571721343742993e+09,"_wandb":{"runtime":41},"evaluate_accuracy":0.229,"evaluate_loss":2.0406284464730158}