{"_step":0,"train_loss":11.2997871785643,"_wandb":{"runtime":52},"_timestamp":1.7545866553380682e+09,"_runtime":52.186447431}