{"evaluate_loss":2.005047070980072,"EXP_085_N8_R4_E4_CLIENT_07_status":0,"_runtime":0,"_step":3,"_timestamp":1.7565471006312704e+09,"_wandb":{"runtime":0},"evaluate_accuracy":0.2464}