{"evaluate_accuracy":0.4052,"evaluate_loss":1.591071687167204,"train_loss":10.811015211926481,"_runtime":16781.923467088,"_step":8,"_timestamp":1.7542212806597412e+09,"_wandb":{"runtime":16781}}