{"_wandb":{"runtime":685764},"evaluate_accuracy":0.4337132573485303,"evaluate_loss":1.5354412567047846,"train_loss":10.222395114046778,"_runtime":685764.374374947,"_step":13,"_timestamp":1.7542158976165051e+09}