{"_step":0,"_wandb":{"runtime":20},"train_loss":4.608692529296875,"_timestamp":1.7494602696046607e+09,"_runtime":20.164741558}