{"evaluate_loss":2.395428717136383,"train_loss":9.076362856634104,"_timestamp":1.756547491301592e+09,"_wandb":{"runtime":32},"evaluate_accuracy":0.084,"EXP_086_N8_R4_E5_CLIENT_01_status":0,"_runtime":32,"_step":3}