{"evaluate_loss":1.9134569078683854,"EXP_100_N8_R4_E3_CLIENT_02_status":0,"_runtime":17,"_step":5,"evaluate_accuracy":0.2736,"train_loss":5.822786324343104,"_timestamp":1.7565720404696395e+09,"_wandb":{"runtime":17}}