{"_runtime":24.103950083,"_step":0,"_wandb":{"runtime":24},"train_loss":7.419940916061401,"_timestamp":1.7563098775178924e+09}