{"train_loss":5.642428874683609,"evaluate_accuracy":0.10437912417516497,"evaluate_loss":2.3446577753339497,"_runtime":56.458980797,"_step":1,"_timestamp":1.7542117563031368e+09,"_wandb":{"runtime":56}}