{"evaluate_loss":1.555296915351965,"_wandb":{"runtime":1284},"evaluate_accuracy":0.4338,"_runtime":1284.735480165,"train_loss":4.746705808162689,"_step":5,"_timestamp":1.754151397141784e+09,"partition_id":1,"client_name":"EXP_004_N2_R4_E3_CLIENT_02"}