{"_step":1,"_timestamp":1.7492056172495642e+09,"evaluate_loss":2.338421148859012,"evaluate_accuracy":0.1002,"_wandb":{"runtime":42},"train_loss":4.608502810668945,"_runtime":42.802051991}