{"_step":5,"_timestamp":1.7494645087465262e+09,"_wandb":{"runtime":1002},"evaluate_accuracy":0.4112177564487103,"evaluate_loss":1.6154889492761522,"train_loss":5.083465952953275,"_runtime":1002.492480439}