{"evaluate_loss":2.0280183017253877,"EXP_091_N8_R4_E5_CLIENT_01_status":0,"_runtime":47,"_timestamp":1.756551312079586e+09,"evaluate_accuracy":0.2392,"train_loss":8.582062853369743,"_step":6,"_wandb":{"runtime":47}}