{"_runtime":1658.419883876,"_step":5,"_timestamp":1.7541730873285074e+09,"_wandb":{"runtime":1658},"evaluate_accuracy":0.3512,"evaluate_loss":1.7543940257422532,"train_loss":8.385131101257885}