{"evaluate_accuracy":0.1096,"evaluate_loss":2.3260597367829914,"train_loss":3.822011183625974,"_runtime":20551.995778569,"_step":7,"_timestamp":1.7478329221763117e+09,"_wandb":{"runtime":20553}}