{"evaluate_loss":2.6531829652332126,"train_loss":12.153132707380848,"_runtime":310.078438861,"_step":2,"_timestamp":1.7542154248128214e+09,"_wandb":{"runtime":310},"evaluate_accuracy":0.10437912417516496}