{"_timestamp":1.7565759685671637e+09,"_wandb":{"runtime":53},"evaluate_accuracy":0.416,"_runtime":53,"evaluate_loss":1.582243737578392,"train_loss":8.116463753068523,"EXP_108_N8_R5_E5_CLIENT_01_status":0,"_step":12}