{"accuracy":0.21875,"_timestamp":1.74586074857422e+09,"_runtime":32.698740618,"_wandb":{"runtime":32},"_step":1874,"loss":1.911814570426941,"epoch":2}