{"evaluate_loss":2.5398265191703846,"train_loss":3.639717589569092,"_runtime":4.294967317892317e+09,"_step":46,"_timestamp":1.7479229601840324e+09,"_wandb":{"runtime":4294967317},"evaluate_accuracy":0.1034}