{"train_loss":11.036844530174037,"_runtime":7095.881075043,"_step":7,"_timestamp":1.754586379879305e+09,"_wandb":{"runtime":7095},"evaluate_accuracy":0.30293941211757647,"evaluate_loss":1.78871203593488}