{"_timestamp":1.7564910257535765e+09,"_step":0,"_wandb":{"runtime":8},"_runtime":8.383629306,"train_loss":6.148855244545709}