{"evaluate_loss":2.3790416187710233,"evaluate_accuracy":0.10551558752997602,"_timestamp":1.756491052684027e+09,"_step":0,"_wandb":{"runtime":0},"_runtime":0}