{"evaluate_accuracy":0.3332,"evaluate_loss":1.7741549452648888,"train_loss":12.377056030800548,"_runtime":32320.872192837,"_step":9,"_timestamp":1.7541783224315546e+09,"_wandb":{"runtime":32320}}