{"evaluate_loss":2.1839851687668235,"train_loss":3.5244238513946535,"_runtime":516.98620636,"_step":4,"_timestamp":1.7541296969676216e+09,"_wandb":{"runtime":516},"evaluate_accuracy":0.2318}