{"evaluate_loss":1.8151138861467884,"partition_id":0,"_wandb":{"runtime":503},"client_name":"EXP_002_N2_R4_E2_CLIENT_01","_runtime":503.99026375,"evaluate_accuracy":0.2778,"_step":4,"_timestamp":1.754150538674882e+09,"train_loss":3.4613040809631346}