{"_timestamp":1.756491098997326e+09,"_wandb":{"runtime":24},"evaluate_accuracy":0.28896882494004794,"evaluate_loss":1.8919181073153462,"train_loss":5.611156360308329,"_runtime":24,"_step":3}