{"_timestamp":1.7565513717259724e+09,"evaluate_loss":1.6747033625841141,"train_loss":8.830691181930007,"EXP_091_N8_R4_E5_CLIENT_08_status":0,"_runtime":16,"_wandb":{"runtime":16},"evaluate_accuracy":0.4064,"_step":8}