{"_step":2,"_timestamp":1.7571512898770268e+09,"_wandb":{"runtime":113},"evaluate_accuracy":0.176,"evaluate_loss":2.1498347252607344,"train_loss":7.444198963748422,"_runtime":113}