{"_runtime":129020.429310461,"_step":11,"_timestamp":1.754584294862664e+09,"_wandb":{"runtime":129020},"evaluate_accuracy":0.4228,"evaluate_loss":1.5527013012125521,"train_loss":9.39682576336419}