{"EXP_098_N4_R4_E3_CLIENT_03_status":0,"_runtime":17,"train_loss":4.896839216875192,"_step":6,"_timestamp":1.7565712312693815e+09,"_wandb":{"runtime":17},"evaluate_accuracy":0.4084,"evaluate_loss":1.6117410825777658}