{"_timestamp":1.7564901637262564e+09,"_wandb":{"runtime":18},"evaluate_accuracy":0.194,"evaluate_loss":2.019622698426246,"train_loss":5.456315499305725,"_runtime":18.432076982,"_step":3}