{"_wandb":{"runtime":40},"train_loss":8.115317044311396,"_timestamp":1.7563109067927868e+09,"_runtime":40.430963255,"_step":0}