{"_runtime":58,"_step":5,"_timestamp":1.75648250329888e+09,"_wandb":{"runtime":58},"evaluate_accuracy":0.2968,"evaluate_loss":1.7969920952108842,"train_loss":5.333924138507904}