{"_runtime":149.002244845,"_step":2,"_timestamp":1.754206278723427e+09,"_wandb":{"runtime":149},"evaluate_accuracy":0.113,"evaluate_loss":2.2949969358504956,"train_loss":5.377356560134888}