{"_timestamp":1.7565743330252528e+09,"evaluate_accuracy":0.3128,"evaluate_loss":1.835501280426979,"_wandb":{"runtime":76},"train_loss":6.697581218306426,"EXP_105_N8_R4_E4_CLIENT_01_status":0,"_runtime":76,"_step":9}