{"evaluate_accuracy":0.0925,"evaluate_loss":2.4460136133527,"_runtime":23.356994273,"_step":1,"_timestamp":1.7571724448809187e+09,"train_loss":8.807039120197295,"_wandb":{"runtime":23}}