{"train_loss":9.362110532510776,"_runtime":73.993214558,"_step":1,"evaluate_loss":2.3994252892989145,"evaluate_accuracy":0.0984,"_timestamp":1.7542183310606823e+09,"_wandb":{"runtime":74}}