{"_step":29,"_timestamp":1.747923127181053e+09,"_wandb":{"runtime":4294967298},"evaluate_accuracy":0.1952609478104379,"evaluate_loss":2.255159936632429,"train_loss":3.694411040781785,"_runtime":4.294967298619495e+09}