{"_step":1,"_timestamp":1.7542183297581758e+09,"_wandb":{"runtime":72},"train_loss":9.7914847105075,"evaluate_loss":2.379085282736187,"evaluate_accuracy":0.0944,"_runtime":72.675325575}