{"_step":2,"_timestamp":1.7565751861367743e+09,"evaluate_loss":2.33180034160614,"evaluate_accuracy":0.084,"_wandb":{"runtime":21},"train_loss":9.400495941471902,"EXP_107_N8_R4_E5_CLIENT_01_status":0,"_runtime":21}