{"_runtime":2327.008110562,"_step":6,"_timestamp":1.7545822913590875e+09,"_wandb":{"runtime":2327},"evaluate_accuracy":0.2792,"evaluate_loss":1.8861271897448768,"train_loss":7.1286480891437956}