{"_wandb":{"runtime":36},"_step":0,"train_loss":9.215958618054724,"_timestamp":1.7545888656652246e+09,"_runtime":36.670167843}