{"_runtime":22.951136078,"_step":0,"_wandb":{"runtime":22},"train_loss":5.946821793377828,"_timestamp":1.7492149218617876e+09}