{"train_loss":6.097735216504051,"_timestamp":1.7564640241562712e+09,"_step":0,"_wandb":{"runtime":285},"_runtime":285.436493577}