{"evaluate_accuracy":0.4468,"evaluate_loss":1.5257378031935873,"train_loss":9.383724350898792,"_runtime":117570.31444884,"_step":11,"_timestamp":1.754584294165534e+09,"_wandb":{"runtime":117570}}