{"_step":4,"_timestamp":1.7571555461558397e+09,"_wandb":{"runtime":97},"evaluate_accuracy":0.244,"evaluate_loss":1.9294042825698852,"train_loss":9.524500518088129,"_runtime":97}