{"_runtime":153.280716702,"_step":2,"_timestamp":1.7492163089110422e+09,"_wandb":{"runtime":153},"evaluate_accuracy":0.10437912417516496,"evaluate_loss":2.3354138419741677,"train_loss":7.110312321489092}