{"_wandb":{"runtime":8},"_runtime":8.349656122,"_step":0,"train_loss":6.045234103854612,"_timestamp":1.7564896350615385e+09}