{"_wandb":{"runtime":278},"_runtime":278.940066947,"train_loss":6.1019095488957,"_timestamp":1.7564805928567514e+09,"_step":0}