{"train_loss":7.081955042129127,"_runtime":248.064893733,"_step":3,"_timestamp":1.7563095116362696e+09,"_wandb":{"runtime":248},"evaluate_accuracy":0.2712,"evaluate_loss":1.867359740824639}