{"_runtime":30.316343953,"_step":0,"_wandb":{"runtime":30},"train_loss":9.216501137699943,"_timestamp":1.7545821096117067e+09}