{"_wandb":{"runtime":0},"evaluate_accuracy":0.2376237623762376,"evaluate_loss":1.9365052930239974,"_runtime":0,"_step":1,"_timestamp":1.7564906007942512e+09}