{"evaluate_loss":1.6988513082265855,"train_loss":9.201154064220988,"EXP_086_N8_R4_E5_CLIENT_02_status":0,"_runtime":14,"_step":6,"evaluate_accuracy":0.34,"_timestamp":1.7565475483100684e+09,"_wandb":{"runtime":14}}