{"_step":4,"_timestamp":1.7492057044610474e+09,"_wandb":{"runtime":440},"evaluate_accuracy":0.365,"evaluate_loss":1.6952227612209927,"train_loss":3.383868190765381,"_runtime":440.127426314}