{"train_loss":8.116643809127808,"_runtime":1192.014920055,"_step":4,"_timestamp":1.7541718694624066e+09,"_wandb":{"runtime":1192},"evaluate_accuracy":0.2458,"evaluate_loss":1.924434358906594}