{"_runtime":263.349492266,"train_loss":5.864830913997832,"_timestamp":1.7564639977773724e+09,"_step":0,"_wandb":{"runtime":263}}