{"_wandb":{"runtime":41},"train_loss":7.6955716057196675,"_timestamp":1.756310905323976e+09,"_runtime":41.47607988,"_step":0}