{"_timestamp":1.7541755157979803e+09,"_runtime":35.328691718,"_step":0,"train_loss":9.533852978636281,"_wandb":{"runtime":35}}