{"evaluate_accuracy":0.36,"evaluate_loss":1.7042499661445618,"train_loss":8.472587034960462,"_runtime":477,"_step":7,"_timestamp":1.7571545051842144e+09,"_wandb":{"runtime":477}}