{"evaluate_loss":2.113267791838873,"train_loss":6.9334939472395165,"_runtime":715.913318381,"_step":4,"_timestamp":1.749466944207473e+09,"_wandb":{"runtime":715},"evaluate_accuracy":0.14967006598680263}