{"_runtime":36,"_timestamp":1.7565742513709242e+09,"_wandb":{"runtime":36},"evaluate_loss":2.0257883816957474,"EXP_105_N8_R4_E4_CLIENT_02_status":0,"_step":5,"evaluate_accuracy":0.1728,"train_loss":7.880882128029112}