{"_wandb":{"runtime":43},"train_loss":13.04410607898578,"_timestamp":1.7541787490587778e+09,"_runtime":43.934399995,"_step":0}