{"_runtime":43.996281775,"_wandb":{"runtime":43},"_step":0,"train_loss":9.185569202176298,"_timestamp":1.7541729308603048e+09}