{"EXP_093_N3_R3_E3_CLIENT_03_status":0,"_timestamp":1.7565683899021351e+09,"_wandb":{"runtime":1},"_runtime":1,"evaluate_loss":2.302767022450765,"evaluate_accuracy":0.14847030593881225,"_step":1}