{"_step":0,"evaluate_loss":2.3078043733324325,"evaluate_accuracy":0.09900990099009901,"_timestamp":1.7564896544688609e+09,"_wandb":{"runtime":0},"_runtime":0}