{"_runtime":1786.402733025,"_step":5,"_timestamp":1.7542130139463673e+09,"_wandb":{"runtime":1786},"evaluate_accuracy":0.32273545290941813,"evaluate_loss":1.760859964007423,"train_loss":8.757230738369968}