{"_timestamp":1.7494644368722422e+09,"_wandb":{"runtime":120},"evaluate_accuracy":0.10377924415116976,"evaluate_loss":2.325968656085786,"train_loss":5.3315269975639366,"_runtime":120.941052116,"_step":2}