{"evaluate_loss":1.7658920556306839,"_wandb":{"runtime":78},"train_loss":8.73364103068212,"EXP_108_N8_R5_E5_CLIENT_03_status":0,"_runtime":78,"_step":8,"_timestamp":1.7565758538831298e+09,"evaluate_accuracy":0.3256}