{"evaluate_accuracy":0.1075,"evaluate_loss":2.325793735564701,"train_loss":3.9421246433258057,"_runtime":146.251028564,"_step":3,"_timestamp":1.7541545765971713e+09,"_wandb":{"runtime":146}}