{"train_loss":7.801637042834106,"_runtime":132.336383945,"_step":2,"_timestamp":1.75631098983021e+09,"_wandb":{"runtime":132},"evaluate_accuracy":0.10636808957312806,"evaluate_loss":2.306001149283515}