{"evaluate_loss":2.3554504221412027,"_timestamp":1.754150097588577e+09,"_wandb":{"runtime":49},"_runtime":49.016696645,"client_name":"EXP_001_N2_R3_E2_CLIENT_01","partition_id":0,"_step":1,"evaluate_accuracy":0.1018,"train_loss":3.653939769935608}