{"_step":11,"_wandb":{"runtime":62},"train_loss":4.844056298557562,"EXP_098_N4_R4_E3_CLIENT_01_status":0,"_runtime":62,"_timestamp":1.756571248119644e+09,"evaluate_accuracy":0.428,"evaluate_loss":1.5548446736758268}