{"evaluate_accuracy":0.3344331133773245,"evaluate_loss":1.7204215310868762,"train_loss":3.5043317376852605,"_runtime":4.294967298461274e+09,"_step":29,"_timestamp":1.747833729356714e+09,"_wandb":{"runtime":4294967299}}