{"_timestamp":1.7571512889049833e+09,"_wandb":{"runtime":133},"evaluate_accuracy":0.1888,"evaluate_loss":2.1420659601688383,"train_loss":7.136319074661109,"_runtime":133,"_step":3}