{"_step":5,"_timestamp":1.7494669667709358e+09,"_wandb":{"runtime":1250},"evaluate_accuracy":0.3719256148770246,"evaluate_loss":1.7092252163659958,"train_loss":6.8560003531064915,"_runtime":1250.820435636}