{"_timestamp":1.7563104700723357e+09,"_wandb":{"runtime":192},"evaluate_accuracy":0.10077984403119376,"evaluate_loss":2.3577139377593994,"train_loss":7.622685856225958,"_runtime":192.324933713,"_step":2}