{"_runtime":251.724889796,"_step":1,"_timestamp":1.7478320718376975e+09,"_wandb":{"runtime":252},"train_loss":4.1581614952087405,"evaluate_loss":2.3015369176864624,"evaluate_accuracy":0.1}