{"_step":10,"_timestamp":1.7542174074288304e+09,"_wandb":{"runtime":27640},"evaluate_accuracy":0.416,"evaluate_loss":1.5826847523073606,"train_loss":4.735596213097009,"_runtime":27640.9305006}