{"_runtime":355.618716759,"_step":3,"_timestamp":1.7563110315062697e+09,"_wandb":{"runtime":355},"evaluate_accuracy":0.21133659902029392,"evaluate_loss":1.9976785845226712,"train_loss":7.833518754170593}