{"evaluate_loss":1.705821232975654,"train_loss":6.933955746404292,"_runtime":1320.30280148,"_step":5,"_timestamp":1.7545854444742208e+09,"_wandb":{"runtime":1320},"evaluate_accuracy":0.34913017396520696}