{"_runtime":13,"_step":4,"train_loss":9.890654301187794,"EXP_091_N8_R4_E5_CLIENT_02_status":0,"_timestamp":1.7565512813825529e+09,"_wandb":{"runtime":13},"evaluate_accuracy":0.2216,"evaluate_loss":2.046055355668068}