{"_runtime":9,"_step":6,"_timestamp":1.7565725438238158e+09,"train_loss":5.2468890423397365,"_wandb":{"runtime":9},"evaluate_accuracy":0.29792979297929795,"evaluate_loss":1.86888233593532,"EXP_101_N9_R4_E3_CLIENT_05_status":0}