{"train_loss":6.967331980444063,"EXP_085_N8_R4_E4_CLIENT_08_status":0,"_step":8,"_wandb":{"runtime":13},"evaluate_loss":1.6814320594072343,"_runtime":13,"_timestamp":1.75654718678711e+09,"evaluate_accuracy":0.3728}