{"_runtime":21.828071323,"_step":0,"train_loss":4.608614167404175,"_timestamp":1.7492030408476453e+09,"_wandb":{"runtime":21}}