{"_step":3,"_timestamp":1.7492054468577886e+09,"_wandb":{"runtime":208},"evaluate_accuracy":0.3886,"evaluate_loss":1.6506831661151473,"train_loss":3.469266845703125,"_runtime":208.825681511}