{"_wandb":{"runtime":6},"_runtime":6,"_timestamp":1.7565499803911457e+09,"train_loss":4.117479604520615,"_step":0,"EXP_088_N8_R4_E2_CLIENT_03_status":0}