{"train_loss":9.339666739439432,"_runtime":749.210243733,"_step":4,"_timestamp":1.7542179776572423e+09,"_wandb":{"runtime":749},"evaluate_accuracy":0.194,"evaluate_loss":2.1136875907077064}