{"_step":4,"_timestamp":1.7541781375874166e+09,"_wandb":{"runtime":1128},"evaluate_accuracy":0.1816,"evaluate_loss":2.1765852638437777,"train_loss":13.278615829281913,"_runtime":1128.98325264}