{"_step":1,"evaluate_loss":2.3151458694821314,"evaluate_accuracy":0.09538092381523695,"_timestamp":1.7542128613775637e+09,"_wandb":{"runtime":88},"train_loss":9.566202962998863,"_runtime":88.61006174}