{"_step":3,"_timestamp":1.7541313979320767e+09,"_wandb":{"runtime":253},"evaluate_accuracy":0.2218,"evaluate_loss":1.9819265102884571,"train_loss":3.7843818353652954,"_runtime":253.484940111}