{"_step":0,"_wandb":{"runtime":3},"evaluate_loss":2.2807411852337065,"evaluate_accuracy":0.14097180563887224,"_timestamp":1.7477458450410712e+09,"_runtime":2.199446458}