{"_wandb":{"runtime":34},"evaluate_loss":1.7486433178186416,"EXP_108_N8_R5_E5_CLIENT_01_status":0,"_step":7,"_timestamp":1.756575886158372e+09,"evaluate_accuracy":0.3288,"train_loss":8.454289537326545,"_runtime":34}