{"_runtime":166.272840273,"_step":3,"_timestamp":1.749214112429415e+09,"_wandb":{"runtime":166},"evaluate_accuracy":0.17816436712657469,"evaluate_loss":2.05078934941973,"train_loss":3.617097933801244}