{"_step":6,"_timestamp":1.754217293036576e+09,"_wandb":{"runtime":1754},"evaluate_accuracy":0.3756,"evaluate_loss":1.628670810144159,"train_loss":4.953040379304856,"_runtime":1754.064838146}