{"_timestamp":1.7565513283648582e+09,"_wandb":{"runtime":0},"evaluate_accuracy":0.3624,"evaluate_loss":1.7277255684137345,"EXP_091_N8_R4_E5_CLIENT_05_status":0,"_runtime":0,"_step":5}