{"_timestamp":1.7542138990210817e+09,"_wandb":{"runtime":485650},"evaluate_accuracy":0.4511097780443911,"evaluate_loss":1.5326429764429728,"train_loss":7.447146667136277,"_runtime":485650.232348559,"_step":13}