{"train_loss":3.9355146869659423,"_timestamp":1.749203040171898e+09,"_runtime":21.116197904,"_wandb":{"runtime":21},"_step":0}