{"evaluate_loss":1.7136096901195064,"train_loss":3.5244238513946535,"_runtime":1035.641800961,"_step":5,"_timestamp":1.7541297152954903e+09,"_wandb":{"runtime":1035},"evaluate_accuracy":0.3514}