{"evaluate_loss":2.0284638199836587,"train_loss":5.501740706062317,"_runtime":294.872241556,"_step":3,"_timestamp":1.7494616728159838e+09,"_wandb":{"runtime":294},"evaluate_accuracy":0.2024}