{"_runtime":236.103854586,"_step":3,"_timestamp":1.754216209862835e+09,"_wandb":{"runtime":236},"evaluate_accuracy":0.1876,"evaluate_loss":2.3204112068007263,"train_loss":5.422896510495926}