{"train_loss":7.94568023399804,"_runtime":424082.286728202,"_step":13,"_timestamp":1.754219380754588e+09,"_wandb":{"runtime":424082},"evaluate_accuracy":0.426,"evaluate_loss":1.5637349056292185}