{"evaluate_accuracy":0.3136,"EXP_105_N8_R4_E4_CLIENT_05_status":0,"_runtime":27,"_timestamp":1.756574303334471e+09,"_wandb":{"runtime":27},"evaluate_loss":1.7886064678430558,"train_loss":7.950539209280803,"_step":6}