{"_step":11,"_wandb":{"runtime":64},"evaluate_accuracy":0.396,"evaluate_loss":1.6123136818408965,"EXP_091_N8_R4_E5_CLIENT_03_status":0,"_timestamp":1.7565513731720688e+09,"train_loss":8.035488777099902,"_runtime":64}