{"evaluate_accuracy":0.1072,"evaluate_loss":2.6358483824760293,"train_loss":8.66623643283844,"_runtime":247.277784287,"_step":2,"_timestamp":1.7542083604599593e+09,"_wandb":{"runtime":247}}