{"evaluate_loss":2.3068432671683174,"train_loss":3.9033093818371816,"_runtime":2.105737036973428e+07,"_step":17,"_timestamp":1.7478335722255344e+09,"_wandb":{"runtime":21057370},"evaluate_accuracy":0.11397720455908818}