{"evaluate_accuracy":0.3912,"evaluate_loss":1.6967644304037095,"EXP_100_N8_R4_E3_CLIENT_03_status":0,"_timestamp":1.7565721077748733e+09,"_wandb":{"runtime":38},"train_loss":5.04934654949577,"_runtime":38,"_step":9}