{"evaluate_accuracy":0.1065,"evaluate_loss":2.329937348290095,"train_loss":4.006167287826538,"_runtime":152.108751801,"_step":3,"_timestamp":1.7541545762435136e+09,"_wandb":{"runtime":152}}