{"_timestamp":1.756548437993361e+09,"_wandb":{"runtime":1},"evaluate_accuracy":0.2648,"evaluate_loss":1.8908924877643585,"EXP_087_N8_R4_E2_CLIENT_06_status":0,"_runtime":1,"_step":3}