{"train_loss":5.463255653746973,"_runtime":463.12082902,"_step":4,"_timestamp":1.7542166762051337e+09,"_wandb":{"runtime":463},"evaluate_accuracy":0.198,"evaluate_loss":2.0695769439769696}