{"train_loss":5.2900282950401305,"_runtime":12,"evaluate_accuracy":0.365,"evaluate_loss":1.7243360299912711,"EXP_099_N5_R4_E3_CLIENT_05_status":0,"_step":4,"_timestamp":1.7565715663288193e+09,"_wandb":{"runtime":12}}