{"_wandb":{"runtime":134},"evaluate_accuracy":0.10167966406718656,"evaluate_loss":2.66023755527678,"train_loss":7.333907820623842,"_runtime":134.983378877,"_step":2,"_timestamp":1.749466879351614e+09}