{"evaluate_loss":2.28748249250745,"evaluate_accuracy":0.1285,"_runtime":57.74105987,"_step":1,"_timestamp":1.7563098984109397e+09,"_wandb":{"runtime":57},"train_loss":7.687375418663024}