{"train_loss":7.507131640990956,"_runtime":274.938908422,"_step":2,"_timestamp":1.7545847419403865e+09,"_wandb":{"runtime":274},"evaluate_accuracy":0.10197960407918416,"evaluate_loss":2.3369556103112563}