{"_runtime":1654.333908507,"_step":5,"_timestamp":1.7541756753421926e+09,"_wandb":{"runtime":1654},"evaluate_accuracy":0.3264,"evaluate_loss":1.7671791088731983,"train_loss":8.668659174023345}