{"evaluate_accuracy":0.0928,"evaluate_loss":2.3147382736206055,"train_loss":7.928382512110813,"_runtime":127.738830177,"_step":2,"_timestamp":1.7571522699427197e+09,"_wandb":{"runtime":127}}