{"_step":3,"_timestamp":1.7571554666584942e+09,"_wandb":{"runtime":95},"evaluate_accuracy":0.128,"evaluate_loss":2.2222169280052184,"train_loss":9.449984995422849,"_runtime":95}