{"_wandb":{"runtime":48},"evaluate_accuracy":0.312,"_timestamp":1.7571489382803695e+09,"evaluate_loss":1.8292977333068847,"train_loss":7.856821309988666,"EXP_109_N8_R5_E4_CLIENT_03_status":0,"_runtime":48,"_step":7}