{"_wandb":{"runtime":26482},"evaluate_accuracy":0.4216,"evaluate_loss":1.5700176471396337,"train_loss":8.175502691025171,"_runtime":26482.237417791,"_step":9,"_timestamp":1.754219243755271e+09}