{"_runtime":69,"_step":0,"EXP_110_N8_R5_E4_CLIENT_02_status":0,"_timestamp":1.757149456105688e+09,"train_loss":7.4834082772018045,"_wandb":{"runtime":69}}