{"_runtime":3762.20897129,"_step":6,"_timestamp":1.7541790029235997e+09,"_wandb":{"runtime":3762},"evaluate_accuracy":0.4072,"evaluate_loss":1.5839632764647278,"train_loss":10.858823628090441}