{"evaluate_loss":2.4835412441929683,"train_loss":8.818008314306363,"_runtime":170.943630394,"_step":2,"_timestamp":1.7541764107740738e+09,"_wandb":{"runtime":170},"evaluate_accuracy":0.0952}