{"train_loss":10.547287291992967,"_runtime":384.035421317,"_step":3,"_timestamp":1.7545834065303018e+09,"_wandb":{"runtime":384},"evaluate_accuracy":0.2884,"evaluate_loss":1.877056529250326}