{"_step":0,"evaluate_loss":2.5612207472324373,"evaluate_accuracy":0.1008,"_timestamp":1.7571553746189442e+09,"_wandb":{"runtime":0},"_runtime":0}