{"evaluate_accuracy":0.092,"evaluate_loss":2.304479307429806,"train_loss":4.6079329555511475,"_runtime":436.248093953,"_step":4,"_timestamp":1.7492059629638052e+09,"_wandb":{"runtime":436}}