{"_timestamp":1.754585316610747e+09,"_wandb":{"runtime":155},"evaluate_accuracy":0.08938212357528494,"evaluate_loss":2.3273777421915307,"train_loss":7.414453773407274,"_runtime":155.239848192,"_step":2}