{"_timestamp":1.7492049427072818e+09,"_wandb":{"runtime":103},"evaluate_accuracy":0.1068,"evaluate_loss":2.3834255318732778,"train_loss":3.527981799888611,"_runtime":103.093429299,"_step":2}