{"_runtime":200.181462307,"_step":2,"_timestamp":1.7541310261846528e+09,"_wandb":{"runtime":200},"evaluate_accuracy":0.1266,"evaluate_loss":2.4918066012631557,"train_loss":6.835578860282898}