{"_wandb":{"runtime":72},"evaluate_accuracy":0.109,"evaluate_loss":2.4240334942227317,"train_loss":3.9426821422576905,"_runtime":72.019948563,"_step":2,"_timestamp":1.7541545493990538e+09}