{"_timestamp":1.7494637923331234e+09,"_wandb":{"runtime":632},"evaluate_accuracy":0.34913017396520696,"evaluate_loss":1.7170877615610758,"train_loss":3.532424269820289,"_runtime":632.243914112,"_step":5}