{"train_loss":7.55083072977066,"_runtime":67598.280512783,"_step":10,"_timestamp":1.7542087217427135e+09,"_wandb":{"runtime":67598},"evaluate_accuracy":0.4682,"evaluate_loss":1.4837842519116249}