{"train_loss":4.207290786087134,"EXP_087_N8_R4_E2_CLIENT_03_status":0,"_runtime":7,"_step":2,"_timestamp":1.7565483992027328e+09,"_wandb":{"runtime":7},"evaluate_loss":2.25641753077507,"evaluate_accuracy":0.14}