{"_timestamp":1.7545823122081416e+09,"_wandb":{"runtime":5060},"evaluate_accuracy":0.3384,"evaluate_loss":1.7614419867720785,"train_loss":7.134976890140448,"_runtime":5060.118169937,"_step":7}