{"evaluate_loss":2.3276710027380836,"train_loss":4.60902717928536,"_runtime":623245.934075438,"_step":14,"_timestamp":1.7478329508479369e+09,"_wandb":{"runtime":623245},"evaluate_accuracy":0.0952}