{"_timestamp":1.749465187976644e+09,"_wandb":{"runtime":117},"evaluate_accuracy":0.1235752849430114,"evaluate_loss":2.312852107910883,"train_loss":5.221295662635236,"_runtime":117.047859393,"_step":2}