{"train_loss":5.159286944580078,"_runtime":181.122804423,"_step":2,"_timestamp":1.7542067634954648e+09,"_wandb":{"runtime":181},"evaluate_accuracy":0.1024,"evaluate_loss":2.328258181833158}