{"evaluate_loss":2.5115673899650575,"train_loss":9.882985222111841,"_runtime":97.320332455,"_step":2,"_timestamp":1.7571554482159536e+09,"_wandb":{"runtime":97},"evaluate_accuracy":0.0888}