{"train_loss":5.152215344131372,"EXP_103_N8_R4_E3_CLIENT_02_status":0,"_step":9,"_wandb":{"runtime":28},"_runtime":28,"_timestamp":1.7565734944880486e+09,"evaluate_accuracy":0.4048,"evaluate_loss":1.628571629524231}