{"evaluate_accuracy":0.39112177564487105,"evaluate_loss":1.647863765932479,"EXP_082_N6_R4_E5_CLIENT_01_status":0,"_step":6,"_timestamp":1.7565461670126662e+09,"train_loss":8.94690516177547,"_runtime":21,"_wandb":{"runtime":21}}