{"evaluate_accuracy":0.09898020395920816,"train_loss":4.083316055211154,"EXP_078_N6_R3_E2_CLIENT_02_status":0,"_runtime":7,"_step":2,"_timestamp":1.756543807154956e+09,"_wandb":{"runtime":7},"evaluate_loss":2.3312562681593985}