{"evaluate_accuracy":0.1016,"evaluate_loss":2.6242235720157625,"_runtime":31,"_step":2,"_timestamp":1.7565757437811022e+09,"_wandb":{"runtime":31},"train_loss":9.970578566478316,"EXP_108_N8_R5_E5_CLIENT_03_status":0}