{"train_loss":9.08959638653472,"_runtime":72.192109623,"evaluate_loss":2.368318515487864,"evaluate_accuracy":0.1096,"_step":1,"_timestamp":1.7542178600549252e+09,"_wandb":{"runtime":72}}