{"evaluate_accuracy":0.40371925614877024,"evaluate_loss":1.5929418983913604,"train_loss":4.958420703736998,"_runtime":882.296913279,"_step":5,"_timestamp":1.7494652617157433e+09,"_wandb":{"runtime":882}}