{"EXP_108_N8_R5_E5_CLIENT_05_status":0,"_wandb":{"runtime":35},"evaluate_accuracy":0.0952,"evaluate_loss":2.614364540576935,"train_loss":9.297077587455702,"_runtime":35,"_step":3,"_timestamp":1.756575777405007e+09}