{"evaluate_loss":2.281197491146269,"EXP_097_N3_R4_E3_CLIENT_01_status":0,"_runtime":39,"_timestamp":1.756570765103804e+09,"_wandb":{"runtime":39},"evaluate_accuracy":0.1187762447510498,"train_loss":5.393731118106156,"_step":3}