{"_timestamp":1.7542171306276398e+09,"_runtime":20.213839478,"_step":0,"_wandb":{"runtime":20},"train_loss":5.819298664601847}