{"_runtime":253.065752092,"_step":2,"_timestamp":1.754585339632936e+09,"_wandb":{"runtime":253},"evaluate_accuracy":0.10077984403119376,"evaluate_loss":2.322291914022194,"train_loss":7.379510069577888}