{"evaluate_loss":1.9705876260995865,"train_loss":3.654670927934586,"EXP_090_N8_R4_E2_CLIENT_08_status":0,"_runtime":6,"_step":6,"_timestamp":1.7565509533334281e+09,"_wandb":{"runtime":6},"evaluate_accuracy":0.2592}