{"evaluate_accuracy":0.2591481703659268,"evaluate_loss":1.8845910537810553,"train_loss":3.556643665265694,"_runtime":2.552838359391606e+09,"_step":26,"_timestamp":1.7478336580902648e+09,"_wandb":{"runtime":2552838359}}