{"evaluate_loss":2.3092033658708844,"train_loss":6.222289968737595,"_runtime":14.396593899,"_step":2,"_timestamp":1.756489707899152e+09,"_wandb":{"runtime":14},"evaluate_accuracy":0.10431654676258992}