{"train_loss":5.411844060575362,"_timestamp":1.7565684246917915e+09,"_wandb":{"runtime":21},"evaluate_accuracy":0.14847030593881225,"evaluate_loss":2.302767022450765,"EXP_093_N3_R3_E3_CLIENT_03_status":0,"_runtime":21,"_step":2}