{"_step":11,"train_loss":8.125845187029261,"EXP_108_N8_R5_E5_CLIENT_07_status":0,"_timestamp":1.756575968467311e+09,"_wandb":{"runtime":48},"evaluate_accuracy":0.3968,"evaluate_loss":1.5969032168388366,"_runtime":48}