{"_wandb":{"runtime":15222},"evaluate_accuracy":0.4064,"evaluate_loss":1.6032951511914217,"train_loss":4.815670276983097,"_runtime":15222.458354078,"_step":9,"_timestamp":1.7542173726777663e+09}