{"evaluate_accuracy":0.2592,"evaluate_loss":1.9911589546568076,"train_loss":3.4370762413024902,"_runtime":208.811238973,"_step":3,"_timestamp":1.749460730072585e+09,"_wandb":{"runtime":208}}