{"_runtime":62,"_step":8,"_wandb":{"runtime":62},"evaluate_loss":1.7028733037766957,"train_loss":4.93535278312308,"EXP_096_N3_R4_E3_CLIENT_01_status":0,"_timestamp":1.7565704724359174e+09,"evaluate_accuracy":0.35392921415716855}