{"_timestamp":1.7492150332949548e+09,"_wandb":{"runtime":464},"evaluate_accuracy":0.08998200359928014,"evaluate_loss":2.5410745915912445,"train_loss":5.465104589073492,"_runtime":464.98759096,"_step":4}