{"EXP_107_N8_R4_E5_CLIENT_06_status":0,"train_loss":9.049971263879424,"_runtime":17,"_step":2,"_timestamp":1.7565752222874107e+09,"_wandb":{"runtime":17},"evaluate_accuracy":0.0984,"evaluate_loss":2.3270195960998534}