{"_runtime":622.242594992,"_step":5,"_timestamp":1.7492141601577017e+09,"_wandb":{"runtime":622},"evaluate_accuracy":0.3767246550689862,"evaluate_loss":1.694296153386434,"train_loss":3.516562072779063}