{"train_loss":3.938678963169171,"EXP_083_N8_R4_E2_CLIENT_01_status":0,"_runtime":8,"_step":2,"evaluate_loss":2.384770792722702,"evaluate_accuracy":0.104,"_timestamp":1.7565464398070018e+09,"_wandb":{"runtime":8}}