{"_timestamp":1.7565742518640773e+09,"train_loss":7.950539209280803,"_runtime":27,"_wandb":{"runtime":27},"evaluate_accuracy":0.1872,"evaluate_loss":1.9995199114084243,"EXP_105_N8_R4_E4_CLIENT_05_status":0,"_step":4}