{"_runtime":43.969460404,"_step":0,"train_loss":13.201219720200609,"_timestamp":1.7541779556635942e+09,"_wandb":{"runtime":43}}