{"evaluate_loss":2.2227066770384583,"train_loss":8.459650293325845,"_runtime":861.29741218,"_step":4,"_timestamp":1.754173064719328e+09,"_wandb":{"runtime":861},"evaluate_accuracy":0.1332}