{"train_loss":5.361120186533246,"evaluate_loss":1.906408256954617,"_runtime":20.6345029,"_step":2,"_timestamp":1.7564911376279125e+09,"_wandb":{"runtime":20},"evaluate_accuracy":0.24940047961630696}