{"_timestamp":1.7565737677897165e+09,"evaluate_loss":2.2975077986717225,"_runtime":31,"_step":3,"_wandb":{"runtime":31},"evaluate_accuracy":0.1024,"train_loss":5.8342455739428285,"EXP_104_N8_R5_E3_CLIENT_02_status":0}