{"evaluate_accuracy":0.1546,"evaluate_loss":2.232513456587579,"train_loss":3.447302066612244,"_runtime":135.993749178,"_step":2,"_timestamp":1.7478305641854439e+09,"_wandb":{"runtime":135}}