{"train_loss":4.858155724527738,"_runtime":500.88171698,"_step":4,"_timestamp":1.7494652401799836e+09,"_wandb":{"runtime":500},"evaluate_accuracy":0.34613077384523094,"evaluate_loss":1.8559505723771592}