{"_wandb":{"runtime":1186},"evaluate_accuracy":0.1684,"evaluate_loss":2.0674441726344406,"train_loss":8.234460704803467,"_runtime":1186.982319705,"_step":4,"_timestamp":1.7542084645795848e+09}