{"train_loss":9.742761356056116,"_wandb":{"runtime":25},"_runtime":25,"_step":0,"EXP_107_N8_R4_E5_CLIENT_04_status":0,"_timestamp":1.7565751727391346e+09}