{"evaluate_accuracy":0.3512,"evaluate_loss":1.7543940257422532,"train_loss":8.026856519924566,"_runtime":3354.251956627,"_step":6,"_timestamp":1.7541731422071602e+09,"_wandb":{"runtime":3354}}