{"train_loss":12.99598421646764,"_runtime":9042.333127798,"_step":7,"_timestamp":1.754178237071239e+09,"_wandb":{"runtime":9042},"evaluate_accuracy":0.2704,"evaluate_loss":1.8628469569773614}