{"EXP_107_N8_R4_E5_CLIENT_03_status":0,"_runtime":25,"_step":2,"_timestamp":1.7565751876411953e+09,"_wandb":{"runtime":25},"train_loss":9.223655538953793,"evaluate_loss":2.324252736568451,"evaluate_accuracy":0.096}