{"_runtime":14,"_step":2,"_timestamp":1.7564910996335874e+09,"_wandb":{"runtime":14},"evaluate_accuracy":0.2517985611510791,"evaluate_loss":1.9079898860719469,"train_loss":6.0091567153022405}