{"_timestamp":1.7565470548034668e+09,"_wandb":{"runtime":11},"train_loss":8.104106646434516,"evaluate_loss":2.306389492750168,"evaluate_accuracy":0.084,"EXP_085_N8_R4_E4_CLIENT_03_status":0,"_runtime":11,"_step":2}