{"_timestamp":1.756575947001766e+09,"_wandb":{"runtime":53},"evaluate_loss":1.686323657631874,"train_loss":8.116463753068523,"_runtime":53,"evaluate_accuracy":0.3888,"EXP_108_N8_R5_E5_CLIENT_01_status":0,"_step":10}