{"evaluate_loss":1.8912057674156044,"train_loss":4.0025471329118645,"EXP_078_N6_R3_E2_CLIENT_03_status":0,"_step":7,"evaluate_accuracy":0.28014397120575885,"_runtime":16,"_timestamp":1.7565438860443382e+09,"_wandb":{"runtime":16}}