{"train_loss":7.04076082919054,"EXP_085_N8_R4_E4_CLIENT_02_status":0,"_runtime":40,"_step":10,"evaluate_loss":1.6747302889823914,"_timestamp":1.7565471856888914e+09,"_wandb":{"runtime":40},"evaluate_accuracy":0.3744}