{"evaluate_accuracy":0.0952,"evaluate_loss":2.332967504670348,"_runtime":21,"_step":1,"_timestamp":1.756482401925433e+09,"_wandb":{"runtime":21},"train_loss":5.992614964707591}