{"evaluate_loss":1.7643292471766472,"_runtime":0,"_step":1,"_timestamp":1.7564901830337298e+09,"_wandb":{"runtime":0},"evaluate_accuracy":0.318}