{"_step":0,"_wandb":{"runtime":31},"train_loss":7.131374481484759,"_timestamp":1.7494659487377322e+09,"_runtime":31.006343688}