{"_step":4,"_timestamp":1.7565715653921866e+09,"_wandb":{"runtime":15},"evaluate_accuracy":0.34,"evaluate_loss":1.7433711309281608,"train_loss":5.996135981559753,"_runtime":15,"EXP_099_N5_R4_E3_CLIENT_01_status":0}