{"_wandb":{"runtime":5338},"evaluate_accuracy":0.40431913617276544,"evaluate_loss":1.6170447794896252,"train_loss":6.6878718859271,"_runtime":5337.992944198,"_step":7,"_timestamp":1.7545855251225193e+09}