{"_step":5,"_timestamp":1.754178939351734e+09,"_wandb":{"runtime":2004},"evaluate_accuracy":0.4156,"evaluate_loss":1.6124435919749587,"train_loss":11.460149502221007,"_runtime":2004.336081988}