{"_runtime":11239.011564878,"_step":8,"_timestamp":1.7545855713835254e+09,"_wandb":{"runtime":11239},"evaluate_accuracy":0.39532093581283745,"evaluate_loss":1.591379302852559,"train_loss":6.363267350995369}