{"train_loss":9.545160159539948,"_runtime":200.293026755,"_step":2,"_timestamp":1.7541744468815758e+09,"_wandb":{"runtime":200},"evaluate_accuracy":0.08938212357528494,"evaluate_loss":2.337171473593082}