{"_timestamp":1.7542174800356328e+09,"_wandb":{"runtime":221162},"evaluate_accuracy":0.456,"evaluate_loss":1.4977457357358328,"train_loss":4.699907659532163,"_runtime":221162.038468817,"_step":13}