{"_step":5,"_timestamp":1.7545862698234437e+09,"_wandb":{"runtime":3263},"evaluate_accuracy":0.23155368926214756,"evaluate_loss":1.924443247183314,"train_loss":11.476053662277296,"_runtime":3263.857874458}