{"_step":6,"_timestamp":1.756545811647187e+09,"_wandb":{"runtime":14},"evaluate_accuracy":0.3209358128374325,"train_loss":7.03490623332667,"evaluate_loss":1.8235513961540075,"EXP_081_N6_R4_E4_CLIENT_04_status":0,"_runtime":14}