{"evaluate_accuracy":0.1336,"evaluate_loss":2.306760478019714,"train_loss":5.378800951751175,"EXP_103_N8_R4_E3_CLIENT_03_status":0,"_runtime":41,"_step":6,"_timestamp":1.7565734310502155e+09,"_wandb":{"runtime":41}}