{"evaluate_loss":1.6981349796056748,"train_loss":7.052990646878625,"_runtime":218,"_step":9,"_timestamp":1.7571524707827327e+09,"_wandb":{"runtime":218},"evaluate_accuracy":0.3424}