{"_step":4,"_timestamp":1.749214139932365e+09,"_wandb":{"runtime":310},"evaluate_accuracy":0.17666466706658668,"evaluate_loss":2.046729184332348,"train_loss":3.516562072779063,"_runtime":310.048140413}