{"_wandb":{"runtime":253},"evaluate_accuracy":0.3512,"evaluate_loss":1.7891704724852446,"train_loss":3.5451476634979247,"_runtime":253.713775194,"_step":3,"_timestamp":1.754152332218448e+09}