{"train_loss":6.915814619914741,"EXP_084_N8_R4_E3_CLIENT_03_status":0,"_wandb":{"runtime":18},"evaluate_accuracy":0.0984,"evaluate_loss":2.3854438841342924,"_runtime":18,"_step":3,"_timestamp":1.7565467496759834e+09}