{"_wandb":{"runtime":95},"evaluate_accuracy":0.14097180563887224,"evaluate_loss":2.2503007184891475,"train_loss":3.6599882786794247,"_runtime":95.46344602,"_step":2,"_timestamp":1.7563087942336318e+09}