{"_step":2,"_timestamp":1.7541788418753588e+09,"_wandb":{"runtime":258},"evaluate_accuracy":0.0936,"evaluate_loss":2.5711940723129465,"train_loss":12.186430949372605,"_runtime":258.984481851}