{"_step":4,"_timestamp":1.754215518426293e+09,"_wandb":{"runtime":1303},"evaluate_accuracy":0.23905218956208757,"evaluate_loss":1.9082857347670057,"train_loss":11.925940271475904,"_runtime":1303.970349981}