{"evaluate_loss":1.6689077917533586,"train_loss":7.935898162305546,"_runtime":11633.09002045,"_step":8,"_timestamp":1.7541766294949431e+09,"_wandb":{"runtime":11633},"evaluate_accuracy":0.3944}