{"train_loss":12.039744614793088,"_runtime":440.309920148,"_step":3,"_timestamp":1.7541788563937466e+09,"_wandb":{"runtime":440},"evaluate_accuracy":0.21,"evaluate_loss":2.047399795508083}