{"evaluate_accuracy":0.2336,"_runtime":35,"_timestamp":1.7565747880456257e+09,"_wandb":{"runtime":35},"evaluate_loss":1.987734216451645,"train_loss":7.2052137616333685,"EXP_106_N8_R5_E4_CLIENT_03_status":0,"_step":5}