{"evaluate_loss":2.448061484382266,"evaluate_accuracy":0.10197960407918416,"_runtime":56.263504398,"_step":1,"_timestamp":1.749215825692158e+09,"_wandb":{"runtime":56},"train_loss":7.566171542631922}