{"_runtime":127,"_step":11,"_timestamp":1.7571491214784033e+09,"_wandb":{"runtime":127},"evaluate_accuracy":0.3784,"evaluate_loss":1.6524390697479248,"train_loss":6.51445748623769,"EXP_109_N8_R5_E4_CLIENT_02_status":0}