{"train_loss":7.1286480891437956,"_runtime":4655.993508891,"_step":7,"_timestamp":1.7545823104579704e+09,"_wandb":{"runtime":4656},"evaluate_accuracy":0.3472,"evaluate_loss":1.7298990171166915}