{"evaluate_loss":1.832365102828688,"train_loss":5.3610173595428465,"_runtime":757.112829996,"_step":4,"_timestamp":1.7541305302931702e+09,"_wandb":{"runtime":757},"evaluate_accuracy":0.3048}