{"_step":0,"_wandb":{"runtime":13},"train_loss":4.06951140165329,"_timestamp":1.7541544940356815e+09,"_runtime":13.985626191}