{"_timestamp":1.75415233151974e+09,"_wandb":{"runtime":210},"evaluate_accuracy":0.3352,"evaluate_loss":1.8075743283435797,"train_loss":3.481579754257202,"_runtime":210.891111931,"_step":3}