{"train_loss":7.697237023882046,"_runtime":71,"_step":5,"_timestamp":1.7571488710830526e+09,"evaluate_accuracy":0.1664,"evaluate_loss":2.1546636044979097,"EXP_109_N8_R5_E4_CLIENT_01_status":0,"_wandb":{"runtime":71}}