{"evaluate_loss":1.582532740702295,"train_loss":10.833836281108857,"_runtime":114044.935706598,"_step":10,"_timestamp":1.7542106565909727e+09,"_wandb":{"runtime":114044},"evaluate_accuracy":0.408}