{"_wandb":{"runtime":17},"train_loss":3.9302709351340646,"_timestamp":1.7477458268863482e+09,"_runtime":17.092800245,"_step":0}