{"evaluate_loss":1.9652729213237763,"train_loss":5.103305386889512,"EXP_103_N8_R4_E3_CLIENT_03_status":0,"_wandb":{"runtime":57},"evaluate_accuracy":0.2496,"_runtime":57,"_step":9,"_timestamp":1.7565734765777473e+09}