{"evaluate_accuracy":0.2954409118176365,"evaluate_loss":1.8348570880435762,"_wandb":{"runtime":22},"train_loss":5.411844060575362,"EXP_093_N3_R3_E3_CLIENT_03_status":0,"_runtime":22,"_step":4,"_timestamp":1.7565684410385056e+09}