{"evaluate_loss":2.387211630616007,"evaluate_accuracy":0.0936,"train_loss":7.215055382670686,"_runtime":60.583881056,"_step":1,"_timestamp":1.7545826508157241e+09,"_wandb":{"runtime":60}}