{"EXP_109_N8_R5_E4_CLIENT_02_status":0,"_step":6,"evaluate_accuracy":0.1608,"_runtime":106,"_timestamp":1.7571489196985273e+09,"_wandb":{"runtime":106},"evaluate_loss":2.166148728132248,"train_loss":7.000087054671755}