{"evaluate_loss":1.9365052930239977,"train_loss":5.533454075194242,"_runtime":8.98196302,"_step":2,"_timestamp":1.7564906264613314e+09,"_wandb":{"runtime":8},"evaluate_accuracy":0.2376237623762376}