{"train_loss":3.789382521820068,"_runtime":214.958303525,"_step":3,"_timestamp":1.7541294059174528e+09,"_wandb":{"runtime":214},"evaluate_accuracy":0.2814,"evaluate_loss":1.8770244630279056}