{"_step":10,"_timestamp":1.7565748675515158e+09,"_wandb":{"runtime":65},"evaluate_accuracy":0.4008,"train_loss":6.736203951440799,"_runtime":65,"evaluate_loss":1.646648758649826,"EXP_106_N8_R5_E4_CLIENT_05_status":0}