{"evaluate_accuracy":0.20575884823035392,"_wandb":{"runtime":3},"_timestamp":1.7477453306633153e+09,"_runtime":2.208108653,"_step":0,"evaluate_loss":2.02674960068294}