{"_timestamp":1.7478330464065661e+09,"_wandb":{"runtime":784589},"evaluate_accuracy":0.2016,"evaluate_loss":1.9591105618054352,"train_loss":3.5305179810752505,"_runtime":784589.882299854,"_step":18}