{"train_loss":5.235871071338654,"_runtime":14.741558971,"_step":2,"_timestamp":1.7571715192568676e+09,"_wandb":{"runtime":14},"evaluate_accuracy":0.2125,"evaluate_loss":2.071625410564362}