{"_timestamp":1.7541757436730509e+09,"_wandb":{"runtime":6656},"evaluate_accuracy":0.3864,"evaluate_loss":1.6576378918901276,"train_loss":8.255847468543738,"_runtime":6656.330575965,"_step":7}