{"_wandb":{"runtime":173},"evaluate_loss":1.8728418976068497,"train_loss":7.255931226311216,"_runtime":173,"_step":5,"evaluate_accuracy":0.2824,"EXP_110_N8_R5_E4_CLIENT_04_status":0,"_timestamp":1.757149607620511e+09}