{"_step":6,"_timestamp":1.757172563306837e+09,"_wandb":{"runtime":62},"evaluate_accuracy":0.4175,"evaluate_loss":1.5951512919531927,"train_loss":7.907087852716446,"_runtime":62}