{"evaluate_accuracy":0.31683168316831684,"evaluate_loss":1.7964158633659626,"train_loss":5.412705968346512,"_runtime":19,"_step":4,"_timestamp":1.756490643391414e+09,"_wandb":{"runtime":19}}