{"evaluate_accuracy":0.4012,"evaluate_loss":1.6045473180239713,"train_loss":7.988676465738315,"_runtime":91746.287025318,"_step":11,"_timestamp":1.7541774166985526e+09,"_wandb":{"runtime":91746}}