{"_wandb":{"runtime":29},"train_loss":7.409684668341987,"_timestamp":1.7494659462305737e+09,"_runtime":29.032861369,"_step":0}