{"_wandb":{"runtime":4294967299},"evaluate_accuracy":0.39532093581283745,"evaluate_loss":1.6354734182357789,"train_loss":3.4199063054663386,"_runtime":4.29496729850663e+09,"_step":31,"_timestamp":1.7478337799063897e+09}