{"_step":8,"_wandb":{"runtime":29},"evaluate_loss":2.302846348285675,"train_loss":6.912153798303787,"_timestamp":1.7565468328421624e+09,"evaluate_accuracy":0.0984,"EXP_084_N8_R4_E3_CLIENT_02_status":0,"_runtime":29}