{"train_loss":5.754683563177534,"_runtime":7,"_step":2,"_timestamp":1.7564888164333112e+09,"_wandb":{"runtime":7},"evaluate_accuracy":0.19244604316546762,"evaluate_loss":2.2131013120923724}