{"_runtime":75.653137825,"_step":1,"_timestamp":1.7563109240466046e+09,"_wandb":{"runtime":75},"train_loss":7.490010193606329,"evaluate_loss":2.304870261086358,"evaluate_accuracy":0.09167249825052484}