{"_wandb":{"runtime":0},"_runtime":0,"_step":1,"EXP_102_N10_R4_E3_CLIENT_10_status":0,"_timestamp":1.7565728663296463e+09,"evaluate_loss":2.3053633123636246,"evaluate_accuracy":0.108}