{"_step":7,"_wandb":{"runtime":5197},"_timestamp":1.7541514631557567e+09,"client_name":"EXP_004_N2_R4_E3_CLIENT_02","train_loss":4.53295408372879,"partition_id":1,"evaluate_accuracy":0.458,"evaluate_loss":1.5182304488625495,"_runtime":5196.993629031}