{"_step":0,"loss":1.7970196631304018,"_wandb":{"runtime":9},"accuracy":0.3284,"_timestamp":1.7477389974120271e+09,"_runtime":8.92495458}