{"_runtime":4.294967316630068e+09,"_step":42,"_timestamp":1.747920894882924e+09,"_wandb":{"runtime":4294967316},"evaluate_accuracy":0.4154,"evaluate_loss":1.5755811557648287,"train_loss":4.608441254043579}