{"_runtime":25,"_step":4,"_timestamp":1.7571722365192804e+09,"_wandb":{"runtime":25},"evaluate_accuracy":0.4145,"evaluate_loss":1.6152251864236498,"train_loss":8.294882019519806}