{"_wandb":{"runtime":19},"evaluate_loss":1.9241755098104476,"EXP_083_N8_R4_E2_CLIENT_01_status":0,"_timestamp":1.7565465008030157e+09,"evaluate_accuracy":0.2664,"train_loss":3.6020218164298186,"_runtime":19,"_step":6}