{"_timestamp":1.7492164505844612e+09,"_wandb":{"runtime":5216},"evaluate_accuracy":0.41361727654469105,"evaluate_loss":1.6007569256282987,"train_loss":6.436288534594382,"_runtime":5216.284238364,"_step":7}