{"_wandb":{"runtime":2296},"evaluate_accuracy":0.334,"evaluate_loss":1.7789110835594466,"train_loss":11.822591892827433,"_runtime":2296.261750851,"_step":5,"_timestamp":1.754219932854653e+09}