{"_runtime":12.746147462,"train_loss":5.519599137306213,"_timestamp":1.757171714390883e+09,"_step":0,"_wandb":{"runtime":12}}