{"_runtime":300.915786104,"_step":3,"_timestamp":1.7542063010960329e+09,"_wandb":{"runtime":300},"evaluate_accuracy":0.264,"evaluate_loss":1.9179892418490854,"train_loss":5.377356560134888}