{"_runtime":8,"_step":0,"EXP_102_N10_R4_E3_CLIENT_04_status":0,"_timestamp":1.7565728392252142e+09,"train_loss":5.8961640100479125,"_wandb":{"runtime":8}}