{"evaluate_loss":1.8623684078454972,"train_loss":7.531970183560802,"_runtime":137,"_step":5,"_timestamp":1.7571523497580023e+09,"_wandb":{"runtime":137},"evaluate_accuracy":0.3088}