{"_runtime":0,"_step":3,"_timestamp":1.7565724784154646e+09,"_wandb":{"runtime":0},"evaluate_accuracy":0.2446043165467626,"evaluate_loss":2.110047405106681,"EXP_101_N9_R4_E3_CLIENT_07_status":0}