{"_step":5,"_wandb":{"runtime":30},"evaluate_loss":1.6453575952143609,"_timestamp":1.756571182948377e+09,"evaluate_accuracy":0.3744,"train_loss":4.970703789982171,"EXP_098_N4_R4_E3_CLIENT_02_status":0,"_runtime":30}