{"evaluate_loss":1.5867967032179047,"train_loss":9.885196064036494,"_runtime":7868.568456482,"_step":7,"_timestamp":1.7545841435068784e+09,"_wandb":{"runtime":7868},"evaluate_accuracy":0.4104}