{"EXP_099_N5_R4_E3_CLIENT_01_status":0,"_runtime":30,"evaluate_accuracy":0.405,"train_loss":5.017358785152435,"_step":9,"_timestamp":1.7565716505437286e+09,"_wandb":{"runtime":30},"evaluate_loss":1.6090102101129198}