{"_wandb":{"runtime":37},"_step":0,"train_loss":9.49789540379192,"_timestamp":1.7541763458435452e+09,"_runtime":37.250382176}