{"_step":3,"_timestamp":1.7563104892114184e+09,"_wandb":{"runtime":404},"evaluate_accuracy":0.1295740851829634,"evaluate_loss":2.2253961698064266,"train_loss":7.564980203455144,"_runtime":404.460682758}