{"_runtime":8.461043032,"train_loss":5.747725425864295,"_step":1,"_timestamp":1.7564887997190928e+09,"_wandb":{"runtime":8},"evaluate_accuracy":0.10431654676258992,"evaluate_loss":2.3230773857661657}