{"evaluate_loss":1.5891930854545449,"train_loss":9.225957856223914,"_runtime":66518.697061768,"_step":10,"_timestamp":1.7545872158690515e+09,"_wandb":{"runtime":66518},"evaluate_accuracy":0.4241151769646071}