{"evaluate_accuracy":0.3484,"evaluate_loss":1.7857718181006517,"train_loss":6.592311113406294,"_runtime":2392.093521327,"_step":6,"_timestamp":1.7545828195437891e+09,"_wandb":{"runtime":2392}}