{"_step":3,"_timestamp":1.7494613012836144e+09,"_wandb":{"runtime":292},"evaluate_accuracy":0.3426,"evaluate_loss":1.845209958447013,"train_loss":5.150131234931946,"_runtime":292.690808923}