{"_wandb":{"runtime":54},"train_loss":7.459557717938504,"evaluate_loss":2.66023755527678,"evaluate_accuracy":0.10167966406718656,"_runtime":54.231694034,"_step":1,"_timestamp":1.74946683879573e+09}