{"evaluate_loss":1.7589097919918242,"train_loss":5.455722692201463,"_runtime":1014.379591727,"_step":5,"_timestamp":1.7542109470552685e+09,"_wandb":{"runtime":1014},"evaluate_accuracy":0.34673065386922614}