{"_timestamp":1.747833067316274e+09,"_wandb":{"runtime":1277974},"evaluate_accuracy":0.34,"evaluate_loss":1.75894604151762,"train_loss":3.613874277367759,"_runtime":1.277974518373039e+06,"_step":13}