{"evaluate_loss":1.6277397066164927,"train_loss":5.0813768783569335,"_runtime":308.786320446,"_step":3,"_timestamp":1.754206782219347e+09,"_wandb":{"runtime":308},"evaluate_accuracy":0.3894}