{"_runtime":9.800974155,"_step":1,"_timestamp":1.7564901242154112e+09,"_wandb":{"runtime":9},"train_loss":5.83170034122467,"evaluate_accuracy":0.105,"evaluate_loss":2.3373466059565544}