{"evaluate_accuracy":0.4335,"evaluate_loss":1.55484472191523,"train_loss":7.907087852716446,"_runtime":63,"_step":7,"_timestamp":1.7571726146775365e+09,"_wandb":{"runtime":63}}