{"evaluate_loss":1.7111737847328186,"train_loss":6.9242830648543725,"_runtime":216,"_step":9,"_timestamp":1.7571524692560318e+09,"_wandb":{"runtime":216},"evaluate_accuracy":0.3688}