{"train_loss":4.912321208381653,"_runtime":750.032795446,"_step":4,"_timestamp":1.7541300788471227e+09,"_wandb":{"runtime":750},"evaluate_accuracy":0.3964,"evaluate_loss":1.6428657663855584}