{"_step":1,"_wandb":{"runtime":0},"_runtime":0,"EXP_082_N6_R4_E5_CLIENT_05_status":0,"_timestamp":1.7565460702703493e+09,"evaluate_loss":2.267554035726583,"evaluate_accuracy":0.10317936412717456}