{"train_loss":7.801317263889313,"_runtime":9611.700068987,"_step":7,"_timestamp":1.7542085719436052e+09,"_wandb":{"runtime":9611},"evaluate_accuracy":0.4496,"evaluate_loss":1.5296900044580934}