{"evaluate_loss":1.7083905398845673,"train_loss":9.27982605642574,"_wandb":{"runtime":38},"EXP_107_N8_R4_E5_CLIENT_02_status":0,"_runtime":38,"_step":7,"_timestamp":1.7565753068314834e+09,"evaluate_accuracy":0.368}