{"train_loss":9.218146738253141,"_wandb":{"runtime":49},"_timestamp":1.7545852520250866e+09,"_runtime":49.335409241,"_step":0}