{"_wandb":{"runtime":253},"evaluate_accuracy":0.3504,"evaluate_loss":1.6655973225831986,"train_loss":6.826950181821349,"_runtime":253,"_step":5,"_timestamp":1.7571514293131354e+09}