{"_wandb":{"runtime":874},"evaluate_accuracy":0.4182,"evaluate_loss":1.5753477720697975,"train_loss":3.336549821472168,"_runtime":874.745115206,"_step":5,"_timestamp":1.7492054986543252e+09}