{"evaluate_accuracy":0.324,"train_loss":7.185660251386606,"EXP_105_N8_R4_E4_CLIENT_06_status":0,"_runtime":43,"_step":7,"evaluate_loss":1.8087776839733123,"_timestamp":1.756574303148061e+09,"_wandb":{"runtime":43}}