{"evaluate_loss":1.661390271782875,"train_loss":6.827382578211985,"_runtime":126,"_step":4,"_timestamp":1.75715143016938e+09,"_wandb":{"runtime":126},"evaluate_accuracy":0.3584}