{"_wandb":{"runtime":80},"evaluate_accuracy":0.14307138572285544,"evaluate_loss":2.2544461273011707,"train_loss":3.78748455636507,"_runtime":80.607053891,"_step":2,"_timestamp":1.7563087859259243e+09}