{"_wandb":{"runtime":47},"_step":0,"train_loss":16.12933699696209,"_timestamp":1.7541779571208458e+09,"_runtime":47.128769214}