{"_timestamp":1.747830636306091e+09,"_wandb":{"runtime":1137},"evaluate_accuracy":0.3942,"evaluate_loss":1.6257493199816175,"train_loss":3.324602716255188,"_runtime":1137.11498606,"_step":5}