{"evaluate_accuracy":0.321978021978022,"evaluate_loss":1.804295774163871,"train_loss":5.727049147873594,"_runtime":19,"_step":4,"_timestamp":1.7564906430313783e+09,"_wandb":{"runtime":19}}