{"_runtime":13208.634547143,"_step":7,"_timestamp":1.7545863809251728e+09,"_wandb":{"runtime":13208},"evaluate_accuracy":0.2855428914217157,"evaluate_loss":1.832392933233729,"train_loss":10.871888525748368}