{"train_loss":3.69087181892395,"_timestamp":1.7494606576645803e+09,"_runtime":20.141028366,"_wandb":{"runtime":20},"_step":0}