{"_runtime":587373.923039165,"_step":13,"_timestamp":1.7542214771521115e+09,"_wandb":{"runtime":587373},"evaluate_accuracy":0.4584,"evaluate_loss":1.4902547330041476,"train_loss":10.278268909492432}