{"_step":0,"_wandb":{"runtime":265},"_runtime":265.389456834,"train_loss":6.007590528896877,"_timestamp":1.7564640040498133e+09}