{"_step":4,"_timestamp":1.7563091292419364e+09,"_wandb":{"runtime":708},"evaluate_accuracy":0.26094781043791243,"evaluate_loss":1.9282927547182356,"train_loss":6.712058906646655,"_runtime":708.162168169}