{"train_loss":9.257709062518403,"_runtime":173.135961686,"_step":2,"_timestamp":1.7541771180260055e+09,"_wandb":{"runtime":173},"evaluate_accuracy":0.1052,"evaluate_loss":2.4953901767730713}