{"_step":3,"_timestamp":1.7565460996663876e+09,"_wandb":{"runtime":33},"evaluate_loss":2.269744058824935,"train_loss":8.886759171075228,"evaluate_accuracy":0.13017396520695862,"EXP_082_N6_R4_E5_CLIENT_03_status":0,"_runtime":33}