{"evaluate_loss":2.1660250633955003,"train_loss":7.638263657594183,"_runtime":147,"_step":3,"_timestamp":1.7571512892454436e+09,"_wandb":{"runtime":147},"evaluate_accuracy":0.1928}