{"_step":1,"evaluate_loss":2.4451451278868177,"evaluate_accuracy":0.10317936412717456,"_timestamp":1.7492158236918795e+09,"_wandb":{"runtime":64},"train_loss":7.607992046456829,"_runtime":64.447984054}