{"_wandb":{"runtime":13},"train_loss":3.6920649029991846,"_step":5,"_timestamp":1.756545077639458e+09,"evaluate_accuracy":0.21775644871025795,"evaluate_loss":1.9702943428507391,"EXP_079_N6_R4_E2_CLIENT_02_status":0,"_runtime":13}