{"_runtime":18,"_step":5,"evaluate_accuracy":0.24122412241224123,"evaluate_loss":2.0875670875821797,"train_loss":5.563390299570647,"EXP_101_N9_R4_E3_CLIENT_09_status":0,"_timestamp":1.7565725048592699e+09,"_wandb":{"runtime":18}}