{"_timestamp":1.7492059097755916e+09,"_wandb":{"runtime":103},"evaluate_accuracy":0.1028,"evaluate_loss":2.3034330583681726,"train_loss":4.607811540985107,"_runtime":103.17238328,"_step":2}