{"_runtime":15.792842742,"_wandb":{"runtime":15},"_step":0,"train_loss":3.6794380281183074,"_timestamp":1.7477453640498092e+09}