{"train_loss":5.021527863520799,"_runtime":2077.912894176,"_step":6,"_timestamp":1.7492155306790273e+09,"_wandb":{"runtime":2077},"evaluate_accuracy":0.34013197360527897,"evaluate_loss":1.6925348100208102}