{"evaluate_accuracy":0.4292,"evaluate_loss":1.5394547166703623,"train_loss":9.572281488595298,"_runtime":28454.012563532,"_step":9,"_timestamp":1.7545842185058992e+09,"_wandb":{"runtime":28454}}