{"_step":1,"_timestamp":1.7545852702579856e+09,"_wandb":{"runtime":103},"train_loss":7.798114623749656,"evaluate_loss":2.330409418861821,"evaluate_accuracy":0.09598080383923216,"_runtime":103.846106081}