{"_step":10,"_wandb":{"runtime":19},"evaluate_accuracy":0.3344,"_runtime":19,"_timestamp":1.7565509690301938e+09,"evaluate_loss":1.7455907315015793,"train_loss":3.5422424290590224,"EXP_090_N8_R4_E2_CLIENT_05_status":0}