{"train_loss":5.634201577186585,"EXP_102_N10_R4_E3_CLIENT_03_status":0,"_timestamp":1.7565729286941676e+09,"evaluate_accuracy":0.2,"_runtime":28,"_step":6,"_wandb":{"runtime":28},"evaluate_loss":1.9937885478138924}