{"evaluate_loss":2.0196226984262466,"train_loss":5.802380800247192,"_runtime":9,"_step":2,"_timestamp":1.756490140781839e+09,"_wandb":{"runtime":9},"evaluate_accuracy":0.194}