{"evaluate_accuracy":0.1336,"evaluate_loss":2.306760478019714,"_runtime":25,"_step":5,"_wandb":{"runtime":25},"train_loss":5.738038656058585,"EXP_103_N8_R4_E3_CLIENT_03_status":0,"_timestamp":1.7565734010531774e+09}