{"_runtime":18338.281975815,"_step":8,"_timestamp":1.7542212892593007e+09,"_wandb":{"runtime":18338},"evaluate_accuracy":0.4,"evaluate_loss":1.6085954572581038,"train_loss":10.824895933413277}