{"_runtime":448.356405149,"_step":4,"_timestamp":1.749203551734995e+09,"_wandb":{"runtime":448},"evaluate_accuracy":0.2586,"evaluate_loss":1.9794060394262811,"train_loss":3.487354075050354}