{"evaluate_accuracy":0.3827234553089382,"evaluate_loss":1.650438225836981,"train_loss":3.8673066162109375,"_runtime":4.2949673163143835e+09,"_step":32,"_timestamp":1.7479202294375145e+09,"_wandb":{"runtime":4294967316}}