{"evaluate_accuracy":0.10671067106710672,"evaluate_loss":2.3787758679225526,"_runtime":11.609168675,"_step":1,"_timestamp":1.7564905857444968e+09,"_wandb":{"runtime":11},"train_loss":5.8432387354081134}