{"_runtime":80.81402899,"_step":1,"_timestamp":1.7494620469530609e+09,"_wandb":{"runtime":80},"train_loss":7.390586030197143,"evaluate_accuracy":0.0992,"evaluate_loss":2.4384250625683244}