{"_timestamp":1.7565461178057532e+09,"_wandb":{"runtime":18},"evaluate_accuracy":0.2891421715656869,"evaluate_loss":1.8314357703586794,"train_loss":8.603390077084445,"EXP_082_N6_R4_E5_CLIENT_04_status":0,"_runtime":18,"_step":4}