{"_step":5,"_timestamp":1.7541772092961738e+09,"_wandb":{"runtime":1412},"evaluate_accuracy":0.3236,"evaluate_loss":1.7715666822240324,"train_loss":8.70610179268895,"_runtime":1412.105175037}