{"_timestamp":1.7542070399247525e+09,"_wandb":{"runtime":42010},"evaluate_accuracy":0.4258,"evaluate_loss":1.5481898336653497,"train_loss":4.608017253684998,"_runtime":42010.921578435,"_step":10}