{"evaluate_accuracy":0.1234,"_timestamp":1.7541485855373995e+09,"_step":2,"_runtime":112.011160473,"_wandb":{"runtime":112},"evaluate_loss":2.227376108716248,"train_loss":3.6240690240859985,"client_name":"EXP_001_Nunknown_R2_E2_CLIENT_01","partition_id":0}