{"_timestamp":1.7542190865096946e+09,"_wandb":{"runtime":815},"evaluate_accuracy":0.234,"evaluate_loss":2.054791136632992,"train_loss":8.693627897162026,"_runtime":815.39190116,"_step":4}