{"_wandb":{"runtime":236},"evaluate_accuracy":0.1884,"evaluate_loss":2.107408470745328,"train_loss":5.841698342618851,"_runtime":236.335329182,"_step":3,"_timestamp":1.7542166389453678e+09}