{"evaluate_loss":1.7021181935355776,"train_loss":11.499627399787629,"_runtime":5010.952410716,"_step":6,"_timestamp":1.7542156032287557e+09,"_wandb":{"runtime":5010},"evaluate_accuracy":0.33053389322135573}