{"_runtime":658037.1307917,"_step":12,"_timestamp":1.7478330477704344e+09,"_wandb":{"runtime":658037},"evaluate_accuracy":0.2064,"evaluate_loss":1.9437536725515052,"train_loss":3.6273220004365085}