{"_timestamp":1.7545871374296598e+09,"_wandb":{"runtime":27880},"evaluate_accuracy":0.4175164967006599,"evaluate_loss":1.5888782008638922,"train_loss":9.475577075515638,"_runtime":27880.13145966,"_step":8}