{"_step":4,"_timestamp":1.7571542998039753e+09,"_wandb":{"runtime":336},"evaluate_accuracy":0.2248,"evaluate_loss":1.929689061641693,"train_loss":8.71201116567964,"_runtime":336.818960378}