{"_step":0,"EXP_103_N8_R4_E3_CLIENT_05_status":0,"_timestamp":1.7565733304854655e+09,"_wandb":{"runtime":17},"_runtime":17,"train_loss":6.110591889946324}