{"_runtime":68.507754265,"evaluate_accuracy":0.1124,"evaluate_loss":2.38477116295054,"_step":1,"_timestamp":1.7542183295894287e+09,"_wandb":{"runtime":68},"train_loss":8.956131693654166}