{"evaluate_loss":1.5684174557400357,"train_loss":10.98606250629425,"_runtime":14199.114930334,"_step":7,"_timestamp":1.754210433604449e+09,"_wandb":{"runtime":14199},"evaluate_accuracy":0.426}