{"evaluate_accuracy":0.1508,"evaluate_loss":2.2787878392617915,"train_loss":7.387368029298874,"_runtime":644.950965873,"_step":4,"_timestamp":1.754582229577136e+09,"_wandb":{"runtime":644}}