{"_step":4,"_timestamp":1.7542172411141942e+09,"_wandb":{"runtime":467},"evaluate_accuracy":0.2452,"evaluate_loss":2.026071124438998,"train_loss":5.142751629360187,"_runtime":467.026515771}