{"evaluate_accuracy":0.10107978404319136,"_runtime":38.349762691,"_step":1,"_timestamp":1.749463069223154e+09,"_wandb":{"runtime":38},"train_loss":4.0027924487344935,"evaluate_loss":2.356611833118257}