{"evaluate_loss":2.361089561558977,"train_loss":12.403803286841883,"_runtime":269.077376791,"_step":2,"_timestamp":1.7542203409258263e+09,"_wandb":{"runtime":269},"evaluate_accuracy":0.098}