{"_runtime":1059.082753149,"_step":4,"_timestamp":1.7541745769038732e+09,"_wandb":{"runtime":1059},"evaluate_accuracy":0.19976004799040192,"evaluate_loss":2.037105971912168,"train_loss":9.10834443055842}