{"_wandb":{"runtime":15},"train_loss":3.7696480007766247,"_timestamp":1.7477458248824687e+09,"_runtime":15.87901517,"_step":0}