{"train_loss":7.594695614401702,"_step":0,"_wandb":{"runtime":79},"_runtime":79,"EXP_110_N8_R5_E4_CLIENT_05_status":0,"_timestamp":1.7571494674332483e+09}