{"_runtime":882.794768636,"_timestamp":1.7541502108656645e+09,"evaluate_loss":1.6331290606480495,"train_loss":3.377792085647583,"_wandb":{"runtime":882},"_step":5,"partition_id":1,"evaluate_accuracy":0.3942,"client_name":"EXP_001_N2_R3_E2_CLIENT_02"}