{"evaluate_accuracy":0.33293341331733656,"evaluate_loss":1.7004461958294823,"train_loss":5.066723877291599,"_runtime":1848.948412882,"_step":6,"_timestamp":1.7492155263213558e+09,"_wandb":{"runtime":1848}}