{"_step":3,"_timestamp":1.7542154435647469e+09,"_wandb":{"runtime":590},"evaluate_accuracy":0.241751649670066,"evaluate_loss":1.9126320759455362,"train_loss":12.352538555931988,"_runtime":590.12418096}