{"_step":43,"_timestamp":1.7479209181922593e+09,"_wandb":{"runtime":4294967298},"evaluate_accuracy":0.1588,"evaluate_loss":2.2690302353755682,"train_loss":4.608441254043579,"_runtime":4.29496729891108e+09}