{"_runtime":402.079606301,"_step":2,"_timestamp":1.7545867973723047e+09,"_wandb":{"runtime":402},"evaluate_accuracy":0.10197960407918416,"evaluate_loss":2.417546042856181,"train_loss":10.5615164018704}