{"_wandb":{"runtime":1039},"evaluate_accuracy":0.172,"evaluate_loss":2.065659228403857,"train_loss":8.152911077880859,"_runtime":1039.264588333,"_step":4,"_timestamp":1.7542084528607495e+09}