{"EXP_100_N8_R4_E3_CLIENT_02_status":0,"_runtime":17,"_step":7,"_wandb":{"runtime":17},"train_loss":5.822786324343104,"_timestamp":1.7565720823161101e+09,"evaluate_accuracy":0.3808,"evaluate_loss":1.7267374336719512}