{"train_loss":9.195008798010031,"_runtime":313.381509601,"_step":2,"_timestamp":1.7571542448199162e+09,"_wandb":{"runtime":313},"evaluate_accuracy":0.0928,"evaluate_loss":2.3922540724277495}