{"_runtime":991.286322291,"_step":4,"_timestamp":1.7542125655054145e+09,"_wandb":{"runtime":991},"evaluate_accuracy":0.28104379124175166,"evaluate_loss":1.8613451117560975,"train_loss":8.247590891463007}