{"_runtime":886.92865081,"_step":5,"_timestamp":1.749203569947241e+09,"_wandb":{"runtime":886},"evaluate_accuracy":0.3694,"evaluate_loss":1.6802960558302085,"train_loss":3.431160711479187}