{"_timestamp":1.7541787768545132e+09,"_wandb":{"runtime":104},"evaluate_loss":2.5711940723129465,"evaluate_accuracy":0.0936,"train_loss":12.40174261449625,"_runtime":104.528464205,"_step":1}