{"evaluate_accuracy":0.22,"evaluate_loss":1.893749848008156,"train_loss":8.64611053163079,"_runtime":187.046132633,"_step":3,"_timestamp":1.7571543184102664e+09,"_wandb":{"runtime":187}}