{"train_loss":12.186430949372603,"_runtime":518.364125886,"_step":3,"_timestamp":1.754178858725059e+09,"_wandb":{"runtime":518},"evaluate_accuracy":0.2128,"evaluate_loss":2.075363320640371}