{"evaluate_loss":1.7442912316020531,"train_loss":12.074935924892609,"_runtime":1866.249280459,"_step":5,"_timestamp":1.7542204417060509e+09,"_wandb":{"runtime":1866},"evaluate_accuracy":0.2968}