{"_runtime":2047.812504867,"_step":5,"_timestamp":1.754586930561061e+09,"_wandb":{"runtime":2047},"evaluate_accuracy":0.35632873425314937,"evaluate_loss":1.6990945451664474,"train_loss":10.17331681525308}