{"evaluate_accuracy":0.2352,"evaluate_loss":1.919737207889557,"EXP_100_N8_R4_E3_CLIENT_05_status":0,"_runtime":0,"_step":3,"_timestamp":1.7565720416489053e+09,"_wandb":{"runtime":0}}