{"_step":39,"_timestamp":1.7479204118681767e+09,"_wandb":{"runtime":4294967298},"evaluate_accuracy":0.3824,"evaluate_loss":1.6392347296332097,"train_loss":3.396340403556824,"_runtime":4.294967298888613e+09}