{"evaluate_loss":2.1660250633955003,"train_loss":6.769493436357777,"_runtime":249.426651253,"_step":4,"_timestamp":1.757151405709212e+09,"_wandb":{"runtime":249},"evaluate_accuracy":0.1928}