{"_wandb":{"runtime":186},"evaluate_accuracy":0.3568,"evaluate_loss":1.6953107714653015,"train_loss":8.545663243646075,"_runtime":186,"_step":5,"_timestamp":1.7571557278556292e+09}