{"_step":5,"_timestamp":1.7542162619996562e+09,"_wandb":{"runtime":892},"evaluate_accuracy":0.3228,"evaluate_loss":1.8933645320844046,"train_loss":5.3020470218536575,"_runtime":892.295824403}