{"_step":9,"_timestamp":1.7541766506060214e+09,"_wandb":{"runtime":26068},"evaluate_accuracy":0.4224,"evaluate_loss":1.56051897549931,"train_loss":7.825696885204924,"_runtime":26068.366938057}