{"_step":3,"_timestamp":1.7545827141457248e+09,"_wandb":{"runtime":300},"evaluate_accuracy":0.1164,"evaluate_loss":2.319690595699262,"train_loss":7.856021422547654,"_runtime":300.380563737}