{"evaluate_accuracy":0.1096,"evaluate_loss":2.330781109725373,"train_loss":5.5075264201758385,"_runtime":38.358964739,"_step":2,"_timestamp":1.756482436627323e+09,"_wandb":{"runtime":38}}