{"_timestamp":1.7494637450820224e+09,"_wandb":{"runtime":158},"evaluate_accuracy":0.23695260947810437,"evaluate_loss":2.0128140585763115,"train_loss":3.692638162228701,"_runtime":158.408361616,"_step":3}