{"_runtime":13,"_step":2,"_timestamp":1.756547055772675e+09,"_wandb":{"runtime":13},"evaluate_loss":2.3013735711574554,"evaluate_accuracy":0.096,"train_loss":7.657280528621309,"EXP_085_N8_R4_E4_CLIENT_04_status":0}