{"_timestamp":1.7564887582778447e+09,"_wandb":{"runtime":9},"_runtime":9.018697001,"_step":0,"train_loss":6.414381345398992}