{"evaluate_loss":1.92122268901681,"EXP_081_N6_R4_E4_CLIENT_06_status":0,"_runtime":0,"_step":3,"_timestamp":1.7565457379368544e+09,"_wandb":{"runtime":0},"evaluate_accuracy":0.2555488902219556}