{"_timestamp":1.754131398010186e+09,"_wandb":{"runtime":215},"evaluate_accuracy":0.211,"evaluate_loss":1.9882714391513994,"train_loss":3.628596359062195,"_runtime":215.134314923,"_step":3}