{"evaluate_loss":1.7174405535315251,"train_loss":3.4731539878845217,"_runtime":210.871902912,"_step":3,"_timestamp":1.7541563581843152e+09,"_wandb":{"runtime":210},"evaluate_accuracy":0.3624}