{"evaluate_loss":1.6426541180837722,"train_loss":3.4365564295999724,"_runtime":670.14340187,"_step":5,"_timestamp":1.7492145918666027e+09,"_wandb":{"runtime":670},"evaluate_accuracy":0.39802039592081584}