{"evaluate_loss":2.257260087558201,"train_loss":3.754947721243477,"_runtime":4.294967298421747e+09,"_step":51,"_timestamp":1.7479231257863808e+09,"_wandb":{"runtime":4294967298},"evaluate_accuracy":0.1874625074985003}