{"_step":9,"_timestamp":1.754587153670485e+09,"_wandb":{"runtime":55762},"evaluate_accuracy":0.4337132573485303,"evaluate_loss":1.550383230425277,"train_loss":9.475577075515638,"_runtime":55762.104131531}