{"evaluate_loss":1.9398073214518872,"train_loss":3.6578061199797607,"_runtime":9.972018147972234e+06,"_step":18,"_timestamp":1.747833046828894e+09,"_wandb":{"runtime":9972018},"evaluate_accuracy":0.2144}