{"_wandb":{"runtime":5},"_step":0,"loss":1.7863944966322298,"accuracy":0.3286,"_timestamp":1.7477389936923456e+09,"_runtime":5.640157005}