{"_runtime":1446.160928998,"_step":4,"_timestamp":1.7542102914364228e+09,"_wandb":{"runtime":1446},"evaluate_accuracy":0.3846,"evaluate_loss":1.6419750611493542,"train_loss":11.079923539352418}