{"_runtime":23.930444112,"_step":2,"_timestamp":1.756491076973723e+09,"_wandb":{"runtime":23},"evaluate_accuracy":0.10431654676258992,"evaluate_loss":2.375656101438734,"train_loss":5.683752683230809}