{"_runtime":46.278881289,"_step":0,"_wandb":{"runtime":46},"train_loss":13.823543691025755,"_timestamp":1.75458389461132e+09}