{"_step":7,"evaluate_loss":1.8261373564600945,"train_loss":5.5481648387908935,"_runtime":20,"_timestamp":1.7565729502492058e+09,"_wandb":{"runtime":20},"evaluate_accuracy":0.307,"EXP_102_N10_R4_E3_CLIENT_01_status":0}