{"_wandb":{"runtime":57},"evaluate_accuracy":0.386,"evaluate_loss":1.6611664881781927,"train_loss":5.058425127506256,"_runtime":57,"_step":7,"_timestamp":1.7571715793455594e+09}