{"evaluate_loss":1.6881741977873304,"train_loss":3.492435200037144,"_runtime":696.268812686,"_step":5,"_timestamp":1.749214160218024e+09,"_wandb":{"runtime":696},"evaluate_accuracy":0.3800239952009598}