{"_timestamp":1.7545840491665964e+09,"_wandb":{"runtime":971},"evaluate_accuracy":0.1424,"evaluate_loss":2.2797890705398367,"train_loss":10.70536221216281,"_runtime":971.070446728,"_step":4}