{"_timestamp":1.7542085503194726e+09,"_wandb":{"runtime":4804},"evaluate_accuracy":0.3954,"evaluate_loss":1.605471522944748,"train_loss":7.801317263889313,"_runtime":4804.267588099,"_step":6}