{"evaluate_loss":1.6082744651539311,"train_loss":3.336270862197876,"_runtime":872.804248731,"_step":5,"_timestamp":1.7494607828028033e+09,"_wandb":{"runtime":872},"evaluate_accuracy":0.4048}