{"_wandb":{"runtime":149},"evaluate_accuracy":0.0956,"evaluate_loss":2.3811518844169908,"train_loss":7.856021422547654,"_runtime":149.067127046,"_step":2,"_timestamp":1.7545826966725717e+09}