{"_step":0,"_wandb":{"runtime":81},"train_loss":11.315896294904098,"_timestamp":1.754586681668576e+09,"_runtime":81.247301962}