{"evaluate_accuracy":0.101,"evaluate_loss":2.34883091184828,"train_loss":5.701277230739594,"_runtime":30.79450559,"_step":2,"_timestamp":1.7571714757274902e+09,"_wandb":{"runtime":30}}