{"_step":2,"_timestamp":1.7542091088973773e+09,"_wandb":{"runtime":342},"evaluate_accuracy":0.1296,"evaluate_loss":2.379633074353455,"train_loss":11.343117437553406,"_runtime":342.155949822}