{"evaluate_loss":1.6972532906109774,"train_loss":8.130920447099705,"_runtime":12712.0455307,"_step":8,"_timestamp":1.754177327766904e+09,"_wandb":{"runtime":12712},"evaluate_accuracy":0.35}