{"evaluate_accuracy":0.08008398320335933,"evaluate_loss":2.553647250220889,"train_loss":5.505576901012759,"_runtime":495.094191446,"_step":4,"_timestamp":1.7492150368618624e+09,"_wandb":{"runtime":495}}