{"_step":0,"_wandb":{"runtime":36},"train_loss":7.344301816004856,"_timestamp":1.7545888655240834e+09,"_runtime":36.371491567}