{"_wandb":{"runtime":2234},"evaluate_accuracy":0.2224,"evaluate_loss":1.9713355151912835,"train_loss":13.410654702887369,"_runtime":2234.175064203,"_step":5,"_timestamp":1.7541781539740112e+09}