{"_timestamp":1.7545822479556854e+09,"_wandb":{"runtime":1250},"evaluate_accuracy":0.248,"evaluate_loss":1.917630702634401,"train_loss":7.435191551336465,"_runtime":1250.158802795,"_step":5}