{"_wandb":{"runtime":170},"evaluate_loss":2.363520073890686,"evaluate_accuracy":0.1152,"train_loss":9.697173570371737,"_runtime":170,"_step":1,"_timestamp":1.7571540800188913e+09}