{"_wandb":{"runtime":534},"evaluate_accuracy":0.2196,"evaluate_loss":2.0923941920075237,"train_loss":12.141483872081524,"_runtime":534.408656495,"_step":3,"_timestamp":1.7541788584288325e+09}