{"evaluate_accuracy":0.1058,"_wandb":{"runtime":42},"train_loss":4.6080857837677005,"_runtime":42.733050843,"_step":1,"_timestamp":1.7492058771373732e+09,"evaluate_loss":2.3025534897093562}