{"_timestamp":1.7545866984783514e+09,"_wandb":{"runtime":164},"train_loss":11.315896294904098,"_runtime":164.149806519,"evaluate_loss":2.441188137486296,"evaluate_accuracy":0.10077984403119376,"_step":1}