{"train_loss":6.916281797409058,"_step":4,"_wandb":{"runtime":8},"evaluate_accuracy":0.217,"evaluate_loss":2.054534714668989,"EXP_102_N10_R4_E3_CLIENT_02_status":0,"_runtime":8,"_timestamp":1.7565729075206583e+09}