{"_timestamp":1.7541774856126444e+09,"_wandb":{"runtime":367052},"evaluate_accuracy":0.4032,"evaluate_loss":1.5950911603396452,"train_loss":7.795992089346195,"_runtime":367052.237318573,"_step":13}