{"_step":6,"_timestamp":1.7571722214209063e+09,"_wandb":{"runtime":86},"evaluate_accuracy":0.373,"evaluate_loss":1.7029020559220087,"train_loss":8.057271155834197,"_runtime":86.590146421}