{"train_loss":4.868710564613342,"_runtime":36,"_step":6,"_timestamp":1.7571718703071635e+09,"_wandb":{"runtime":36},"evaluate_accuracy":0.403,"evaluate_loss":1.6258673232699197}