{"evaluate_accuracy":0.096,"_timestamp":1.756574195132168e+09,"_wandb":{"runtime":14},"train_loss":8.044245654610313,"EXP_105_N8_R4_E4_CLIENT_04_status":0,"_runtime":14,"_step":2,"evaluate_loss":2.315582573413849}