{"_step":7,"_timestamp":1.7542097994600184e+09,"_wandb":{"runtime":13931},"evaluate_accuracy":0.4334,"evaluate_loss":1.5530580069608748,"train_loss":11.032928491592408,"_runtime":13931.667044876}