{"_timestamp":1.7541772560880945e+09,"_wandb":{"runtime":2957},"evaluate_accuracy":0.3364,"evaluate_loss":1.735175055793569,"train_loss":8.431238564439475,"_runtime":2957.298261108,"_step":6}