{"evaluate_accuracy":0.10077984403119376,"evaluate_loss":2.3335419780803175,"train_loss":9.604027138942737,"_runtime":309.3479033,"_step":2,"_timestamp":1.7541744716130166e+09,"_wandb":{"runtime":309}}