{"_step":11,"evaluate_accuracy":0.38,"EXP_108_N8_R5_E5_CLIENT_04_status":0,"_runtime":101,"_timestamp":1.7565759525583184e+09,"_wandb":{"runtime":101},"evaluate_loss":1.6591187566518784,"train_loss":8.055619359016418}