{"_runtime":68,"_step":4,"_timestamp":1.7571555470167303e+09,"_wandb":{"runtime":68},"evaluate_accuracy":0.2632,"evaluate_loss":1.9185407996177672,"train_loss":9.95535816736282}