{"train_loss":6.846877040377088,"EXP_110_N8_R5_E4_CLIENT_06_status":0,"_runtime":196,"_step":8,"evaluate_accuracy":0.3448,"evaluate_loss":1.7257955133914948,"_timestamp":1.757149671801607e+09,"_wandb":{"runtime":196}}