{"_timestamp":1.754210865462872e+09,"_wandb":{"runtime":118},"evaluate_accuracy":0.10527894421115776,"evaluate_loss":2.299942740939912,"train_loss":5.443600760375281,"_runtime":118.039666947,"_step":2}