{"_wandb":{"runtime":43},"train_loss":3.7501508405685424,"_runtime":43.150517126,"_step":1,"_timestamp":1.749205223735912e+09,"evaluate_loss":2.8390358739597783,"evaluate_accuracy":0.0952}