{"partition_id":0,"_timestamp":1.7541481718264625e+09,"_runtime":23.026464328,"_step":0,"_wandb":{"runtime":23},"train_loss":3.931211730957031,"client_name":"EXP_001_Nunknown_R3_E2_CLIENT_02"}