{"evaluate_loss":1.685296335310306,"train_loss":6.500451610989548,"_runtime":8709.89179555,"_step":7,"_timestamp":1.7545855263667405e+09,"_wandb":{"runtime":8709},"evaluate_accuracy":0.3797240551889622}