{"_step":4,"_timestamp":1.756572067605914e+09,"_wandb":{"runtime":10},"evaluate_accuracy":0.2488,"evaluate_loss":1.9299162864685055,"EXP_100_N8_R4_E3_CLIENT_06_status":0,"_runtime":10,"train_loss":5.245450180047636}