{"_runtime":132.042691818,"_step":3,"_timestamp":1.7541541641005268e+09,"_wandb":{"runtime":132},"evaluate_accuracy":0.2444,"evaluate_loss":1.9585609119149703,"train_loss":3.801595454017956}