{"evaluate_accuracy":0.1764,"evaluate_loss":2.1817754884309406,"train_loss":12.038822273476818,"_runtime":1034.385894723,"_step":4,"_timestamp":1.7542211137584376e+09,"_wandb":{"runtime":1034}}