{"_runtime":5,"evaluate_loss":2.3299541532993318,"evaluate_accuracy":0.1016,"_step":2,"_timestamp":1.7565464379411535e+09,"_wandb":{"runtime":5},"train_loss":4.08354817985729,"EXP_083_N8_R4_E2_CLIENT_02_status":0}