{"evaluate_accuracy":0.10077984403119376,"evaluate_loss":2.32691350523031,"train_loss":11.429457133466547,"_runtime":380.912419552,"_step":2,"_timestamp":1.7545861385335705e+09,"_wandb":{"runtime":380}}