{"_timestamp":1.75648979145438e+09,"_wandb":{"runtime":0},"evaluate_accuracy":0.31564748201438847,"evaluate_loss":1.831813941683088,"_runtime":0,"_step":2}