{"train_loss":12.377056030800548,"_runtime":16159.331705017,"_step":8,"_timestamp":1.7541782992270527e+09,"_wandb":{"runtime":16159},"evaluate_accuracy":0.2808,"evaluate_loss":1.8598940779891195}