{"EXP_109_N8_R5_E4_CLIENT_07_status":0,"_timestamp":1.7571487947715838e+09,"evaluate_loss":2.3117895901203154,"evaluate_accuracy":0.1072,"_step":1,"_wandb":{"runtime":0},"_runtime":0}