{"train_loss":11.065318149242675,"_runtime":3904.363865248,"_step":6,"_timestamp":1.7545863316679838e+09,"_wandb":{"runtime":3904},"evaluate_accuracy":0.2471505698860228,"evaluate_loss":1.902505379802776}