{"train_loss":3.4623108373641966,"_timestamp":1.7477758830140886e+09,"_runtime":25.942877261,"_step":0,"_wandb":{"runtime":25}}