{"_wandb":{"runtime":48},"evaluate_accuracy":0.1624,"train_loss":7.856821309988666,"EXP_109_N8_R5_E4_CLIENT_03_status":0,"_runtime":48,"_step":5,"_timestamp":1.7571488716365535e+09,"evaluate_loss":2.139868599176407}