{"train_loss":11.499627399787627,"_runtime":10022.242017189,"_step":7,"_timestamp":1.7542156255228512e+09,"_wandb":{"runtime":10022},"evaluate_accuracy":0.40071985602879423,"evaluate_loss":1.5959110475721814}