{"_runtime":9,"_step":6,"train_loss":5.928805780925339,"EXP_101_N9_R4_E3_CLIENT_02_status":0,"_timestamp":1.756572521590256e+09,"_wandb":{"runtime":9},"evaluate_accuracy":0.302158273381295,"evaluate_loss":1.901480906350272}