{"evaluate_accuracy":0.1,"_step":1,"_wandb":{"runtime":0},"_runtime":0,"EXP_103_N8_R4_E3_CLIENT_06_status":0,"_timestamp":1.7565733497151604e+09,"evaluate_loss":2.3357161223888396}