{"_timestamp":1.7477453269261668e+09,"_runtime":2.332841459,"_step":0,"_wandb":{"runtime":3},"evaluate_loss":2.028113964625767,"evaluate_accuracy":0.19556088782243553}