{"_timestamp":1.7571524712465644e+09,"_wandb":{"runtime":169},"evaluate_accuracy":0.3408,"evaluate_loss":1.739459028840065,"train_loss":6.958197260358531,"_runtime":169,"_step":9}