{"_runtime":851.004785443,"_step":4,"_timestamp":1.7563105458669245e+09,"_wandb":{"runtime":851},"evaluate_accuracy":0.14277144571085784,"evaluate_loss":2.2387812407511585,"train_loss":7.30112563879296}