{"_step":4,"_timestamp":1.7542148589711463e+09,"_wandb":{"runtime":1276},"evaluate_accuracy":0.23515296940611877,"evaluate_loss":1.9591931365785145,"train_loss":11.76991678970895,"_runtime":1276.98380832}