{"_runtime":34769.787515357,"_step":9,"_timestamp":1.754585609936571e+09,"_wandb":{"runtime":34769},"evaluate_accuracy":0.3863227354529094,"evaluate_loss":1.6086540424598839,"train_loss":6.410949553028819}