{"EXP_092_N3_R3_E2_CLIENT_02_status":0,"_step":5,"_wandb":{"runtime":33},"evaluate_loss":1.8549199161075411,"_runtime":33,"_timestamp":1.756568185871806e+09,"evaluate_accuracy":0.2975404919016197,"train_loss":3.8089647750488576}