{"_wandb":{"runtime":20},"evaluate_accuracy":0.35611510791366907,"evaluate_loss":1.7490586792981182,"train_loss":5.37443634668986,"_runtime":20,"_step":3,"_timestamp":1.7564911535922368e+09}