{"_wandb":{"runtime":1038},"evaluate_accuracy":0.21273617914625612,"evaluate_loss":2.0010759009255303,"train_loss":7.395461667849365,"_runtime":1038.228314905,"_step":4,"_timestamp":1.7563111128845384e+09}