{"EXP_093_N3_R3_E3_CLIENT_01_status":0,"_runtime":23,"_step":2,"_timestamp":1.7565683881333895e+09,"evaluate_loss":2.311106436593192,"evaluate_accuracy":0.1292741451709658,"_wandb":{"runtime":23},"train_loss":5.844081644245761}