{"_wandb":{"runtime":348},"evaluate_accuracy":0.1856,"evaluate_loss":2.0701181722592703,"train_loss":9.087716750443551,"_runtime":348.208722329,"_step":3,"_timestamp":1.7541756049099476e+09}