{"_timestamp":1.7571487968458312e+09,"_wandb":{"runtime":0},"_runtime":0,"evaluate_loss":2.327909827232361,"evaluate_accuracy":0.1024,"_step":1,"EXP_109_N8_R5_E4_CLIENT_08_status":0}