{"_runtime":6884.875745801,"_step":7,"_timestamp":1.7542136819893463e+09,"_wandb":{"runtime":6884},"evaluate_accuracy":0.42651469706058787,"evaluate_loss":1.5776213396163214,"train_loss":7.972011857753177}