{"_runtime":0,"_step":1,"_timestamp":1.7571554645520604e+09,"_wandb":{"runtime":0},"evaluate_accuracy":0.1256,"evaluate_loss":2.22135134935379}