{"_timestamp":1.754175816695202e+09,"_wandb":{"runtime":26860},"evaluate_accuracy":0.4096,"evaluate_loss":1.5865126908579958,"train_loss":8.085483103514479,"_runtime":26860.334265045,"_step":9}