{"_wandb":{"runtime":1929},"evaluate_accuracy":0.2471505698860228,"evaluate_loss":1.9025053798027758,"train_loss":11.387343514478948,"_runtime":1929.746975554,"_step":5,"_timestamp":1.7545862707716465e+09}