{"EXP_091_N8_R4_E5_CLIENT_08_status":0,"_timestamp":1.756551237202905e+09,"evaluate_loss":2.343227970600128,"evaluate_accuracy":0.0952,"_step":1,"_wandb":{"runtime":0},"_runtime":0}