{"evaluate_accuracy":0.4256148770245951,"evaluate_loss":1.5760596468335106,"train_loss":4.815637370379423,"_runtime":9320.437273554,"_step":8,"_timestamp":1.754211978074123e+09,"_wandb":{"runtime":9320}}