{"_step":3,"_timestamp":1.7563110309335303e+09,"_wandb":{"runtime":265},"evaluate_accuracy":0.2092372288313506,"evaluate_loss":2.0505620665020414,"train_loss":7.801637042834106,"_runtime":265.760460464}