{"EXP_103_N8_R4_E3_CLIENT_01_status":0,"_runtime":27,"_wandb":{"runtime":27},"evaluate_accuracy":0.1312,"evaluate_loss":2.2906052231788636,"train_loss":6.095794460576052,"_step":5,"_timestamp":1.7565734014921162e+09}