{"evaluate_accuracy":0.388,"evaluate_loss":1.66649931371212,"_runtime":60,"_step":11,"_timestamp":1.756573881210197e+09,"train_loss":5.159842359791895,"EXP_104_N8_R5_E3_CLIENT_02_status":0,"_wandb":{"runtime":60}}