{"evaluate_accuracy":0.3894,"evaluate_loss":1.6277397066164927,"train_loss":4.943619156074524,"_runtime":645.06874183,"_step":4,"_timestamp":1.7542068248956058e+09,"_wandb":{"runtime":645}}