{"evaluate_accuracy":0.2408,"_runtime":24,"_timestamp":1.756575245574586e+09,"evaluate_loss":1.9292227506637574,"train_loss":9.00520780435793,"EXP_107_N8_R4_E5_CLIENT_08_status":0,"_step":4,"_wandb":{"runtime":24}}