{"_timestamp":1.754219291932415e+09,"_wandb":{"runtime":47310},"evaluate_accuracy":0.4132,"evaluate_loss":1.5754403841646412,"train_loss":8.043345877918572,"_runtime":47310.323492609,"_step":10}