{"_step":6,"_timestamp":1.7541782118671541e+09,"_wandb":{"runtime":3796},"evaluate_accuracy":0.2276,"evaluate_loss":1.9730653295034095,"train_loss":13.133600871402997,"_runtime":3796.996749903}