{"_step":3,"_timestamp":1.7571715341643245e+09,"_wandb":{"runtime":13},"evaluate_accuracy":0.365,"evaluate_loss":1.7364563695968143,"train_loss":5.295992236614227,"_runtime":13}