{"train_loss":8.385628012657165,"_runtime":63.543888792,"_step":4,"_timestamp":1.7571721703646147e+09,"_wandb":{"runtime":63},"evaluate_accuracy":0.229,"evaluate_loss":2.040628446473016}