{"evaluate_accuracy":0.2488,"evaluate_loss":1.9446803867816924,"train_loss":9.295849320235526,"_runtime":104,"_step":5,"_timestamp":1.757155546955927e+09,"_wandb":{"runtime":104}}