{"_wandb":{"runtime":406},"evaluate_accuracy":0.1908,"evaluate_loss":2.048417442961584,"train_loss":5.514182733270688,"_runtime":406.931900057,"_step":4,"_timestamp":1.7542166761296535e+09}