{"train_loss":12.5695187908392,"evaluate_accuracy":0.1096,"evaluate_loss":2.3405702687516996,"_runtime":100.048045329,"_step":1,"_timestamp":1.754220969330152e+09,"_wandb":{"runtime":100}}