{"evaluate_loss":2.3457830806948103,"train_loss":7.523673971874292,"_runtime":272.011863576,"_step":2,"_timestamp":1.7545847447234387e+09,"_wandb":{"runtime":272},"evaluate_accuracy":0.10077984403119376}