{"evaluate_loss":1.5003571366961999,"train_loss":10.909170687008208,"_runtime":30324.08358227,"_step":9,"_timestamp":1.7542206116741827e+09,"_wandb":{"runtime":30324},"evaluate_accuracy":0.438}