{"_timestamp":1.7492145229797983e+09,"_wandb":{"runtime":81},"evaluate_accuracy":0.15566886622675466,"evaluate_loss":2.242129148755754,"train_loss":3.5425862085333257,"_runtime":81.879574063,"_step":2}