{"_runtime":14.943393011,"_timestamp":1.757171428223493e+09,"_step":0,"train_loss":5.957016923904419,"_wandb":{"runtime":14}}