{"evaluate_accuracy":0.1054,"_wandb":{"runtime":43},"train_loss":3.7935885526657103,"_runtime":43.018830384,"_step":1,"_timestamp":1.7541313381631947e+09,"evaluate_loss":2.3153954994906285}