{"evaluate_accuracy":0.1412,"evaluate_loss":2.270697365833234,"train_loss":5.311804071402016,"_runtime":61.558168381,"_step":4,"_timestamp":1.7564824867200212e+09,"_wandb":{"runtime":61}}