{"evaluate_accuracy":0.1956,"evaluate_loss":2.1398448446128944,"train_loss":9.4219460129357,"_runtime":336.061385992,"_step":3,"_timestamp":1.7542179296443338e+09,"_wandb":{"runtime":336}}