{"_runtime":187,"_timestamp":1.757149655456331e+09,"evaluate_accuracy":0.2576,"train_loss":6.985566464958677,"_step":6,"_wandb":{"runtime":187},"evaluate_loss":1.906616312265396,"EXP_110_N8_R5_E4_CLIENT_02_status":0}