{"_step":0,"EXP_087_N8_R4_E2_CLIENT_03_status":0,"_timestamp":1.7565483838948264e+09,"train_loss":4.207290786087134,"_wandb":{"runtime":7},"_runtime":7}