{"train_loss":7.529555061820206,"_runtime":59.872139416,"_step":3,"_timestamp":1.7571523328476062e+09,"_wandb":{"runtime":59},"evaluate_accuracy":0.1808,"evaluate_loss":2.094623011350632}