{"_step":7,"_timestamp":1.7545835571579113e+09,"_wandb":{"runtime":7610},"evaluate_accuracy":0.4048,"evaluate_loss":1.63027106508424,"train_loss":9.87804923308924,"_runtime":7610.105471814}