{"_step":4,"_timestamp":1.7545827571203287e+09,"_wandb":{"runtime":604},"evaluate_accuracy":0.1128,"evaluate_loss":2.317466452151914,"train_loss":6.971031267422076,"_runtime":604.021717834}