{"train_loss":3.418608223505729,"_runtime":1338.046560098,"_step":6,"_timestamp":1.7494638202937224e+09,"_wandb":{"runtime":1338},"evaluate_accuracy":0.3587282543491302,"evaluate_loss":1.7150861036209832}