{"_runtime":1702.779340775,"_step":5,"_timestamp":1.754213607244066e+09,"_wandb":{"runtime":1702},"evaluate_accuracy":0.40461907618476306,"evaluate_loss":1.636486706279573,"train_loss":8.3814594539807}