{"_timestamp":1.749205651474427e+09,"_wandb":{"runtime":104},"evaluate_accuracy":0.1002,"evaluate_loss":2.338421148859012,"train_loss":3.5310144578933715,"_runtime":104.183426655,"_step":2}