{"_wandb":{"runtime":41},"train_loss":5.819298664601847,"evaluate_loss":2.4189206075064744,"evaluate_accuracy":0.1028,"_runtime":41.915895625,"_step":1,"_timestamp":1.7542171493419275e+09}