{"evaluate_loss":2.261761900725638,"train_loss":3.8673066162109375,"_runtime":4.294967299161952e+09,"_step":33,"_timestamp":1.7479202519637158e+09,"_wandb":{"runtime":4294967299},"evaluate_accuracy":0.1436}