{"_timestamp":1.7564824821685388e+09,"_wandb":{"runtime":55},"evaluate_accuracy":0.1416,"evaluate_loss":2.2499444092376324,"train_loss":5.332334556518652,"_runtime":55.510132049,"_step":4}