{"_step":3,"_timestamp":1.7565512645971951e+09,"_wandb":{"runtime":31},"evaluate_accuracy":0.1128,"evaluate_loss":2.3573691487312316,"_runtime":31,"train_loss":9.694553135306972,"EXP_091_N8_R4_E5_CLIENT_01_status":0}