{"train_loss":7.155023577106986,"_step":10,"evaluate_accuracy":0.412,"EXP_106_N8_R5_E4_CLIENT_01_status":0,"_runtime":62,"_timestamp":1.7565748657778325e+09,"_wandb":{"runtime":62},"evaluate_loss":1.6261960327625276}