{"train_loss":3.7768344251733077,"_wandb":{"runtime":8},"evaluate_accuracy":0.09298140371925614,"evaluate_loss":2.331075097030064,"EXP_079_N6_R4_E2_CLIENT_05_status":0,"_runtime":8,"_step":2,"_timestamp":1.7565450408839588e+09}