{"_step":0,"_wandb":{"runtime":2},"evaluate_loss":1.8542862287752189,"evaluate_accuracy":0.3064,"_timestamp":1.747828240228711e+09,"_runtime":2.913936841}