{"_wandb":{"runtime":1462},"evaluate_accuracy":0.3364,"evaluate_loss":1.735175055793569,"train_loss":8.72445451870513,"_runtime":1462.100646314,"_step":5,"_timestamp":1.7541772068062856e+09}