{"_step":5,"_timestamp":1.7542144043002982e+09,"_wandb":{"runtime":2806},"evaluate_accuracy":0.3827234553089382,"evaluate_loss":1.649664154506865,"train_loss":11.860084168916698,"_runtime":2806.763382379}