{"_step":8,"evaluate_loss":1.587727287458995,"train_loss":5.315066148757935,"EXP_099_N5_R4_E3_CLIENT_04_status":0,"_runtime":15,"_timestamp":1.7565716523281872e+09,"_wandb":{"runtime":15},"evaluate_accuracy":0.4175}