{"train_loss":5.502847300169948,"_runtime":114.305388626,"_step":2,"_timestamp":1.7542161916067758e+09,"_wandb":{"runtime":114},"evaluate_accuracy":0.0972,"evaluate_loss":2.312762547142898}