{"_wandb":{"runtime":142},"train_loss":11.514448868751526,"_runtime":142.067831613,"_step":1,"_timestamp":1.7541736609398348e+09,"evaluate_loss":2.3057259037381126,"evaluate_accuracy":0.1025}