{"evaluate_loss":2.3789849856804155,"evaluate_accuracy":0.1043956043956044,"_timestamp":1.7564905549883564e+09,"_wandb":{"runtime":9},"train_loss":6.071186229848025,"_runtime":9,"_step":1}