{"train_loss":6.6878718859271,"_runtime":2668.068534863,"_step":6,"_timestamp":1.7545854860787644e+09,"_wandb":{"runtime":2668},"evaluate_accuracy":0.34913017396520696,"evaluate_loss":1.705821232975654}