{"_runtime":378.307335643,"_step":3,"_timestamp":1.7542183994496157e+09,"_wandb":{"runtime":378},"evaluate_accuracy":0.1392,"evaluate_loss":2.1651808581774747,"train_loss":9.260220907366694}