{"_timestamp":1.754210170870154e+09,"_wandb":{"runtime":344},"evaluate_accuracy":0.1078,"evaluate_loss":2.3080170579776644,"train_loss":11.446753578853608,"_runtime":344.276753246,"_step":2}