{"train_loss":10.929003568312613,"_runtime":31096.388192307,"_step":9,"_timestamp":1.7542206106433327e+09,"_wandb":{"runtime":31096},"evaluate_accuracy":0.4388,"evaluate_loss":1.5458064728145358}