{"evaluate_accuracy":0.3179317931793179,"evaluate_loss":1.764610294638009,"train_loss":5.533454075194242,"_runtime":8,"_step":3,"_timestamp":1.7564906445486119e+09,"_wandb":{"runtime":8}}