{"evaluate_loss":1.9987189236141387,"train_loss":7.015182551434286,"_runtime":306.350721362,"_step":3,"_timestamp":1.7494660266949692e+09,"_wandb":{"runtime":306},"evaluate_accuracy":0.22705458908218357}