{"_runtime":276.399174637,"_step":3,"_timestamp":1.7492158909850686e+09,"_wandb":{"runtime":276},"evaluate_accuracy":0.2726454709058188,"evaluate_loss":1.8600706441061838,"train_loss":7.163967164014455}