{"_runtime":30.044985926,"_step":0,"_wandb":{"runtime":30},"train_loss":5.449371767807007,"_timestamp":1.7542066936652012e+09}