{"evaluate_loss":1.6011634762324984,"train_loss":8.083184568405152,"_runtime":7852.083124362,"_step":7,"_timestamp":1.7541739892404404e+09,"_wandb":{"runtime":7852},"evaluate_accuracy":0.401}