{"_runtime":88.12644864,"_step":1,"_timestamp":1.754178776852135e+09,"_wandb":{"runtime":88},"train_loss":13.04410607898578,"evaluate_loss":2.548754897298692,"evaluate_accuracy":0.1052}