{"_timestamp":1.7565716085537918e+09,"_wandb":{"runtime":14},"evaluate_accuracy":0.407,"evaluate_loss":1.630761772867233,"_runtime":14,"train_loss":5.315066148757935,"EXP_099_N5_R4_E3_CLIENT_04_status":0,"_step":6}