{"train_loss":8.79800947933197,"_timestamp":1.7542073187530322e+09,"_wandb":{"runtime":49},"_runtime":49.26181364,"_step":0}