{"_runtime":37.183916404,"_step":0,"_wandb":{"runtime":37},"train_loss":9.797305780634892,"_timestamp":1.7542128391161423e+09}