{"train_loss":9.29092180900026,"evaluate_accuracy":0.10197960407918416,"evaluate_loss":2.3280902763582625,"_runtime":121.595006131,"_step":1,"_timestamp":1.7541743933138268e+09,"_wandb":{"runtime":121}}