{"train_loss":3.783805289086263,"EXP_088_N8_R4_E2_CLIENT_03_status":0,"_step":8,"_wandb":{"runtime":21},"_runtime":21,"_timestamp":1.7565500746970875e+09,"evaluate_accuracy":0.288,"evaluate_loss":1.890973550081253}