{"_wandb":{"runtime":20},"_runtime":20,"_step":0,"EXP_082_N6_R4_E5_CLIENT_01_status":0,"_timestamp":1.75654605310783e+09,"train_loss":8.94690516177547}