{"evaluate_loss":2.3461969308792407,"_wandb":{"runtime":42},"client_name":"EXP_001_N2_R3_E2_CLIENT_02","_runtime":42.835775659,"_timestamp":1.7541500985564945e+09,"train_loss":3.778559614753723,"partition_id":1,"_step":1,"evaluate_accuracy":0.1102}