{"_runtime":125.513306027,"_step":0,"_wandb":{"runtime":125},"train_loss":4.1581614952087405,"_timestamp":1.7478320545740473e+09}