{"_timestamp":1.7571496738186822e+09,"evaluate_accuracy":0.344,"evaluate_loss":1.7394283205270766,"EXP_110_N8_R5_E4_CLIENT_02_status":0,"_runtime":187,"_wandb":{"runtime":187},"train_loss":6.985566464958677,"_step":8}