{"_runtime":10,"_step":3,"_timestamp":1.7564893195233068e+09,"_wandb":{"runtime":10},"evaluate_accuracy":0.3048,"evaluate_loss":1.86505169570446,"train_loss":5.9507096451558885}