{"_step":12,"_timestamp":1.7542138828613174e+09,"_wandb":{"runtime":242824},"evaluate_accuracy":0.4505098980203959,"evaluate_loss":1.4945411398297264,"train_loss":7.447146667136277,"_runtime":242824.257534905}