{"_runtime":4027.946167745,"_step":6,"_timestamp":1.7541782128291273e+09,"_wandb":{"runtime":4027},"evaluate_accuracy":0.2272,"evaluate_loss":1.989959310881699,"train_loss":12.97145624358814}