{"EXP_099_N5_R4_E3_CLIENT_05_status":0,"_runtime":11,"_step":2,"_timestamp":1.756571551469987e+09,"_wandb":{"runtime":11},"evaluate_accuracy":0.1145,"train_loss":5.2900282950401305,"evaluate_loss":2.505643170977396}