{"evaluate_loss":2.329954153299332,"train_loss":3.8351638461374176,"_step":3,"_timestamp":1.756546461577408e+09,"evaluate_accuracy":0.1016,"EXP_083_N8_R4_E2_CLIENT_02_status":0,"_runtime":10,"_wandb":{"runtime":10}}