{"partition_id":1,"_runtime":62.893948212,"evaluate_loss":2.2702424678073565,"evaluate_accuracy":0.1488,"train_loss":5.7172462856292725,"_timestamp":1.7541508743889902e+09,"_step":1,"_wandb":{"runtime":62},"client_name":"EXP_003_N2_R3_E3_CLIENT_02"}