{"_step":4,"_timestamp":1.7565752455839996e+09,"_wandb":{"runtime":25},"evaluate_accuracy":0.2424,"evaluate_loss":1.9668552249670028,"train_loss":9.223655538953793,"EXP_107_N8_R4_E5_CLIENT_03_status":0,"_runtime":25}