{"_wandb":{"runtime":8728},"evaluate_accuracy":0.42711457708458306,"evaluate_loss":1.5815251838593256,"train_loss":4.807905859512677,"_runtime":8728.973266426,"_step":8,"_timestamp":1.7542119692980783e+09}