{"evaluate_accuracy":0.19081908190819083,"train_loss":5.539872737239591,"evaluate_loss":2.113840048653739,"EXP_101_N9_R4_E3_CLIENT_04_status":0,"_runtime":25,"_step":6,"_timestamp":1.7565725028677936e+09,"_wandb":{"runtime":25}}