{"evaluate_loss":2.4094451091907643,"evaluate_accuracy":0.09112709832134293,"_timestamp":1.7564910509695132e+09,"_wandb":{"runtime":0},"_runtime":0,"_step":0}