{"evaluate_loss":1.9012598395347595,"EXP_110_N8_R5_E4_CLIENT_06_status":0,"_step":5,"_timestamp":1.757149610485335e+09,"train_loss":7.360254957417774,"_runtime":165,"_wandb":{"runtime":165},"evaluate_accuracy":0.2568}