{"evaluate_loss":2.116183486580849,"train_loss":9.216242765924733,"_runtime":102,"_step":2,"_timestamp":1.7571522831903846e+09,"_wandb":{"runtime":102},"evaluate_accuracy":0.1664}