{"evaluate_accuracy":0.10767846430713857,"evaluate_loss":2.350298638570876,"train_loss":12.721453505454303,"_runtime":304.99406767,"_step":2,"_timestamp":1.754214763171069e+09,"_wandb":{"runtime":304}}