{"_timestamp":1.7541766484172971e+09,"_wandb":{"runtime":23268},"evaluate_accuracy":0.4504,"evaluate_loss":1.527763467800768,"train_loss":7.935898162305546,"_runtime":23268.262128511,"_step":9}