{"evaluate_accuracy":0.3592,"EXP_106_N8_R5_E4_CLIENT_05_status":0,"_runtime":65,"_timestamp":1.7565748495433836e+09,"evaluate_loss":1.7156285047531128,"train_loss":6.736203951440799,"_step":8,"_wandb":{"runtime":65}}