{"_timestamp":1.75458702404339e+09,"_wandb":{"runtime":6921},"evaluate_accuracy":0.35752849430113975,"evaluate_loss":1.7237507689673943,"train_loss":9.558657899427642,"_runtime":6921.295368124,"_step":6}