{"_wandb":{"runtime":12},"_timestamp":1.7541540872363374e+09,"_runtime":12.998898896,"_step":0,"train_loss":4.607686294153476}