{"_step":2,"_timestamp":1.7492158738453355e+09,"_wandb":{"runtime":162},"evaluate_accuracy":0.10317936412717456,"evaluate_loss":2.4451451278868177,"train_loss":7.11774314907815,"_runtime":162.131310742}