{"evaluate_loss":1.7909301400184632,"_runtime":65,"_timestamp":1.756574339303196e+09,"_wandb":{"runtime":65},"evaluate_accuracy":0.324,"train_loss":6.55784530852251,"EXP_105_N8_R4_E4_CLIENT_08_status":0,"_step":8}