{"_runtime":42,"_step":11,"_timestamp":1.7565749206510344e+09,"evaluate_accuracy":0.3912,"evaluate_loss":1.5982332110404969,"train_loss":6.475380053186113,"EXP_106_N8_R5_E4_CLIENT_08_status":0,"_wandb":{"runtime":42}}