{"_timestamp":1.7565513261326196e+09,"_wandb":{"runtime":13},"evaluate_accuracy":0.3392,"EXP_091_N8_R4_E5_CLIENT_02_status":0,"evaluate_loss":1.7783543586730957,"train_loss":9.890654301187794,"_runtime":13,"_step":6}