{"_step":8,"_wandb":{"runtime":47},"train_loss":5.260181257679204,"_runtime":47,"_timestamp":1.7565738660764356e+09,"evaluate_accuracy":0.3256,"evaluate_loss":1.7803268909454346,"EXP_104_N8_R5_E3_CLIENT_03_status":0}