{"_wandb":{"runtime":880},"evaluate_accuracy":0.386,"evaluate_loss":1.6558108489224865,"train_loss":3.338080704498291,"_runtime":880.896801603,"_step":5,"_timestamp":1.7492057236160693e+09}