{"_wandb":{"runtime":66},"evaluate_accuracy":0.351,"evaluate_loss":1.7081414820655945,"train_loss":8.647587836742401,"_runtime":66,"_step":5,"_timestamp":1.7571721858687518e+09}