{"_timestamp":1.754220357762534e+09,"_wandb":{"runtime":454},"evaluate_accuracy":0.2136,"evaluate_loss":1.9733305988432486,"train_loss":12.414946815076346,"_runtime":454.450173313,"_step":3}