{"_step":9,"_timestamp":1.7545856110667481e+09,"_wandb":{"runtime":35448},"evaluate_accuracy":0.41871625674865026,"evaluate_loss":1.5943888875673402,"train_loss":6.390431489670676,"_runtime":35448.013238858}