{"evaluate_accuracy":0.1496,"evaluate_loss":2.218022683262825,"train_loss":9.196134659515064,"EXP_108_N8_R5_E5_CLIENT_04_status":0,"_runtime":54,"_wandb":{"runtime":54},"_step":5,"_timestamp":1.756575800513647e+09}