{"_runtime":18,"_step":2,"_timestamp":1.7565461019996433e+09,"_wandb":{"runtime":18},"train_loss":8.603390077084445,"evaluate_accuracy":0.1199760047990402,"evaluate_loss":2.2746763994108954,"EXP_082_N6_R4_E5_CLIENT_04_status":0}