{"evaluate_accuracy":0.394,"evaluate_loss":1.6197070999751015,"train_loss":8.188830888271331,"_runtime":8387.855082456,"_step":7,"_timestamp":1.7541739872295427e+09,"_wandb":{"runtime":8387}}