{"evaluate_accuracy":0.3479304139172166,"evaluate_loss":1.764699454577464,"EXP_079_N6_R4_E2_CLIENT_04_status":0,"_runtime":1,"_step":5,"_timestamp":1.7565450947239056e+09,"_wandb":{"runtime":1}}