{"_step":5,"evaluate_accuracy":0.124,"evaluate_loss":2.296192520856857,"train_loss":5.397768213490772,"_runtime":33,"_timestamp":1.7565734302987552e+09,"_wandb":{"runtime":33},"EXP_103_N8_R4_E3_CLIENT_05_status":0}