{"_wandb":{"runtime":44},"evaluate_accuracy":0.3955,"evaluate_loss":1.6194725869193909,"train_loss":4.9781892910003664,"_runtime":44,"_step":6,"_timestamp":1.7571718704220765e+09}