{"_runtime":39304.043497788,"_step":10,"_timestamp":1.754582946078352e+09,"_wandb":{"runtime":39304},"evaluate_accuracy":0.4272,"evaluate_loss":1.5590923315362086,"train_loss":6.309526464047904}