{"_step":6,"_timestamp":1.7541731410267284e+09,"_wandb":{"runtime":3337},"evaluate_accuracy":0.332,"evaluate_loss":1.7731580749342712,"train_loss":8.051833319206969,"_runtime":3337.108583236}