{"_step":0,"_wandb":{"runtime":28},"train_loss":7.8686121606979125,"_timestamp":1.7545826309323437e+09,"_runtime":28.096613491}