{"_step":0,"_wandb":{"runtime":22},"train_loss":3.713183351898193,"_timestamp":1.7477482115148017e+09,"_runtime":22.021541476}