{"_step":4,"_timestamp":1.7571555167668726e+09,"_wandb":{"runtime":104},"evaluate_accuracy":0.1312,"evaluate_loss":2.23102530837059,"train_loss":9.295849320235526,"_runtime":104.446165232}