{"_runtime":164,"_timestamp":1.7571495906225283e+09,"evaluate_accuracy":0.1136,"evaluate_loss":2.2935464918613433,"EXP_110_N8_R5_E4_CLIENT_01_status":0,"_step":3,"_wandb":{"runtime":164},"train_loss":7.413668936984554}