{"train_loss":8.851241365611124,"_timestamp":1.7542134378537416e+09,"_runtime":44.964497014,"_step":0,"_wandb":{"runtime":44}}