{"_wandb":{"runtime":2185},"evaluate_accuracy":0.35452909418116374,"evaluate_loss":1.7407334278214652,"train_loss":6.935354561896986,"_runtime":2185.902068531,"_step":5,"_timestamp":1.7545854439588041e+09}