{"train_loss":12.42990327710442,"_runtime":308.126520707,"_step":2,"_timestamp":1.7542147722236202e+09,"_wandb":{"runtime":308},"evaluate_accuracy":0.09928014397120576,"evaluate_loss":2.358932222638811}