{"evaluate_accuracy":0.3496,"evaluate_loss":1.744364747405052,"train_loss":7.267329491627444,"_runtime":131,"_step":6,"_timestamp":1.7571524051287425e+09,"_wandb":{"runtime":131}}