{"_timestamp":1.754583965697701e+09,"_wandb":{"runtime":215},"evaluate_accuracy":0.104,"evaluate_loss":2.343290721313863,"train_loss":10.877856088903384,"_runtime":215.296503273,"_step":2}