{"_step":4,"_timestamp":1.75630955261788e+09,"_wandb":{"runtime":544},"evaluate_accuracy":0.2544,"evaluate_loss":1.8775574994992603,"train_loss":6.753660746656668,"_runtime":544.234831006}