{"_step":4,"_timestamp":1.7565752467378955e+09,"_wandb":{"runtime":17},"evaluate_accuracy":0.2576,"_runtime":17,"evaluate_loss":1.926853284239769,"train_loss":9.049971263879424,"EXP_107_N8_R4_E5_CLIENT_06_status":0}