{"evaluate_accuracy":0.3734,"evaluate_loss":1.6618499156016453,"_step":5,"_timestamp":1.7541483013423872e+09,"_wandb":{"runtime":1025},"client_name":"EXP_001_Nunknown_R3_E2_CLIENT_02","partition_id":0,"train_loss":3.4131619457244873,"_runtime":1025.056365414}