{"train_loss":5.128039160475564,"_runtime":936.375724004,"_step":5,"_timestamp":1.7542172601332064e+09,"_wandb":{"runtime":936},"evaluate_accuracy":0.378,"evaluate_loss":1.6611797417266458}