{"_timestamp":1.7563139285282977e+09,"_wandb":{"runtime":119},"evaluate_accuracy":0.0952,"evaluate_loss":2.314368884774703,"train_loss":7.134329178462775,"_runtime":119.002486606,"_step":2}