{"EXP_091_N8_R4_E5_CLIENT_08_status":0,"_runtime":16,"_step":6,"evaluate_accuracy":0.3384,"train_loss":8.830691181930007,"_timestamp":1.756551326848094e+09,"_wandb":{"runtime":16},"evaluate_loss":1.771113207936287}