{"train_loss":11.33360665255842,"_runtime":8904.361591572,"_step":7,"_timestamp":1.7542205268111966e+09,"_wandb":{"runtime":8904},"evaluate_accuracy":0.3848,"evaluate_loss":1.6278554261485232}