{"train_loss":9.572566320340092,"_timestamp":1.7541770499141886e+09,"_runtime":34.302664787,"_step":0,"_wandb":{"runtime":34}}