{"evaluate_loss":2.0200378444959535,"train_loss":9.075125990301798,"_runtime":1284.234404979,"_step":4,"_timestamp":1.7541745740211947e+09,"_wandb":{"runtime":1284},"evaluate_accuracy":0.1877624475104979}