{"_runtime":14,"_step":5,"_timestamp":1.7565438501064885e+09,"_wandb":{"runtime":14},"evaluate_loss":1.9699253878503475,"evaluate_accuracy":0.23275344931013797,"train_loss":3.994126416279368,"EXP_078_N6_R3_E2_CLIENT_01_status":0}