{"evaluate_loss":1.885188612968299,"_step":4,"_timestamp":1.754148284569293e+09,"_wandb":{"runtime":511},"evaluate_accuracy":0.2814,"partition_id":0,"train_loss":3.4131619457244873,"_runtime":511.970597192,"client_name":"EXP_001_Nunknown_R3_E2_CLIENT_02"}