{"evaluate_accuracy":0.3528,"evaluate_loss":1.7023672044277192,"train_loss":8.230037703635587,"_runtime":178.307098301,"_step":7,"_timestamp":1.7571557783419333e+09,"_wandb":{"runtime":178}}