{"_runtime":0,"EXP_106_N8_R5_E4_CLIENT_08_status":0,"_timestamp":1.7565747003395946e+09,"evaluate_loss":2.3037609279155733,"evaluate_accuracy":0.1008,"_step":1,"_wandb":{"runtime":0}}