{"evaluate_accuracy":0.206,"evaluate_loss":2.0347086526453495,"train_loss":5.976868153572083,"_runtime":12,"_step":2,"_timestamp":1.7564901403778229e+09,"_wandb":{"runtime":12}}