{"_step":6,"_timestamp":1.747831958283129e+09,"_wandb":{"runtime":183},"evaluate_accuracy":0.3898,"evaluate_loss":1.6314594145793064,"train_loss":4.150412310600281,"_runtime":183.007956499}