{"_runtime":82.481541983,"_step":1,"_timestamp":1.7542124279416537e+09,"evaluate_loss":2.3288055874052502,"evaluate_accuracy":0.09478104379124175,"_wandb":{"runtime":82},"train_loss":11.51944890182367}