{"_wandb":{"runtime":10},"train_loss":4.0265844855308535,"_timestamp":1.7541545024703984e+09,"_runtime":10.893159699,"_step":0}