{"evaluate_accuracy":0.3508,"evaluate_loss":1.7324388346094994,"train_loss":3.482293659210205,"_runtime":874.873161288,"_step":5,"_timestamp":1.7494603869211113e+09,"_wandb":{"runtime":874}}