{"_step":3,"_timestamp":1.757172494213944e+09,"_wandb":{"runtime":39},"evaluate_accuracy":0.2325,"evaluate_loss":1.9590851068496704,"train_loss":8.269917535305023,"_runtime":39.916747842}