{"_runtime":33,"_wandb":{"runtime":33},"evaluate_loss":1.6150242418050766,"_step":9,"_timestamp":1.756573493944827e+09,"evaluate_accuracy":0.392,"train_loss":5.397768213490772,"EXP_103_N8_R4_E3_CLIENT_05_status":0}