{"_step":27,"_timestamp":1.7479230759985175e+09,"_wandb":{"runtime":4294967298},"evaluate_accuracy":0.09478104379124175,"evaluate_loss":2.4687058085487004,"train_loss":3.864725654645503,"_runtime":4.294967298510137e+09}