{"_runtime":8,"_step":3,"_timestamp":1.7564888567074487e+09,"_wandb":{"runtime":8},"evaluate_accuracy":0.30755395683453235,"evaluate_loss":1.8133350338254657,"train_loss":5.747725425864295}