{"evaluate_accuracy":0.102,"_runtime":106.39960524,"_step":1,"_timestamp":1.7541779806431522e+09,"_wandb":{"runtime":106},"train_loss":12.725917317996773,"evaluate_loss":2.3235702514648438}