{"evaluate_loss":2.3233632591535462,"evaluate_accuracy":0.09598080383923216,"_step":1,"EXP_079_N6_R4_E2_CLIENT_06_status":0,"_timestamp":1.7565450204015882e+09,"_wandb":{"runtime":1},"_runtime":1}