{"_wandb":{"runtime":212},"evaluate_accuracy":0.1928,"evaluate_loss":2.298027684416952,"train_loss":5.724734181032394,"_runtime":212.280280608,"_step":3,"_timestamp":1.7542162082004488e+09}