{"_timestamp":1.7542193117934036e+09,"_wandb":{"runtime":99772},"evaluate_accuracy":0.422,"evaluate_loss":1.5914692923992495,"train_loss":8.027368155150368,"_runtime":99772.014179652,"_step":11}