{"train_loss":4.229919129371643,"evaluate_loss":2.3058294355869293,"evaluate_accuracy":0.081,"_runtime":13.415422746,"_step":1,"_timestamp":1.7478320709831562e+09,"_wandb":{"runtime":14}}