{"evaluate_accuracy":0.096,"evaluate_loss":2.389055478421948,"train_loss":10.564729068225946,"_runtime":222.974425281,"_step":2,"_timestamp":1.7545833900536952e+09,"_wandb":{"runtime":222}}