{"evaluate_loss":1.6096627984728131,"train_loss":4.858155724527738,"_runtime":1002.182138099,"_step":5,"_timestamp":1.749465262461409e+09,"_wandb":{"runtime":1002},"evaluate_accuracy":0.41391721655668867}