{"_timestamp":1.7479229774911447e+09,"_wandb":{"runtime":4294967298},"evaluate_accuracy":0.3336,"evaluate_loss":1.774993146301075,"train_loss":3.589841241836548,"_runtime":4.294967298937273e+09,"_step":47}