{"EXP_085_N8_R4_E4_CLIENT_07_status":0,"_step":9,"_timestamp":1.7565471855883276e+09,"train_loss":6.956425388907172,"_runtime":25,"_wandb":{"runtime":25},"evaluate_accuracy":0.3456,"evaluate_loss":1.7297868609428406}