{"_step":0,"_wandb":{"runtime":7},"_runtime":7,"EXP_083_N8_R4_E2_CLIENT_01_status":0,"_timestamp":1.756546424547197e+09,"train_loss":3.938678963169171}