{"_step":0,"EXP_099_N5_R4_E3_CLIENT_02_status":0,"_timestamp":1.756571507201605e+09,"_wandb":{"runtime":11},"_runtime":11,"train_loss":5.662762751579285}