{"_timestamp":1.7565508975008097e+09,"evaluate_loss":2.302111893892288,"EXP_090_N8_R4_E2_CLIENT_04_status":0,"_runtime":6,"_step":4,"_wandb":{"runtime":6},"evaluate_accuracy":0.0992,"train_loss":4.609603244028274}