{"_wandb":{"runtime":475},"evaluate_accuracy":0.1532,"evaluate_loss":2.2746954296208637,"train_loss":11.37512713994462,"_runtime":474.966393817,"_step":3,"_timestamp":1.754583991962278e+09}