{"_wandb":{"runtime":13},"_runtime":13.605706435,"_timestamp":1.7571717148613625e+09,"_step":0,"train_loss":6.917991930961609}