{"evaluate_loss":1.7315740793943406,"train_loss":6.553331037235868,"EXP_110_N8_R5_E4_CLIENT_01_status":0,"_step":9,"_timestamp":1.7571498083514638e+09,"_wandb":{"runtime":312},"evaluate_accuracy":0.3384,"_runtime":312}