{"evaluate_loss":2.471123127997676,"train_loss":7.081955042129127,"_runtime":123.543585253,"_step":2,"_timestamp":1.7563094810484717e+09,"_wandb":{"runtime":123},"evaluate_accuracy":0.1096}