{"EXP_096_N3_R4_E3_CLIENT_01_status":0,"_runtime":41,"_step":3,"_timestamp":1.7565704056369221e+09,"evaluate_accuracy":0.10167966406718656,"evaluate_loss":2.38382617632548,"train_loss":5.310865606335427,"_wandb":{"runtime":41}}