{"evaluate_loss":1.886148664355278,"train_loss":5.982156974494837,"_runtime":12,"_step":3,"_timestamp":1.7564893186973066e+09,"_wandb":{"runtime":12},"evaluate_accuracy":0.2752}