{"evaluate_loss":2.300328904390335,"EXP_100_N8_R4_E3_CLIENT_07_status":0,"_runtime":8,"_step":2,"train_loss":5.742465562121883,"_timestamp":1.7565720256622484e+09,"_wandb":{"runtime":8},"evaluate_accuracy":0.1024}