{"_timestamp":1.756571184240277e+09,"evaluate_accuracy":0.3812,"train_loss":4.993811059683656,"_runtime":46,"_step":6,"_wandb":{"runtime":46},"evaluate_loss":1.6522694494150862,"EXP_098_N4_R4_E3_CLIENT_01_status":0}