{"evaluate_loss":1.4940914755775816,"train_loss":4.65173536839245,"_runtime":279588.468584535,"_step":13,"_timestamp":1.754212110062427e+09,"_wandb":{"runtime":279588},"evaluate_accuracy":0.4688062387522495}