{"_timestamp":1.7564901400789046e+09,"_step":0,"_wandb":{"runtime":0},"_runtime":0,"evaluate_loss":2.023707762360573,"evaluate_accuracy":0.205}