{"_timestamp":1.7545870448824983e+09,"_wandb":{"runtime":13737},"evaluate_accuracy":0.3899220155968806,"evaluate_loss":1.6269002725493233,"train_loss":9.581688797645022,"_runtime":13737.780052468,"_step":7}