{"_wandb":{"runtime":915},"evaluate_accuracy":0.3552,"evaluate_loss":1.7207261680797408,"train_loss":3.5401952520370483,"_runtime":914.996013838,"_step":5,"_timestamp":1.7492031635290806e+09}