{"evaluate_loss":2.3719195211009616,"evaluate_accuracy":0.1194,"_wandb":{"runtime":49},"train_loss":4.610689392852783,"_runtime":49.661176185,"_step":1,"_timestamp":1.7541296008111017e+09}