{"_wandb":{"runtime":311},"evaluate_accuracy":0.3712,"evaluate_loss":1.7124128878116607,"train_loss":9.424702016411311,"_runtime":311,"_step":5,"_timestamp":1.757154504207058e+09}