{"_step":7,"_timestamp":1.7545850033706934e+09,"_wandb":{"runtime":6366},"evaluate_accuracy":0.3713257348530294,"evaluate_loss":1.715298369245709,"train_loss":7.013914386051123,"_runtime":6366.132983254}