{"evaluate_accuracy":0.3290341931613677,"evaluate_loss":1.730874134245373,"train_loss":5.003594393638684,"_runtime":1854.921987636,"_step":6,"_timestamp":1.7492155295009856e+09,"_wandb":{"runtime":1854}}