{"_timestamp":1.7565719828868544e+09,"train_loss":5.966589197991,"_wandb":{"runtime":10},"_runtime":10,"_step":0,"EXP_100_N8_R4_E3_CLIENT_03_status":0}