{"_wandb":{"runtime":17},"_step":0,"train_loss":3.75502869208082,"_timestamp":1.756308726998681e+09,"_runtime":17.620670162}