{"evaluate_loss":1.5520219064894176,"train_loss":6.481919521908108,"_runtime":4750.373533078,"_step":7,"_timestamp":1.749216450380233e+09,"_wandb":{"runtime":4750},"evaluate_accuracy":0.42711457708458306}