{"_wandb":{"runtime":110},"evaluate_accuracy":0.0968,"evaluate_loss":2.306781789924525,"train_loss":5.883599512112407,"_runtime":110.010689034,"_step":2,"_timestamp":1.7542166243510697e+09}