{"train_loss":8.753563090254323,"_runtime":782.117112463,"_step":4,"_timestamp":1.7541771916942427e+09,"_wandb":{"runtime":782},"evaluate_accuracy":0.1808,"evaluate_loss":2.269513454618333}