{"EXP_082_N6_R4_E5_CLIENT_03_status":0,"evaluate_loss":2.269744058824935,"evaluate_accuracy":0.13017396520695862,"_runtime":17,"_step":2,"_timestamp":1.7565460670409007e+09,"_wandb":{"runtime":17},"train_loss":9.522655938230631}