{"_step":3,"_timestamp":1.7541744885153613e+09,"_wandb":{"runtime":619},"evaluate_accuracy":0.1895620875824835,"evaluate_loss":2.057130455970764,"train_loss":9.590502913488724,"_runtime":619.86189297}