{"_wandb":{"runtime":15},"_runtime":15,"EXP_086_N8_R4_E5_CLIENT_03_status":0,"_timestamp":1.7565474437496073e+09,"train_loss":10.07714464102581,"_step":0}