{"EXP_108_N8_R5_E5_CLIENT_08_status":0,"_timestamp":1.756575747004641e+09,"evaluate_loss":2.555042642354965,"evaluate_accuracy":0.0944,"_step":1,"_wandb":{"runtime":0},"_runtime":0}