{"evaluate_accuracy":0.0952,"EXP_108_N8_R5_E5_CLIENT_05_status":0,"_runtime":18,"_step":2,"_timestamp":1.7565757433230102e+09,"_wandb":{"runtime":18},"train_loss":9.364338926448944,"evaluate_loss":2.614364540576935}