{"_step":3,"_timestamp":1.7492031105263188e+09,"_wandb":{"runtime":218},"evaluate_accuracy":0.3222,"evaluate_loss":1.806225979404085,"train_loss":3.6735867586135864,"_runtime":218.840902971}