{"_runtime":105.984607966,"_step":2,"_timestamp":1.7494607132814522e+09,"_wandb":{"runtime":105},"evaluate_accuracy":0.1128,"evaluate_loss":2.2754657283710067,"train_loss":3.77072895488739}