{"evaluate_loss":2.3133804048810687,"train_loss":5.108267076295628,"_runtime":119.897070781,"_step":2,"_timestamp":1.749465182775749e+09,"_wandb":{"runtime":119},"evaluate_accuracy":0.1367726454709058}