{"evaluate_loss":2.338744235488604,"evaluate_accuracy":0.09658068386322735,"_timestamp":1.754584681969568e+09,"_wandb":{"runtime":114},"train_loss":7.874529851110358,"_runtime":113.967707039,"_step":1}