{"train_loss":5.243342007950341,"EXP_097_N3_R4_E3_CLIENT_02_status":0,"_step":6,"_timestamp":1.7565708128038049e+09,"_wandb":{"runtime":59},"evaluate_loss":1.764362306821914,"_runtime":59,"evaluate_accuracy":0.32693461307738453}