{"_timestamp":1.756550022249358e+09,"evaluate_accuracy":0.0984,"evaluate_loss":2.3149774372577667,"_wandb":{"runtime":13},"train_loss":4.031005397723739,"EXP_088_N8_R4_E2_CLIENT_04_status":0,"_runtime":13,"_step":3}