{"_wandb":{"runtime":36},"_step":0,"train_loss":7.74814208785883,"_timestamp":1.7563103805112653e+09,"_runtime":36.256394638}