{"_wandb":{"runtime":3874},"evaluate_accuracy":0.2992,"evaluate_loss":1.78032402750812,"train_loss":11.398147817236929,"_runtime":3874.184045288,"_step":6,"_timestamp":1.7542205041954284e+09}