{"_timestamp":1.754220952367538e+09,"_runtime":51.948175201,"_step":0,"_wandb":{"runtime":51},"train_loss":16.128535101588923}