{"_step":1,"_timestamp":1.7542077452520435e+09,"_wandb":{"runtime":100},"train_loss":9.235091151046753,"evaluate_loss":2.733854094887995,"evaluate_accuracy":0.1074,"_runtime":100.894941155}