{"_wandb":{"runtime":23},"evaluate_loss":1.6906802952289581,"train_loss":7.1257411530063415,"EXP_106_N8_R5_E4_CLIENT_07_status":0,"_step":6,"_timestamp":1.7565748104199598e+09,"evaluate_accuracy":0.372,"_runtime":23}