{"evaluate_accuracy":0.1712,"evaluate_loss":2.103860628604889,"train_loss":7.654076069023959,"_runtime":26,"_step":2,"_timestamp":1.7571522858438103e+09,"_wandb":{"runtime":26}}