{"evaluate_accuracy":0.3784,"train_loss":8.445268132124736,"EXP_107_N8_R4_E5_CLIENT_07_status":0,"_runtime":55,"_wandb":{"runtime":55},"evaluate_loss":1.6980155438184739,"_step":7,"_timestamp":1.756575306306383e+09}