{"_step":21,"_timestamp":1.7478331144286869e+09,"_wandb":{"runtime":79776187},"evaluate_accuracy":0.3844,"evaluate_loss":1.676172162913069,"train_loss":3.435840191932532,"_runtime":7.977618619856043e+07}