{"_wandb":{"runtime":153},"evaluate_accuracy":0.3248,"evaluate_loss":1.7785379946231843,"train_loss":7.196435447711094,"_runtime":153,"_step":7,"_timestamp":1.7571524071418908e+09}