{"_step":0,"_wandb":{"runtime":15},"train_loss":3.4195109377090307,"_timestamp":1.7477459419642577e+09,"_runtime":15.860069284}