{"_timestamp":1.7564906436679552e+09,"_wandb":{"runtime":18},"evaluate_accuracy":0.33993399339933994,"evaluate_loss":1.7554768734964832,"train_loss":5.457096861119856,"_runtime":18,"_step":4}