{"_timestamp":1.7492056530072067e+09,"_wandb":{"runtime":104},"evaluate_accuracy":0.0982,"evaluate_loss":2.336890603326688,"train_loss":3.478307840156555,"_runtime":104.919466044,"_step":2}