{"_wandb":{"runtime":24},"evaluate_accuracy":0.3296,"evaluate_loss":1.7450200617313385,"EXP_108_N8_R5_E5_CLIENT_07_status":0,"train_loss":8.54615918921817,"_runtime":24,"_step":6,"_timestamp":1.7565758966467376e+09}