{"train_loss":4.896839216875192,"EXP_098_N4_R4_E3_CLIENT_03_status":0,"_runtime":18,"evaluate_loss":1.5831868286374249,"_step":8,"_timestamp":1.7565712468379962e+09,"_wandb":{"runtime":18},"evaluate_accuracy":0.426}