{"_runtime":30200.181467909,"_step":9,"_timestamp":1.754179105438703e+09,"_wandb":{"runtime":30200},"evaluate_accuracy":0.458,"evaluate_loss":1.502449606038347,"train_loss":10.634964347647404}