{"evaluate_loss":1.74913469851017,"EXP_091_N8_R4_E5_CLIENT_01_status":0,"_step":9,"_timestamp":1.756551357742941e+09,"evaluate_accuracy":0.36,"train_loss":7.863974341161692,"_runtime":64,"_wandb":{"runtime":64}}