{"_step":2,"_timestamp":1.7542124855363288e+09,"_wandb":{"runtime":194},"evaluate_accuracy":0.09448110377924417,"evaluate_loss":2.3308141867319745,"train_loss":8.75186162600986,"_runtime":194.946770394}