{"_runtime":445.097763317,"_step":4,"_timestamp":1.7542162457662647e+09,"_wandb":{"runtime":445},"evaluate_accuracy":0.1928,"evaluate_loss":2.298027684416952,"train_loss":5.347323979813451}