{"evaluate_loss":1.7579080551862716,"train_loss":8.472587034960462,"_runtime":477.192463432,"_step":6,"_timestamp":1.7571544906240046e+09,"_wandb":{"runtime":477},"evaluate_accuracy":0.3312}