{"train_loss":5.700029703924696,"_timestamp":1.7492149188618565e+09,"_runtime":21.000585804,"_step":0,"_wandb":{"runtime":21}}