{"_wandb":{"runtime":10},"evaluate_accuracy":0.336,"evaluate_loss":1.7894156090915203,"train_loss":5.83170034122467,"_runtime":10,"_step":3,"_timestamp":1.7564901837404213e+09}