{"_step":7,"_timestamp":1.756545444900495e+09,"_wandb":{"runtime":4},"evaluate_accuracy":0.4169166166766647,"evaluate_loss":1.5502776424839813,"EXP_080_N6_R4_E3_CLIENT_05_status":0,"_runtime":4}