{"evaluate_accuracy":0.3384,"evaluate_loss":1.784212510797042,"train_loss":5.318631047257981,"_runtime":2002.072877796,"_step":6,"_timestamp":1.754216731642147e+09,"_wandb":{"runtime":2002}}