{"train_loss":7.186017474968085,"_runtime":270.212489238,"_step":3,"_timestamp":1.7494660271818023e+09,"_wandb":{"runtime":270},"evaluate_accuracy":0.23695260947810437,"evaluate_loss":1.9830390192213512}