{"evaluate_loss":1.7430569633604989,"train_loss":5.662762751579285,"_runtime":13,"_timestamp":1.7565715658584688e+09,"evaluate_accuracy":0.3365,"EXP_099_N5_R4_E3_CLIENT_02_status":0,"_step":4,"_wandb":{"runtime":13}}