{"EXP_110_N8_R5_E4_CLIENT_04_status":0,"_runtime":296,"train_loss":6.495097447352804,"_step":8,"_timestamp":1.7571498093453062e+09,"_wandb":{"runtime":296},"evaluate_accuracy":0.3856,"evaluate_loss":1.6704606741666794}