{"_step":3,"EXP_106_N8_R5_E4_CLIENT_05_status":0,"_runtime":45,"_timestamp":1.7565747428785665e+09,"_wandb":{"runtime":45},"evaluate_accuracy":0.1016,"evaluate_loss":2.307968330383301,"train_loss":7.737202084747849}