{"_step":6,"_timestamp":1.7571557279246564e+09,"_wandb":{"runtime":147},"evaluate_accuracy":0.3464,"evaluate_loss":1.7025784522294998,"train_loss":9.095254952740518,"_runtime":147}