{"_timestamp":1.7545868110097554e+09,"_wandb":{"runtime":813},"evaluate_accuracy":0.28254349130173967,"evaluate_loss":1.9400168994687639,"train_loss":10.589365547353571,"_runtime":813.654271898,"_step":3}