{"_wandb":{"runtime":0},"_runtime":0,"_step":1,"EXP_110_N8_R5_E4_CLIENT_07_status":0,"_timestamp":1.7571494849523885e+09,"evaluate_loss":2.3005747318267824,"evaluate_accuracy":0.0888}