{"_step":9,"evaluate_loss":1.601711140403265,"train_loss":4.844056298557562,"_runtime":61,"_timestamp":1.7565712296113148e+09,"_wandb":{"runtime":61},"evaluate_accuracy":0.4076,"EXP_098_N4_R4_E3_CLIENT_01_status":0}