{"evaluate_loss":1.8264259951455253,"train_loss":7.294770370483398,"_runtime":1202.103710958,"_step":5,"_timestamp":1.756310033770021e+09,"_wandb":{"runtime":1202},"evaluate_accuracy":0.3075}