{"_wandb":{"runtime":23},"train_loss":5.6582334959249705,"_timestamp":1.7542108136507049e+09,"_runtime":23.92634913,"_step":0}