{"evaluate_loss":2.0824745779945735,"train_loss":7.478819440841675,"_runtime":251.590361139,"_step":3,"_timestamp":1.7563099703911533e+09,"_wandb":{"runtime":251},"evaluate_accuracy":0.208}