{"_step":0,"_wandb":{"runtime":19},"_runtime":19.408892823,"train_loss":11.520658646583557,"_timestamp":1.7571720609032762e+09}