{"train_loss":7.618144464340939,"_step":2,"_timestamp":1.7565742320183153e+09,"_wandb":{"runtime":21},"evaluate_accuracy":0.0984,"evaluate_loss":2.318165063858032,"EXP_105_N8_R4_E4_CLIENT_06_status":0,"_runtime":21}