{"evaluate_loss":2.3211917718251547,"evaluate_accuracy":0.10287942411517696,"_runtime":48.404947806,"_step":1,"_timestamp":1.7494643977514834e+09,"_wandb":{"runtime":48},"train_loss":5.922907262111454}