{"_step":0,"_wandb":{"runtime":23},"train_loss":4.610689392852783,"_timestamp":1.7541295824678617e+09,"_runtime":23.053012162}