{"_step":0,"_wandb":{"runtime":61},"train_loss":9.85273313408263,"_timestamp":1.75417437254971e+09,"_runtime":61.043072632}