{"_wandb":{"runtime":21},"_step":0,"train_loss":5.792971179127313,"_timestamp":1.7542171321980822e+09,"_runtime":21.994701271}