{"train_loss":5.465521169336219,"_runtime":21,"_step":4,"_timestamp":1.7564906440676885e+09,"_wandb":{"runtime":21},"evaluate_accuracy":0.3333333333333333,"evaluate_loss":1.7725736190532815}