{"evaluate_loss":2.338867223262787,"evaluate_accuracy":0.0944,"_runtime":17,"_step":2,"_timestamp":1.756573345897376e+09,"_wandb":{"runtime":17},"train_loss":6.110591889946324,"EXP_103_N8_R4_E3_CLIENT_05_status":0}