{"_timestamp":1.7478282944165595e+09,"_runtime":2.934632031,"_step":0,"_wandb":{"runtime":2},"evaluate_loss":1.7548024669574325,"evaluate_accuracy":0.3412}