{"evaluate_accuracy":0.26094781043791243,"evaluate_loss":1.8963077540667552,"train_loss":7.311957823032397,"_runtime":2301.897661371,"_step":5,"_timestamp":1.7545848538836646e+09,"_wandb":{"runtime":2301}}