{"_wandb":{"runtime":31},"evaluate_accuracy":0.3312,"_timestamp":1.7565513576890874e+09,"evaluate_loss":1.7521423667669296,"train_loss":8.233513731865367,"EXP_091_N8_R4_E5_CLIENT_04_status":0,"_runtime":31,"_step":7}