{"loss":1.288728952407837,"epoch":2,"accuracy":0.65625,"_timestamp":1.7458608094494703e+09,"_runtime":33.235805922,"_wandb":{"runtime":33},"_step":1874}