{"_wandb":{"runtime":440},"evaluate_accuracy":0.1949610077984403,"evaluate_loss":2.1567764531998406,"train_loss":9.300017651608236,"_runtime":440.668185165,"_step":3,"_timestamp":1.7542129405098581e+09}