{"evaluate_accuracy":0.248,"train_loss":8.550136517567239,"_runtime":29,"_timestamp":1.7565475348222725e+09,"evaluate_loss":1.920304998755455,"EXP_086_N8_R4_E5_CLIENT_05_status":0,"_step":5,"_wandb":{"runtime":29}}