{"_timestamp":1.756568385231793e+09,"_wandb":{"runtime":21},"train_loss":5.74473359058801,"evaluate_loss":2.3025433381398517,"evaluate_accuracy":0.13017396520695862,"EXP_093_N3_R3_E3_CLIENT_02_status":0,"_runtime":21,"_step":2}