{"_wandb":{"runtime":1},"evaluate_accuracy":0.3248,"evaluate_loss":1.790478664636612,"EXP_085_N8_R4_E4_CLIENT_06_status":0,"_runtime":1,"_step":5,"_timestamp":1.756547143924189e+09}