{"evaluate_loss":2.302951508760452,"evaluate_accuracy":0.0976,"_step":1,"EXP_104_N8_R5_E3_CLIENT_08_status":0,"_timestamp":1.7565737397718081e+09,"_wandb":{"runtime":0},"_runtime":0}