{"_step":2,"_timestamp":1.7541744724370105e+09,"_wandb":{"runtime":246},"evaluate_accuracy":0.09598080383923216,"evaluate_loss":2.3428197896705485,"train_loss":9.557888499287326,"_runtime":246.244782619}