{"_step":10,"evaluate_accuracy":0.4264,"train_loss":6.77034763697606,"EXP_109_N8_R5_E4_CLIENT_03_status":0,"_runtime":164,"_timestamp":1.7571490867638264e+09,"_wandb":{"runtime":164},"evaluate_loss":1.5912308722734452}