{"_wandb":{"runtime":108},"train_loss":13.11389364678258,"_runtime":108.467251966,"_step":1,"_timestamp":1.7541787769017599e+09,"evaluate_loss":2.5547840233090557,"evaluate_accuracy":0.098}