{"train_loss":8.005100967023319,"_runtime":106002.231679453,"_step":11,"_timestamp":1.754219310855568e+09,"_wandb":{"runtime":106002},"evaluate_accuracy":0.4148,"evaluate_loss":1.5941742930231215}