{"_timestamp":1.754217203747244e+09,"_wandb":{"runtime":206},"evaluate_accuracy":0.258,"evaluate_loss":1.989160401911675,"train_loss":5.432764162651647,"_runtime":206.068160845,"_step":3}