{"_step":5,"_timestamp":1.756311134213424e+09,"_wandb":{"runtime":1139},"evaluate_accuracy":0.30510846745976206,"evaluate_loss":1.9097669707404243,"train_loss":7.394926504049887,"_runtime":1139.711349282}