{"_runtime":28488.977327582,"_step":8,"_timestamp":1.7542105381591458e+09,"_wandb":{"runtime":28488},"evaluate_accuracy":0.426,"evaluate_loss":1.5684174557400357,"train_loss":10.809262720298767}