{"_runtime":28,"_step":3,"_timestamp":1.7571714905229638e+09,"_wandb":{"runtime":28},"evaluate_accuracy":0.218,"evaluate_loss":2.056964253622388,"train_loss":5.800961545467377}