{"_wandb":{"runtime":20},"train_loss":5.503446361541748,"_runtime":20,"_step":7,"_timestamp":1.756572951483709e+09,"evaluate_accuracy":0.319,"evaluate_loss":1.8424167893826962,"EXP_102_N10_R4_E3_CLIENT_02_status":0}