{"_step":5,"_timestamp":1.7571524056093178e+09,"_wandb":{"runtime":59},"evaluate_accuracy":0.3192,"evaluate_loss":1.7512133866548538,"train_loss":7.539378700742296,"_runtime":59}