{"_step":2,"_timestamp":1.7565500219207807e+09,"_wandb":{"runtime":7},"evaluate_accuracy":0.0928,"evaluate_loss":2.3097937941551208,"EXP_088_N8_R4_E2_CLIENT_08_status":0,"_runtime":7,"train_loss":3.918325651982787}