{"_step":0,"_wandb":{"runtime":29},"train_loss":5.800022430610657,"_timestamp":1.7542062040049613e+09,"_runtime":29.924590817}