{"_step":0,"_wandb":{"runtime":15},"train_loss":3.8994384761051024,"_timestamp":1.747745252718674e+09,"_runtime":15.828840864}