{"_runtime":5.620454648,"_step":0,"_wandb":{"runtime":6},"evaluate_loss":1.8425392037346249,"evaluate_accuracy":0.26514697060587883,"_timestamp":1.7477451539222724e+09}