{"evaluate_accuracy":0.1176,"evaluate_loss":2.316121045191577,"train_loss":7.1193145719528195,"_runtime":201.209782536,"_step":2,"_timestamp":1.7494625879869566e+09,"_wandb":{"runtime":201}}