{"_step":1,"_wandb":{"runtime":0},"_runtime":0,"EXP_084_N8_R4_E3_CLIENT_06_status":0,"_timestamp":1.7565467251592755e+09,"evaluate_loss":2.3435950934886933,"evaluate_accuracy":0.1152}