{"_step":8,"_timestamp":1.7571524700358407e+09,"_wandb":{"runtime":150},"evaluate_accuracy":0.3576,"evaluate_loss":1.7111599028110505,"train_loss":7.022748997257014,"_runtime":150}