{"_timestamp":1.7565499995186946e+09,"_wandb":{"runtime":0},"_runtime":0,"evaluate_loss":2.308136838674545,"evaluate_accuracy":0.0944,"_step":1,"EXP_088_N8_R4_E2_CLIENT_07_status":0}