{"_step":1,"_timestamp":1.7564824007458265e+09,"_wandb":{"runtime":21},"train_loss":6.000523927874458,"evaluate_loss":2.3362672992899447,"evaluate_accuracy":0.096,"_runtime":21}