{"train_loss":12.516971166903218,"_runtime":524.472610034,"_step":3,"_timestamp":1.754220359539893e+09,"_wandb":{"runtime":524},"evaluate_accuracy":0.1952,"evaluate_loss":1.9689284502705442}