{"evaluate_accuracy":0.2496,"evaluate_loss":1.92724067568779,"EXP_086_N8_R4_E5_CLIENT_07_status":0,"_runtime":1,"_step":3,"_timestamp":1.756547507049533e+09,"_wandb":{"runtime":1}}