{"evaluate_accuracy":0.332,"_step":7,"_wandb":{"runtime":20},"evaluate_loss":1.8196206390857697,"train_loss":5.212291947595633,"EXP_104_N8_R5_E3_CLIENT_07_status":0,"_runtime":20,"_timestamp":1.756573858269716e+09}