{"_step":4,"_timestamp":1.7571496582292547e+09,"train_loss":6.8719615435144705,"_wandb":{"runtime":31},"evaluate_accuracy":0.252,"evaluate_loss":1.8823619931936264,"EXP_110_N8_R5_E4_CLIENT_08_status":0,"_runtime":31}