{"_wandb":{"runtime":24},"evaluate_accuracy":0.315,"evaluate_loss":1.7810460180044174,"train_loss":5.551169913291931,"_runtime":24,"_step":4,"_timestamp":1.7564901836552448e+09}