{"evaluate_loss":1.9772105322608464,"train_loss":9.315339833783646,"_runtime":1572.079297943,"_step":5,"_timestamp":1.7542180032579865e+09,"_wandb":{"runtime":1572},"evaluate_accuracy":0.2516}