{"_runtime":6.738362240167664e+08,"_step":22,"_timestamp":1.747833707153188e+09,"_wandb":{"runtime":673836224},"evaluate_accuracy":0.32003599280143974,"evaluate_loss":1.7506984574454172,"train_loss":3.45101201276985}