{"train_loss":9.19124704047133,"_timestamp":1.754177051260193e+09,"_runtime":36.153086057,"_step":0,"_wandb":{"runtime":36}}