{"evaluate_accuracy":0.1816,"evaluate_loss":2.1765852638437777,"train_loss":12.918906954149849,"_runtime":538.44697559,"_step":3,"_timestamp":1.7541780683305976e+09,"_wandb":{"runtime":538}}