{"evaluate_accuracy":0.1211031175059952,"_step":1,"_timestamp":1.756491047181771e+09,"_wandb":{"runtime":14},"train_loss":5.943643316768465,"_runtime":14,"evaluate_loss":2.385309758009734}