{"_step":0,"_wandb":{"runtime":37},"_runtime":37.261852811,"train_loss":9.246000717399985,"_timestamp":1.7571553559870014e+09}