{"evaluate_loss":1.7431438210644299,"train_loss":8.350176031216265,"_runtime":1790.084848897,"_step":5,"_timestamp":1.75417308901965e+09,"_wandb":{"runtime":1790},"evaluate_accuracy":0.3404}