{"_runtime":472.373701927,"_step":3,"_timestamp":1.7542125045470586e+09,"_wandb":{"runtime":472},"evaluate_accuracy":0.28104379124175166,"evaluate_loss":1.8613451117560977,"train_loss":8.459931864441156}