{"_runtime":24.090494103,"_step":0,"_wandb":{"runtime":24},"train_loss":6.9119978648581375,"_timestamp":1.7542112134750948e+09}