{"_wandb":{"runtime":7},"loss":2.0599564768019176,"accuracy":0.21685662867426514,"_timestamp":1.7477399034841251e+09,"_runtime":7.199091068,"_step":0}