{"_wandb":{"runtime":47},"_runtime":47.403715439,"_step":0,"train_loss":9.132711166958158,"_timestamp":1.7542124097103777e+09}