{"_wandb":{"runtime":17},"train_loss":6.181494837353943,"evaluate_loss":2.3042493879795076,"evaluate_accuracy":0.0976,"EXP_104_N8_R5_E3_CLIENT_03_status":0,"_runtime":17,"_step":2,"_timestamp":1.7565737356404986e+09}