{"_timestamp":1.7492059298574896e+09,"_wandb":{"runtime":208},"evaluate_accuracy":0.092,"evaluate_loss":2.304479307429806,"train_loss":4.607811540985107,"_runtime":208.912223914,"_step":3}