{"_timestamp":1.7541729951241465e+09,"_wandb":{"runtime":214},"evaluate_accuracy":0.104,"evaluate_loss":2.514018982271605,"train_loss":8.796138168523868,"_runtime":214.214723186,"_step":2}