{"evaluate_loss":2.3177064098889315,"train_loss":7.124814673734549,"_runtime":116.94592149100001,"_step":2,"_timestamp":1.7563139362535837e+09,"_wandb":{"runtime":116},"evaluate_accuracy":0.096}