{"_runtime":69585.3940968,"_step":10,"_timestamp":1.754585673497503e+09,"_wandb":{"runtime":69585},"evaluate_accuracy":0.3863227354529094,"evaluate_loss":1.608654042459884,"train_loss":6.248126065331783}