{"_wandb":{"runtime":8},"_runtime":8.660625786,"train_loss":5.9507096451558885,"_timestamp":1.7564892168001564e+09,"_step":0}