{"evaluate_loss":2.5203456727285234,"evaluate_accuracy":0.106,"_runtime":14,"_step":2,"_timestamp":1.7565715232540045e+09,"_wandb":{"runtime":14},"train_loss":5.996135981559753,"EXP_099_N5_R4_E3_CLIENT_01_status":0}