{"_runtime":172,"_step":3,"_timestamp":1.7571495913652015e+09,"_wandb":{"runtime":172},"evaluate_accuracy":0.096,"evaluate_loss":2.2869196951389315,"train_loss":7.54603966937703,"EXP_110_N8_R5_E4_CLIENT_03_status":0}