{"_timestamp":1.7564896540880146e+09,"_step":0,"_wandb":{"runtime":0},"_runtime":0,"evaluate_loss":2.3119393416813443,"evaluate_accuracy":0.08992805755395683}