{"_runtime":5094.895561748,"_step":7,"_timestamp":1.7542064332685118e+09,"_wandb":{"runtime":5094},"evaluate_accuracy":0.4002,"evaluate_loss":1.6252153641099383,"train_loss":5.000667583465576}