{"_runtime":27.922978739,"_step":1,"_timestamp":1.7478305235265398e+09,"_wandb":{"runtime":28},"evaluate_loss":2.2329906430214073,"evaluate_accuracy":0.1584,"train_loss":3.812439546775818}