{"train_loss":8.47026656513214,"_runtime":2082.887157071,"_step":5,"_timestamp":1.7542079279835641e+09,"_wandb":{"runtime":2082},"evaluate_accuracy":0.3628,"evaluate_loss":1.6687486688042903}