{"_runtime":302.362774518,"_step":3,"_timestamp":1.7545827155972004e+09,"_wandb":{"runtime":302},"evaluate_accuracy":0.1116,"evaluate_loss":2.3217116277429124,"train_loss":7.398411513517459}