{"evaluate_loss":1.8871191948652268,"train_loss":5.681512710395133,"_runtime":18,"_step":5,"evaluate_accuracy":0.2792,"EXP_100_N8_R4_E3_CLIENT_01_status":0,"_timestamp":1.7565720422973137e+09,"_wandb":{"runtime":18}}