{"_runtime":1155.388017223,"_step":4,"_timestamp":1.7545848359436772e+09,"_wandb":{"runtime":1155},"evaluate_accuracy":0.1943611277744451,"evaluate_loss":2.103683404202731,"train_loss":7.348842703554618}