{"_step":4,"_timestamp":1.7542135909787805e+09,"_wandb":{"runtime":934},"evaluate_accuracy":0.23545290941811636,"evaluate_loss":2.0369047755286807,"train_loss":8.160318139073945,"_runtime":934.563311539}