{"evaluate_accuracy":0.34853029394121177,"evaluate_loss":1.7741974412270312,"train_loss":3.659950281444349,"EXP_079_N6_R4_E2_CLIENT_03_status":0,"_runtime":23,"_step":8,"_timestamp":1.7565450936397753e+09,"_wandb":{"runtime":23}}