{"evaluate_accuracy":0.4128,"evaluate_loss":1.5726765364408493,"_runtime":196,"_step":10,"train_loss":6.846877040377088,"EXP_110_N8_R5_E4_CLIENT_06_status":0,"_timestamp":1.7571498234084506e+09,"_wandb":{"runtime":196}}