{"_step":4,"_wandb":{"runtime":8},"evaluate_accuracy":0.2615476904619076,"train_loss":4.083316055211154,"_timestamp":1.7565438493351464e+09,"evaluate_loss":1.9354234214098949,"EXP_078_N6_R3_E2_CLIENT_02_status":0,"_runtime":8}