{"train_loss":3.595621976063406,"_runtime":174.373300949,"_step":3,"_timestamp":1.7494631169882035e+09,"_wandb":{"runtime":174},"evaluate_accuracy":0.20305938812237553,"evaluate_loss":2.185434671810695}