{"_timestamp":1.7541771406025898e+09,"_wandb":{"runtime":388},"evaluate_accuracy":0.1716,"evaluate_loss":2.239574524420726,"train_loss":9.079186848558177,"_runtime":388.242577235,"_step":3}