{"_wandb":{"runtime":7094},"evaluate_accuracy":0.4148,"evaluate_loss":1.577061795735661,"train_loss":9.861792517165409,"_runtime":7094.033857749,"_step":7,"_timestamp":1.754584143567708e+09}