{"train_loss":3.680437599154685,"_runtime":1.004281386564538e+08,"_step":25,"_timestamp":1.7478336257223883e+09,"_wandb":{"runtime":100428139},"evaluate_accuracy":0.2483503299340132,"evaluate_loss":1.8800509668531873}