{"_step":2,"_timestamp":1.754209554157799e+09,"_wandb":{"runtime":343},"evaluate_accuracy":0.092,"evaluate_loss":2.460923696019847,"train_loss":12.014299901008606,"_runtime":343.686462019}