{"_timestamp":1.7541512457516348e+09,"_runtime":43.007597843,"_step":0,"_wandb":{"runtime":43},"train_loss":5.349859287261963,"client_name":"EXP_004_N2_R4_E3_CLIENT_01","partition_id":0}