{"train_loss":8.692300688171386,"_runtime":2112.871698776,"_step":5,"_timestamp":1.7542075450811334e+09,"_wandb":{"runtime":2112},"evaluate_accuracy":0.306,"evaluate_loss":1.7586946608913931}