{"EXP_100_N8_R4_E3_CLIENT_03_status":0,"_runtime":38,"_step":11,"_wandb":{"runtime":38},"evaluate_accuracy":0.4128,"evaluate_loss":1.6447109162807465,"_timestamp":1.756572122653978e+09,"train_loss":5.04934654949577}