{"_wandb":{"runtime":185},"evaluate_accuracy":0.0968,"evaluate_loss":2.3881484013569505,"train_loss":9.491190966706688,"_runtime":185.13332996,"_step":2,"_timestamp":1.7542179117122827e+09}