{"train_loss":7.04443958914204,"_wandb":{"runtime":42},"evaluate_loss":1.651851198077202,"EXP_106_N8_R5_E4_CLIENT_06_status":0,"_runtime":42,"_step":9,"_timestamp":1.7565748667151644e+09,"evaluate_accuracy":0.3976}