{"evaluate_accuracy":0.1164,"evaluate_loss":2.319690595699262,"train_loss":6.850593627070467,"_runtime":630.135706208,"_step":4,"_timestamp":1.7545827612289991e+09,"_wandb":{"runtime":630}}