{"_step":5,"_timestamp":1.7545869301689727e+09,"_wandb":{"runtime":3385},"evaluate_accuracy":0.3353329334133173,"evaluate_loss":1.7153654076018423,"train_loss":10.134222106500106,"_runtime":3385.551071473}