{"_runtime":268.000962593,"_step":2,"_timestamp":1.7542210364022512e+09,"_wandb":{"runtime":268},"evaluate_accuracy":0.0968,"evaluate_loss":2.3495116807237455,"train_loss":12.694335645760972}