{"train_loss":9.207671656608582,"_runtime":139.966391369,"_step":1,"_timestamp":1.754173660602267e+09,"evaluate_loss":2.3018371491205123,"evaluate_accuracy":0.093,"_wandb":{"runtime":140}}