{"_runtime":26386.288264901,"_step":9,"_timestamp":1.7541773468551154e+09,"_wandb":{"runtime":26386},"evaluate_accuracy":0.3908,"evaluate_loss":1.6470238106160224,"train_loss":8.171958274353807}