{"_runtime":141.429047363,"_step":2,"_timestamp":1.7563099486244657e+09,"_wandb":{"runtime":141},"evaluate_accuracy":0.123,"evaluate_loss":2.285517643368433,"train_loss":7.4691367049217225}