{"_timestamp":1.7479230581516697e+09,"_wandb":{"runtime":4294967315},"evaluate_accuracy":0.3872225554889022,"evaluate_loss":1.657687841142927,"train_loss":3.8647256546455035,"_runtime":4.294967315267958e+09,"_step":26}