{"_runtime":34,"_step":9,"_timestamp":1.7565725438208218e+09,"_wandb":{"runtime":34},"evaluate_loss":1.8763196672712052,"train_loss":5.224017963134985,"evaluate_accuracy":0.28352835283528355,"EXP_101_N9_R4_E3_CLIENT_04_status":0}