{"_wandb":{"runtime":47},"evaluate_loss":1.74913469851017,"train_loss":8.582062853369743,"EXP_091_N8_R4_E5_CLIENT_01_status":0,"_step":8,"_timestamp":1.7565513268470278e+09,"evaluate_accuracy":0.36,"_runtime":47}