{"evaluate_loss":1.853608733131772,"train_loss":4.99822770605842,"_step":6,"_wandb":{"runtime":64},"EXP_093_N3_R3_E3_CLIENT_02_status":0,"_runtime":64,"_timestamp":1.756568477597905e+09,"evaluate_accuracy":0.28644271145770844}