{"_step":0,"train_loss":4.607910082244873,"_wandb":{"runtime":27},"_timestamp":1.7478305081452556e+09,"_runtime":27.954427605}