{"_step":2,"_timestamp":1.7571487882470102e+09,"_wandb":{"runtime":27},"evaluate_loss":2.310767960548401,"evaluate_accuracy":0.1216,"train_loss":7.739457496412241,"EXP_109_N8_R5_E4_CLIENT_05_status":0,"_runtime":27}