{"train_loss":12.999520179943536,"_runtime":446.238267106,"_step":3,"_timestamp":1.7541780687171774e+09,"_wandb":{"runtime":446},"evaluate_accuracy":0.1704,"evaluate_loss":2.1743556276152405}