{"_timestamp":1.754213585083051e+09,"_wandb":{"runtime":941},"evaluate_accuracy":0.2456508698260348,"evaluate_loss":2.017456235204424,"train_loss":8.338855818021212,"_runtime":941.13759013,"_step":4}