{"_wandb":{"runtime":18},"evaluate_accuracy":0.1144,"train_loss":6.915814619914741,"evaluate_loss":2.3020936787128448,"EXP_084_N8_R4_E3_CLIENT_03_status":0,"_runtime":18,"_step":7,"_timestamp":1.7565468096698775e+09}