{"_step":2,"_timestamp":1.754172349707672e+09,"_wandb":{"runtime":213},"evaluate_accuracy":0.10137972405518896,"evaluate_loss":2.3253930795760382,"train_loss":8.938212883558204,"_runtime":213.170260607}