{"_wandb":{"runtime":67175},"evaluate_accuracy":0.4228,"evaluate_loss":1.5504824405984037,"train_loss":10.532368181993405,"_runtime":67175.181446905,"_step":10,"_timestamp":1.7542213725717146e+09}