{"_wandb":{"runtime":211},"evaluate_accuracy":0.2698,"evaluate_loss":1.9613140836642806,"train_loss":3.592574864006042,"_runtime":211.035330244,"_step":3,"_timestamp":1.749203518093419e+09}