{"_wandb":{"runtime":659},"evaluate_accuracy":0.2129574085182963,"evaluate_loss":2.1228278268058345,"train_loss":6.933955746404292,"_runtime":659.231732729,"_step":4,"_timestamp":1.754585408988655e+09}