{"evaluate_accuracy":0.4096,"evaluate_loss":1.5930593436277365,"train_loss":7.986315847204897,"_runtime":103705.969004773,"_step":11,"_timestamp":1.7542193119626803e+09,"_wandb":{"runtime":103706}}