{"_step":1,"_timestamp":1.749460924899954e+09,"_wandb":{"runtime":44},"train_loss":4.6081822341918945,"evaluate_loss":2.3034080760494158,"evaluate_accuracy":0.094,"_runtime":44.790991287}