{"_timestamp":1.7541724485897777e+09,"_wandb":{"runtime":1710},"evaluate_accuracy":0.41241751649670066,"evaluate_loss":1.596624968165443,"train_loss":8.343141017200278,"_runtime":1710.394189521,"_step":5}