{"_step":11,"_timestamp":1.7542213939707327e+09,"_wandb":{"runtime":131674},"evaluate_accuracy":0.458,"evaluate_loss":1.461127662960487,"train_loss":10.573689001627242,"_runtime":131674.295709719}