{"_runtime":240.458113565,"_step":3,"_timestamp":1.7494652058600028e+09,"_wandb":{"runtime":240},"evaluate_accuracy":0.34613077384523094,"evaluate_loss":1.8559505723771594,"train_loss":5.108267076295628}