{"EXP_101_N9_R4_E3_CLIENT_03_status":0,"_runtime":17,"_timestamp":1.7565725604603453e+09,"_wandb":{"runtime":17},"evaluate_accuracy":0.335431654676259,"_step":9,"evaluate_loss":1.7439321415764946,"train_loss":5.309975928539853}