{"train_loss":3.9944329929351805,"_runtime":2490.126446217,"_step":4,"_timestamp":1.747832349437413e+09,"_wandb":{"runtime":2490},"evaluate_accuracy":0.092,"evaluate_loss":2.27872983366251}