{"_runtime":44.732280286,"_step":1,"evaluate_loss":2.5853126843770347,"evaluate_accuracy":0.10197960407918416,"_timestamp":1.7492153769141147e+09,"_wandb":{"runtime":44},"train_loss":5.716028347861567}