{"train_loss":3.7502121090129683,"EXP_088_N8_R4_E2_CLIENT_07_status":0,"_wandb":{"runtime":13},"evaluate_accuracy":0.1776,"evaluate_loss":2.13910296857357,"_runtime":13,"_step":5,"_timestamp":1.756550058755142e+09}