{"_runtime":4.294967317999108e+09,"_step":36,"_timestamp":1.747920341491535e+09,"_wandb":{"runtime":4294967317},"evaluate_accuracy":0.2496,"evaluate_loss":2.0539974156458665,"train_loss":3.4959823221206663}