{"_timestamp":1.749462536214429e+09,"_wandb":{"runtime":79},"train_loss":7.312917525482177,"evaluate_loss":2.313457894477115,"evaluate_accuracy":0.1106,"_runtime":79.049264162,"_step":1}