{"train_loss":9.076362856634104,"_wandb":{"runtime":32},"evaluate_loss":1.916923490166664,"EXP_086_N8_R4_E5_CLIENT_01_status":0,"_runtime":32,"_step":5,"_timestamp":1.756547506200614e+09,"evaluate_accuracy":0.2824}