{"_wandb":{"runtime":7},"evaluate_accuracy":0.1056,"_runtime":7,"evaluate_loss":2.3075043618679048,"train_loss":4.101731625332195,"EXP_090_N8_R4_E2_CLIENT_02_status":0,"_step":4,"_timestamp":1.7565508960370593e+09}