{"evaluate_loss":1.4696976293491413,"train_loss":10.470060677193224,"_runtime":537499.936441874,"_step":13,"_timestamp":1.7542214765479596e+09,"_wandb":{"runtime":537499},"evaluate_accuracy":0.4696}