{"_runtime":590.982909487,"_step":4,"_timestamp":1.7545827555203853e+09,"_wandb":{"runtime":590},"evaluate_accuracy":0.1148,"evaluate_loss":2.3211402078218097,"train_loss":6.94953322943788}