{"EXP_087_N8_R4_E2_CLIENT_04_status":0,"_runtime":12,"_step":5,"_timestamp":1.7565484379050515e+09,"evaluate_accuracy":0.2352,"evaluate_loss":1.921132653951645,"_wandb":{"runtime":12},"train_loss":3.913885657954368}