{"evaluate_accuracy":0.1152,"evaluate_loss":2.33835232257843,"EXP_086_N8_R4_E5_CLIENT_05_status":0,"_runtime":16,"_step":2,"train_loss":9.225655059905568,"_timestamp":1.7565474903937414e+09,"_wandb":{"runtime":16}}