{"_runtime":11,"_step":4,"_timestamp":1.7565729072167559e+09,"evaluate_loss":2.024525720626116,"EXP_102_N10_R4_E3_CLIENT_10_status":0,"_wandb":{"runtime":11},"evaluate_accuracy":0.208,"train_loss":5.964358359336853}