{"evaluate_loss":1.6521536786601227,"train_loss":6.410949553028819,"_runtime":17384.157218858,"_step":8,"_timestamp":1.7545855906270227e+09,"_wandb":{"runtime":17384},"evaluate_accuracy":0.3695260947810438}