{"_timestamp":1.7477459645380485e+09,"_runtime":1.9919590299999999,"_step":0,"evaluate_loss":1.639580302011399,"evaluate_accuracy":0.3977204559088182,"_wandb":{"runtime":2}}