{"_wandb":{"runtime":20},"_step":0,"train_loss":4.608502810668945,"_timestamp":1.7492056006658573e+09,"_runtime":20.16267832}