{"_timestamp":1.7563095537630885e+09,"_wandb":{"runtime":492},"evaluate_accuracy":0.2584,"evaluate_loss":1.889618559728695,"train_loss":6.8854866831447366,"_runtime":492.202014739,"_step":4}