{"evaluate_accuracy":0.3088,"evaluate_loss":1.8418749034404756,"train_loss":7.283979276183304,"_runtime":126.932901555,"_step":4,"_timestamp":1.7571523915336926e+09,"_wandb":{"runtime":126}}