{"_timestamp":1.7565720265780334e+09,"_wandb":{"runtime":18},"evaluate_accuracy":0.104,"evaluate_loss":2.2973716795444488,"train_loss":5.847742120171808,"EXP_100_N8_R4_E3_CLIENT_03_status":0,"_runtime":18,"_step":3}