{"evaluate_loss":2.317466452151914,"train_loss":7.170889519274044,"_runtime":288.342638367,"_step":3,"_timestamp":1.7545827156873505e+09,"_wandb":{"runtime":288},"evaluate_accuracy":0.1128}