{"_runtime":0,"_timestamp":1.757172081892598e+09,"_step":0,"evaluate_loss":2.3704495732746427,"evaluate_accuracy":0.1185,"_wandb":{"runtime":0}}