{"evaluate_loss":2.011668342464375,"_runtime":9,"_step":4,"train_loss":3.784606919904645,"EXP_079_N6_R4_E2_CLIENT_06_status":0,"_timestamp":1.7565450579647384e+09,"_wandb":{"runtime":9},"evaluate_accuracy":0.22855428914217157}