{"evaluate_accuracy":0.2224,"train_loss":7.682153865789911,"EXP_106_N8_R5_E4_CLIENT_02_status":0,"_runtime":32,"_timestamp":1.7565747567796974e+09,"_wandb":{"runtime":32},"evaluate_loss":2.0149472266435624,"_step":5}