{"_step":3,"_timestamp":1.7492145393497262e+09,"_wandb":{"runtime":164},"evaluate_accuracy":0.3260347930413917,"evaluate_loss":1.8443051587967645,"train_loss":3.5425862085333257,"_runtime":164.180128924}