{"_runtime":30,"_step":3,"_wandb":{"runtime":30},"evaluate_accuracy":0.1724,"_timestamp":1.7565711378787897e+09,"evaluate_loss":2.215453464773637,"train_loss":5.1701615686995535,"EXP_098_N4_R4_E3_CLIENT_01_status":0}