{"_timestamp":1.7564901823953702e+09,"_wandb":{"runtime":11},"evaluate_accuracy":0.326,"evaluate_loss":1.8076190128922462,"train_loss":5.474529402732849,"_runtime":11,"_step":3}