{"EXP_084_N8_R4_E3_CLIENT_07_status":0,"_runtime":18,"_step":7,"_timestamp":1.7565468330894692e+09,"_wandb":{"runtime":18},"evaluate_accuracy":0.1032,"evaluate_loss":2.3031580686569213,"train_loss":6.910735153088904}