{"evaluate_loss":2.2840512139456615,"_runtime":39,"_step":3,"evaluate_accuracy":0.11067786442711458,"train_loss":5.40481501917759,"EXP_097_N3_R4_E3_CLIENT_02_status":0,"_timestamp":1.7565707637232807e+09,"_wandb":{"runtime":39}}