{"_runtime":65.982903495,"_step":2,"_timestamp":1.7541541453048844e+09,"_wandb":{"runtime":65},"evaluate_accuracy":0.1096,"evaluate_loss":2.3107223148587384,"train_loss":3.801595454017956}