{"evaluate_accuracy":0.2168,"evaluate_loss":1.9908041685819626,"EXP_106_N8_R5_E4_CLIENT_08_status":0,"_runtime":0,"_step":3,"_timestamp":1.7565747580395248e+09,"_wandb":{"runtime":0}}