{"_wandb":{"runtime":497},"evaluate_accuracy":0.35482903419316136,"evaluate_loss":1.856424877757118,"train_loss":4.941930597348751,"_runtime":497.891400019,"_step":4,"_timestamp":1.749465244675355e+09}