{"train_loss":3.5122732292175294,"_runtime":1784.160293863,"_step":6,"_timestamp":1.7541530278080318e+09,"_wandb":{"runtime":1784},"evaluate_accuracy":0.1494,"evaluate_loss":2.2778625351608177}