{"_timestamp":1.757151413582131e+09,"_wandb":{"runtime":224},"evaluate_accuracy":0.1888,"evaluate_loss":2.1386026203632356,"train_loss":6.902266632979083,"_runtime":224.663206932,"_step":3}