{"evaluate_accuracy":0.105,"evaluate_loss":2.390185260468987,"train_loss":9.070071483612061,"_runtime":311.351460701,"_step":2,"_timestamp":1.7542074284719934e+09,"_wandb":{"runtime":311}}