{"_wandb":{"runtime":60},"train_loss":7.426741676970412,"_runtime":60.374927861,"_step":1,"_timestamp":1.7545826506112506e+09,"evaluate_loss":2.3811518844169908,"evaluate_accuracy":0.0956}