{"_wandb":{"runtime":12092},"evaluate_accuracy":0.394,"evaluate_loss":1.6786064090608042,"train_loss":8.217636103828113,"_runtime":12092.222192453,"_step":8,"_timestamp":1.7542185886505089e+09}