{"evaluate_loss":2.3264760804024474,"evaluate_accuracy":0.1082,"_timestamp":1.7478281864659197e+09,"_runtime":2.99457041,"_step":0,"_wandb":{"runtime":3}}