{"_runtime":2627.631375714,"_step":5,"_timestamp":1.7541745950252795e+09,"_wandb":{"runtime":2627},"evaluate_accuracy":0.28434313137372524,"evaluate_loss":1.8370106895014924,"train_loss":9.215559612050582}