{"evaluate_loss":1.7317377984523774,"EXP_085_N8_R4_E4_CLIENT_05_status":0,"_step":9,"_wandb":{"runtime":24},"train_loss":7.334556258408127,"_runtime":24,"_timestamp":1.7565471857685623e+09,"evaluate_accuracy":0.364}