{"evaluate_accuracy":0.1464,"evaluate_loss":2.2930310726165772,"train_loss":6.140363232345338,"EXP_103_N8_R4_E3_CLIENT_02_status":0,"_runtime":13,"_timestamp":1.756573402277171e+09,"_wandb":{"runtime":13},"_step":4}