{"train_loss":3.812439546775818,"_timestamp":1.7478305059918237e+09,"_wandb":{"runtime":25},"_runtime":25.173575019,"_step":0}