{"evaluate_accuracy":0.421,"evaluate_loss":1.592182513267275,"train_loss":5.595100143432617,"_runtime":32,"_step":5,"_timestamp":1.7571718693827858e+09,"_wandb":{"runtime":32}}