{"_timestamp":1.7571720639124727e+09,"_wandb":{"runtime":21},"_runtime":21.636578389,"_step":0,"train_loss":9.15913863992691}