{"_wandb":{"runtime":2560},"evaluate_accuracy":0.39532093581283745,"evaluate_loss":1.661693110920134,"train_loss":3.378099361483714,"_runtime":2560.499962853,"_step":7,"_timestamp":1.749463839764488e+09}