{"train_loss":9.124455555940209,"_runtime":372.40129201,"_step":3,"_timestamp":1.7542184001065197e+09,"_wandb":{"runtime":372},"evaluate_accuracy":0.1408,"evaluate_loss":2.1543129592002193}