{"evaluate_accuracy":0.099,"_step":1,"client_name":"EXP_002_N2_R4_E2_CLIENT_02","partition_id":1,"train_loss":3.9120011053085326,"evaluate_loss":2.4019493054432473,"_timestamp":1.7541504466942618e+09,"_runtime":43.167364013,"_wandb":{"runtime":43}}