{"_step":11,"_timestamp":1.7542158074319522e+09,"_wandb":{"runtime":171414},"evaluate_accuracy":0.45500899820035995,"evaluate_loss":1.4959602145921616,"train_loss":10.528447071139476,"_runtime":171414.651709667}