{"_wandb":{"runtime":102},"train_loss":7.948125448196557,"evaluate_loss":2.320542311668396,"evaluate_accuracy":0.0984,"_runtime":102,"_step":1,"_timestamp":1.7571522231317136e+09}