{"_timestamp":1.754586158590771e+09,"_wandb":{"runtime":776},"evaluate_accuracy":0.14817036592681462,"evaluate_loss":2.197328414557115,"train_loss":11.287843778372952,"_runtime":775.995768814,"_step":3}