{"_wandb":{"runtime":306},"_runtime":306.804035327,"_timestamp":1.7541509394082458e+09,"train_loss":5.299089649009705,"_step":3,"evaluate_accuracy":0.3598,"evaluate_loss":1.7297741721390159,"client_name":"EXP_003_N2_R3_E3_CLIENT_02","partition_id":1}