{"train_loss":9.456460807820877,"_timestamp":1.7541722820497353e+09,"_runtime":41.960303249,"_wandb":{"runtime":41},"_step":0}