{"_runtime":14,"_step":6,"_wandb":{"runtime":14},"evaluate_loss":1.63367217684549,"train_loss":5.662762751579285,"_timestamp":1.7565716087207916e+09,"evaluate_accuracy":0.409,"EXP_099_N5_R4_E3_CLIENT_02_status":0}