{"_wandb":{"runtime":239},"evaluate_accuracy":0.0972,"evaluate_loss":2.3182487306715567,"train_loss":12.823024656064213,"_runtime":239.231057689,"_step":2,"_timestamp":1.7542198268716567e+09}