{"_runtime":79.061450529,"_step":2,"_timestamp":1.7541541494394724e+09,"_wandb":{"runtime":79},"evaluate_accuracy":0.0968,"evaluate_loss":2.3170508070837093,"train_loss":3.869675753596492}