{"_wandb":{"runtime":10},"evaluate_accuracy":0.1152,"evaluate_loss":2.290058821439743,"train_loss":7.771279794395349,"EXP_085_N8_R4_E4_CLIENT_05_status":0,"_runtime":10,"_step":2,"_timestamp":1.7565470819275048e+09}