{"_wandb":{"runtime":16},"train_loss":4.001210087209011,"_timestamp":1.7477465472274983e+09,"_runtime":16.1424648,"_step":0}