{"_wandb":{"runtime":0},"_runtime":0,"evaluate_accuracy":0.0944,"_timestamp":1.757154083625896e+09,"_step":0,"evaluate_loss":2.393484753370285}