{"_wandb":{"runtime":149},"evaluate_accuracy":0.159,"evaluate_loss":2.2309105942963035,"train_loss":5.212985556793213,"_runtime":149.114060446,"_step":2,"_timestamp":1.7542059033570473e+09}