{"evaluate_loss":1.9416050141370749,"train_loss":9.861792517165407,"_runtime":3546.199088591,"_step":6,"_timestamp":1.7545841181409664e+09,"_wandb":{"runtime":3546},"evaluate_accuracy":0.236}