{"_timestamp":1.754149362096313e+09,"_step":2,"client_name":"EXP_002_Nunknown_R2_E2_CLIENT_02","_wandb":{"runtime":106},"evaluate_accuracy":0.1268,"train_loss":3.7377444856643676,"partition_id":1,"evaluate_loss":2.277420918652966,"_runtime":106.119254154}