{"evaluate_loss":1.6566018104553222,"train_loss":7.3416048607249165,"_runtime":150,"_step":4,"_timestamp":1.7571514284302604e+09,"_wandb":{"runtime":150},"evaluate_accuracy":0.3656}