{"train_loss":6.429187598609924,"_runtime":6666.104341795,"_step":7,"_timestamp":1.749462753454264e+09,"_wandb":{"runtime":6666},"evaluate_accuracy":0.4302,"evaluate_loss":1.5644039151015554}