{"_runtime":0,"_timestamp":1.7564892401205635e+09,"_step":0,"evaluate_loss":2.348959493637085,"evaluate_accuracy":0.104,"_wandb":{"runtime":0}}