{"_step":0,"train_loss":5.5691451062973165,"_timestamp":1.7564633192009568e+09,"_wandb":{"runtime":26},"_runtime":26.407980937}