{"_wandb":{"runtime":44},"evaluate_accuracy":0.109,"evaluate_loss":2.378540288834345,"train_loss":8.907122043132782,"_runtime":44.096697143,"_step":2,"_timestamp":1.757172118140952e+09}