{"_runtime":298520.740914287,"_step":13,"_timestamp":1.754212110186613e+09,"_wandb":{"runtime":298520},"evaluate_accuracy":0.46250749850029993,"evaluate_loss":1.4855531090781802,"train_loss":4.671751428708184}