{"_step":1,"_timestamp":1.7494606774798834e+09,"_wandb":{"runtime":42},"train_loss":3.69087181892395,"evaluate_loss":2.271796474031582,"evaluate_accuracy":0.1196,"_runtime":42.812243902}