{"train_loss":9.300017651608236,"_runtime":219.140614889,"_step":2,"_timestamp":1.7542129181419454e+09,"_wandb":{"runtime":219},"evaluate_accuracy":0.09538092381523695,"evaluate_loss":2.3151458694821314}