{"evaluate_accuracy":0.205,"evaluate_loss":2.029953930526972,"train_loss":5.889436979293823,"_runtime":21,"_step":3,"_timestamp":1.7564901394045553e+09,"_wandb":{"runtime":21}}