{"evaluate_accuracy":0.23695260947810437,"evaluate_loss":2.0128140585763115,"train_loss":3.515248951008566,"_runtime":330.992714009,"_step":4,"_timestamp":1.7494637731845953e+09,"_wandb":{"runtime":330}}