{"_runtime":8,"evaluate_loss":2.4070109791225858,"evaluate_accuracy":0.09352517985611511,"_step":1,"_timestamp":1.7564910480207884e+09,"_wandb":{"runtime":8},"train_loss":6.148855244545709}