{"_timestamp":1.754218585531326e+09,"_wandb":{"runtime":11466},"evaluate_accuracy":0.386,"evaluate_loss":1.6578795276110685,"train_loss":8.09430238461723,"_runtime":11466.911989641,"_step":8}