{"_wandb":{"runtime":47},"train_loss":7.649000078678131,"_runtime":47.868420251,"evaluate_loss":2.286829910581074,"evaluate_accuracy":0.133,"_step":1,"_timestamp":1.7563098991813579e+09}