{"_timestamp":1.7541779638616643e+09,"_wandb":{"runtime":52},"_runtime":52.121703918,"_step":0,"train_loss":12.725917317996771}