{"_step":7,"_timestamp":1.756545783069541e+09,"evaluate_loss":1.8024600991662942,"_runtime":30,"_wandb":{"runtime":30},"evaluate_accuracy":0.32633473305338934,"train_loss":7.277597783284895,"EXP_081_N6_R4_E4_CLIENT_01_status":0}