{"_step":2,"_timestamp":1.754175582803794e+09,"_wandb":{"runtime":176},"evaluate_accuracy":0.0976,"evaluate_loss":2.319049189362345,"train_loss":9.171334286086475,"_runtime":176.177992871}