{"EXP_108_N8_R5_E5_CLIENT_08_status":0,"_step":4,"_wandb":{"runtime":23},"evaluate_accuracy":0.1432,"train_loss":9.430907606319256,"_runtime":23,"_timestamp":1.7565758006711404e+09,"evaluate_loss":2.192155086994171}