{"_wandb":{"runtime":1238},"evaluate_accuracy":0.2303539292141572,"evaluate_loss":1.9839446737652733,"train_loss":11.824773385942125,"_runtime":1238.325163052,"_step":4,"_timestamp":1.7542148531917267e+09}