{"EXP_101_N9_R4_E3_CLIENT_04_status":0,"_runtime":17,"_step":3,"train_loss":6.068290118690875,"_timestamp":1.7565724615773427e+09,"_wandb":{"runtime":17},"evaluate_accuracy":0.08820882088208822,"evaluate_loss":2.3156717572893415}