{"_wandb":{"runtime":117},"evaluate_accuracy":0.09928014397120576,"evaluate_loss":2.376329798925491,"train_loss":5.4867486422010465,"_runtime":117.008666227,"_step":2,"_timestamp":1.74921498047835e+09}