{"_step":3,"_timestamp":1.7542074475515027e+09,"_wandb":{"runtime":503},"evaluate_accuracy":0.2336,"evaluate_loss":1.9510063373359146,"train_loss":8.928189433479309,"_runtime":502.982434851}