{"_step":0,"_wandb":{"runtime":52},"train_loss":12.349369831740285,"_timestamp":1.7542197450271676e+09,"_runtime":52.983307897}