{"evaluate_loss":1.7555174284343478,"train_loss":3.6578061199797607,"_runtime":1.994403844882536e+07,"_step":19,"_timestamp":1.7478330673344119e+09,"_wandb":{"runtime":19944039},"evaluate_accuracy":0.348}