{"_step":6,"_timestamp":1.7545855068753364e+09,"_wandb":{"runtime":4354},"evaluate_accuracy":0.31853629274145173,"evaluate_loss":1.7529318894980088,"train_loss":6.500451610989548,"_runtime":4354.137499367}