{"_step":1,"_timestamp":1.7541563031527653e+09,"_wandb":{"runtime":60},"train_loss":3.697184487915039,"evaluate_loss":2.262569779803039,"evaluate_accuracy":0.1292,"_runtime":60.870012012}