{"_step":5,"_timestamp":1.7542172614620278e+09,"_wandb":{"runtime":936},"evaluate_accuracy":0.3608,"evaluate_loss":1.6805301995217046,"train_loss":5.142751629360187,"_runtime":936.147189658}