{"_runtime":28.925776767,"_step":0,"_wandb":{"runtime":28},"train_loss":5.509699217987061,"_timestamp":1.7494615928215346e+09}