{"_runtime":413.866144774,"_step":3,"_timestamp":1.7563104887805345e+09,"_wandb":{"runtime":413},"evaluate_accuracy":0.13557288542291543,"evaluate_loss":2.232210672126626,"train_loss":7.730522906951356}