{"evaluate_loss":1.92724067568779,"EXP_086_N8_R4_E5_CLIENT_07_status":0,"_runtime":14,"_step":4,"_timestamp":1.7565475341821494e+09,"train_loss":8.53945325286525,"_wandb":{"runtime":14},"evaluate_accuracy":0.2496}