{"_step":12,"_timestamp":1.7542193642647915e+09,"_wandb":{"runtime":212040},"evaluate_accuracy":0.4148,"evaluate_loss":1.5941742930231215,"train_loss":7.94568023399804,"_runtime":212040.174633506}