{"_runtime":634.165323354,"_step":4,"_timestamp":1.754582759941191e+09,"_wandb":{"runtime":634},"evaluate_accuracy":0.1116,"evaluate_loss":2.3217116277429124,"train_loss":6.915819553140635}