{"train_loss":8.603390077084445,"EXP_082_N6_R4_E5_CLIENT_04_status":0,"_runtime":19,"_step":6,"evaluate_accuracy":0.40371925614877024,"_timestamp":1.756546166731345e+09,"_wandb":{"runtime":19},"evaluate_loss":1.627344473352972}