{"_wandb":{"runtime":59},"train_loss":7.192310320343941,"_timestamp":1.7565743561594121e+09,"evaluate_accuracy":0.3832,"evaluate_loss":1.6275286108255387,"EXP_105_N8_R4_E4_CLIENT_02_status":0,"_runtime":59,"_step":10}