{"_runtime":20.158537584,"_step":0,"train_loss":3.8102310249328615,"_wandb":{"runtime":20},"_timestamp":1.749205598236876e+09}