{"EXP_081_N6_R4_E4_CLIENT_03_status":0,"_step":5,"_timestamp":1.7565457371487703e+09,"_wandb":{"runtime":29},"train_loss":7.761225977012416,"_runtime":29,"evaluate_accuracy":0.27834433113377327,"evaluate_loss":1.8934605211581823}