{"_runtime":210.206039311,"_step":3,"_timestamp":1.7494652052739546e+09,"_wandb":{"runtime":210},"evaluate_accuracy":0.34703059388122376,"evaluate_loss":1.8370802618208386,"train_loss":5.195796990280243}