{"evaluate_accuracy":0.20503848845346395,"evaluate_loss":2.014250400331285,"train_loss":7.804181485868699,"_runtime":487.944814316,"_step":3,"_timestamp":1.7563110339230845e+09,"_wandb":{"runtime":487}}