{"evaluate_accuracy":0.118,"_runtime":58.768303198,"_step":1,"_timestamp":1.7494612398611887e+09,"_wandb":{"runtime":58},"train_loss":5.454432243919372,"evaluate_loss":2.61982030321838}