{"evaluate_accuracy":0.117,"evaluate_loss":2.268388547003269,"train_loss":3.980470573425293,"_runtime":142.490774298,"_step":4,"_timestamp":1.7478322406635876e+09,"_wandb":{"runtime":142}}