{"_step":2,"_timestamp":1.7565464388620548e+09,"_wandb":{"runtime":5},"evaluate_loss":2.345766621828079,"evaluate_accuracy":0.1168,"train_loss":4.042752401084657,"EXP_083_N8_R4_E2_CLIENT_03_status":0,"_runtime":5}