{"_timestamp":1.7545871523302572e+09,"_wandb":{"runtime":35294},"evaluate_accuracy":0.4439112177564487,"evaluate_loss":1.5237837535030436,"train_loss":9.260876442827106,"_runtime":35293.967886098,"_step":9}