{"_step":9,"_timestamp":1.7542157183686752e+09,"_wandb":{"runtime":42824},"evaluate_accuracy":0.4190161967606479,"evaluate_loss":1.5094550053278606,"train_loss":10.92273949476169,"_runtime":42824.44355045}