{"_wandb":{"runtime":38},"evaluate_accuracy":0.244,"evaluate_loss":1.951369932293892,"train_loss":9.27982605642574,"_step":5,"_timestamp":1.7565752461701393e+09,"EXP_107_N8_R4_E5_CLIENT_02_status":0,"_runtime":38}