{"_step":7,"_timestamp":1.7571557786969817e+09,"_wandb":{"runtime":275},"evaluate_accuracy":0.3592,"evaluate_loss":1.7060869991779328,"train_loss":8.159074282190602,"_runtime":275.476265521}