{"evaluate_accuracy":0.351,"evaluate_loss":1.7158806931440997,"train_loss":3.5029792039871217,"_runtime":879.163517507,"_step":5,"_timestamp":1.7494603858035893e+09,"_wandb":{"runtime":879}}