{"train_loss":9.430907606319257,"EXP_108_N8_R5_E5_CLIENT_08_status":0,"_runtime":23,"_step":2,"_timestamp":1.75657578408656e+09,"_wandb":{"runtime":23},"evaluate_accuracy":0.0944,"evaluate_loss":2.555042642354965}