{"evaluate_loss":2.092830357672293,"train_loss":9.491190966706688,"_runtime":372.45626851,"_step":3,"_timestamp":1.754217928294146e+09,"_wandb":{"runtime":372},"evaluate_accuracy":0.2092}