{"_runtime":0,"_step":3,"_timestamp":1.7565464791565444e+09,"_wandb":{"runtime":0},"evaluate_accuracy":0.256,"evaluate_loss":1.922931471467018,"EXP_083_N8_R4_E2_CLIENT_07_status":0}