{"train_loss":6.04003912838884,"_timestamp":1.7564823834922547e+09,"_step":0,"_wandb":{"runtime":18},"_runtime":18.404325161}