{"_runtime":36,"_timestamp":1.756547127733434e+09,"evaluate_accuracy":0.2216,"evaluate_loss":2.019672068953514,"_step":6,"_wandb":{"runtime":36},"train_loss":7.364934684364659,"EXP_085_N8_R4_E4_CLIENT_01_status":0}