{"_wandb":{"runtime":812},"evaluate_accuracy":0.1716,"evaluate_loss":2.239574524420726,"train_loss":8.717259274504055,"_runtime":812.36424169,"_step":4,"_timestamp":1.7541771913779883e+09}