{"EXP_082_N6_R4_E5_CLIENT_03_status":0,"_runtime":51,"_timestamp":1.756546152089328e+09,"_wandb":{"runtime":51},"evaluate_loss":1.8034824132919312,"train_loss":8.209390067597896,"_step":6,"evaluate_accuracy":0.28254349130173967}