{"evaluate_accuracy":0.328,"evaluate_loss":1.7458849728107453,"train_loss":8.550136517567239,"EXP_086_N8_R4_E5_CLIENT_05_status":0,"_runtime":29,"_step":7,"_timestamp":1.756547549431418e+09,"_wandb":{"runtime":29}}