{"_step":2,"_timestamp":1.7563110118661876e+09,"_wandb":{"runtime":237},"evaluate_accuracy":0.112666200139958,"evaluate_loss":2.3048923121558293,"train_loss":7.750300665807457,"_runtime":237.078731659}