{"_timestamp":1.7571557794053004e+09,"_wandb":{"runtime":225},"evaluate_accuracy":0.3728,"evaluate_loss":1.6946613222360611,"train_loss":8.089637766977784,"_runtime":225.348808092,"_step":6}