{"_wandb":{"runtime":1164},"evaluate_accuracy":0.1868626274745051,"evaluate_loss":2.1166370618911015,"train_loss":11.86636440731067,"_runtime":1164.31766455,"_step":4,"_timestamp":1.754214376484723e+09}