{"_runtime":3327.28405586,"_step":6,"_timestamp":1.7541757264250696e+09,"_wandb":{"runtime":3327},"evaluate_accuracy":0.3256,"evaluate_loss":1.7813848800297023,"train_loss":8.255847468543738}