{"_step":3,"_timestamp":1.7564897483638308e+09,"_wandb":{"runtime":14},"evaluate_accuracy":0.17715827338129497,"evaluate_loss":2.1649966716766356,"train_loss":6.222289968737595,"_runtime":14}