{"EXP_105_N8_R4_E4_CLIENT_03_status":0,"_timestamp":1.756574233188893e+09,"_wandb":{"runtime":45},"evaluate_accuracy":0.084,"_runtime":45,"_step":3,"evaluate_loss":2.3194069981575014,"train_loss":7.427330855351345}