{"_timestamp":1.7541736215803266e+09,"_runtime":46.046337303,"_step":0,"_wandb":{"runtime":46},"train_loss":9.208946972370148}