{"_wandb":{"runtime":13},"evaluate_loss":1.9654612451791764,"train_loss":3.904101206998157,"EXP_090_N8_R4_E2_CLIENT_07_status":0,"_runtime":13,"evaluate_accuracy":0.2664,"_step":7,"_timestamp":1.7565509329113057e+09}