{"_timestamp":1.75657386260429e+09,"EXP_104_N8_R5_E3_CLIENT_06_status":0,"_wandb":{"runtime":43},"evaluate_accuracy":0.3392,"evaluate_loss":1.793621981143951,"train_loss":5.1092658703494225,"_runtime":43,"_step":8}