{"train_loss":8.684770977020264,"_runtime":1025.90055126,"_step":4,"_timestamp":1.7541738161569257e+09,"_wandb":{"runtime":1025},"evaluate_accuracy":0.236,"evaluate_loss":1.9926966088158744}