{"evaluate_loss":1.5482389776012566,"train_loss":7.900583880397077,"_runtime":27676.412377289,"_step":9,"_timestamp":1.7541766502589176e+09,"_wandb":{"runtime":27676},"evaluate_accuracy":0.4288}