{"_timestamp":1.7479203584529188e+09,"_wandb":{"runtime":4294967299},"evaluate_accuracy":0.3654,"evaluate_loss":1.7122121631719505,"train_loss":3.4959823221206663,"_runtime":4.294967298979299e+09,"_step":37}