{"_runtime":8056.208536233,"_step":7,"_timestamp":1.7541782385741472e+09,"_wandb":{"runtime":8056},"evaluate_accuracy":0.2808,"evaluate_loss":1.8598940779891195,"train_loss":12.97145624358814}