{"train_loss":5.957016923904419,"evaluate_loss":2.34883091184828,"evaluate_accuracy":0.101,"_runtime":15,"_step":1,"_timestamp":1.7571714433202314e+09,"_wandb":{"runtime":15}}