{"evaluate_accuracy":0.0944,"_step":1,"EXP_084_N8_R4_E3_CLIENT_05_status":0,"_timestamp":1.756546723656352e+09,"_wandb":{"runtime":0},"_runtime":0,"evaluate_loss":2.3638119637966155}