{"_runtime":2.294819909,"_step":0,"evaluate_loss":1.7162704138528733,"_wandb":{"runtime":3},"evaluate_accuracy":0.33983203359328135,"_timestamp":1.7477466857451165e+09}