{"_step":10,"_timestamp":1.7541791663191707e+09,"_wandb":{"runtime":65215},"evaluate_accuracy":0.4552,"evaluate_loss":1.5141484118715118,"train_loss":10.462780451431822,"_runtime":65215.13157591}