{"_timestamp":1.7571724045623784e+09,"evaluate_accuracy":0.0905,"evaluate_loss":2.4557433431110685,"_wandb":{"runtime":27},"train_loss":9.373695365428924,"_runtime":27,"_step":1}