{"EXP_081_N6_R4_E4_CLIENT_03_status":0,"_timestamp":1.7565456714801836e+09,"train_loss":7.977476462222743,"_step":0,"_wandb":{"runtime":13},"_runtime":13}