{"train_loss":3.959466502249098,"_wandb":{"runtime":16},"_timestamp":1.749214474725583e+09,"_runtime":16.140222705,"_step":0}