{"_runtime":59.102320917,"_step":7,"_timestamp":1.7571718978089654e+09,"_wandb":{"runtime":59},"evaluate_accuracy":0.4145,"evaluate_loss":1.6215183432140048,"train_loss":4.744525612354279}