{"train_loss":8.116643809127808,"_runtime":2386.996962512,"_step":5,"_timestamp":1.754171887224065e+09,"_wandb":{"runtime":2387},"evaluate_accuracy":0.3798,"evaluate_loss":1.6710633191333455}