{"_step":1,"_timestamp":1.757171443970897e+09,"_wandb":{"runtime":13},"train_loss":5.694248424530029,"evaluate_loss":2.3443983471582808,"evaluate_accuracy":0.091,"_runtime":13}