{"_timestamp":1.756550917759053e+09,"_wandb":{"runtime":13},"evaluate_loss":2.3018787443637847,"train_loss":3.904101206998157,"_runtime":13,"evaluate_accuracy":0.1016,"EXP_090_N8_R4_E2_CLIENT_07_status":0,"_step":5}