{"_runtime":112.401915354,"_step":1,"_timestamp":1.7542142185308912e+09,"_wandb":{"runtime":112},"train_loss":16.13092773824001,"evaluate_loss":2.2990055061521986,"evaluate_accuracy":0.11337732453509299}