{"_wandb":{"runtime":126},"evaluate_accuracy":0.3288,"evaluate_loss":1.759112501144409,"train_loss":7.283979276183304,"_runtime":126,"_step":5,"_timestamp":1.757152406418316e+09}