{"evaluate_loss":2.2313125371932983,"train_loss":9.095254952740518,"_runtime":147.296351881,"_step":4,"_timestamp":1.757155531520061e+09,"_wandb":{"runtime":147},"evaluate_accuracy":0.1176}