{"train_loss":7.907087852716446,"_runtime":61.653191051,"_step":5,"_timestamp":1.7571725484183424e+09,"_wandb":{"runtime":61},"evaluate_accuracy":0.411,"evaluate_loss":1.6280623144573636}