{"evaluate_accuracy":0.1241751649670066,"evaluate_loss":2.252705263641645,"train_loss":7.65414119394202,"_runtime":279.802522659,"_step":3,"_timestamp":1.7563104880652633e+09,"_wandb":{"runtime":279}}