{"_step":3,"_timestamp":1.7563090863240738e+09,"_wandb":{"runtime":340},"evaluate_accuracy":0.26094781043791243,"evaluate_loss":1.9282927547182356,"train_loss":7.050469093471408,"_runtime":340.436627269}