{"_timestamp":1.7541510114864564e+09,"evaluate_loss":1.6191251991660731,"_runtime":1454.172139823,"_wandb":{"runtime":1454},"client_name":"EXP_003_N2_R3_E3_CLIENT_01","evaluate_accuracy":0.4044,"train_loss":5.1201117879867555,"_step":5,"partition_id":0}