{"_wandb":{"runtime":7280},"evaluate_accuracy":0.4337132573485303,"evaluate_loss":1.563003467378162,"train_loss":7.958015343268141,"_runtime":7280.332357909,"_step":7,"_timestamp":1.754172523809512e+09}