{"evaluate_loss":1.644743389721158,"train_loss":8.431238564439475,"_runtime":5916.08108821,"_step":7,"_timestamp":1.7541772757959347e+09,"_wandb":{"runtime":5916},"evaluate_accuracy":0.386}