{"train_loss":11.553730458068848,"_runtime":1720.034159423,"_step":4,"_timestamp":1.7542096686489224e+09,"_wandb":{"runtime":1720},"evaluate_accuracy":0.1944,"evaluate_loss":2.106610049867326}