{"train_loss":7.265030305448482,"_timestamp":1.7563090007173645e+09,"_runtime":30.764966831,"_step":0,"_wandb":{"runtime":30}}