{"train_loss":3.9798297404671175,"_runtime":4.294967298373338e+09,"_step":49,"_timestamp":1.7479230775710738e+09,"_wandb":{"runtime":4294967298},"evaluate_accuracy":0.10197960407918416,"evaluate_loss":2.4718607720874606}