{"train_loss":10.07714464102581,"EXP_086_N8_R4_E5_CLIENT_03_status":0,"_runtime":15,"_step":4,"_timestamp":1.756547506630456e+09,"_wandb":{"runtime":15},"evaluate_accuracy":0.2872,"evaluate_loss":1.8790476113557815}