{"_runtime":17.62717254,"_step":2,"_timestamp":1.7564887990567234e+09,"_wandb":{"runtime":17},"evaluate_accuracy":0.10431654676258992,"evaluate_loss":2.3254933289119175,"train_loss":6.108487936232588}