{"_step":5,"_timestamp":1.7571718551405485e+09,"_wandb":{"runtime":43},"evaluate_accuracy":0.3835,"evaluate_loss":1.6708908837939065,"train_loss":4.9781892910003664,"_runtime":43.77427212}