{"evaluate_loss":1.5839632764647278,"train_loss":11.45811486434632,"_runtime":1856.036917478,"_step":5,"_timestamp":1.7541789391969838e+09,"_wandb":{"runtime":1856},"evaluate_accuracy":0.4072}