{"_step":3,"_timestamp":1.7542203581752462e+09,"_wandb":{"runtime":540},"evaluate_accuracy":0.206,"evaluate_loss":1.9782529918453362,"train_loss":12.403803286841883,"_runtime":540.16933973}