{"train_loss":5.502570635318756,"_runtime":24,"_step":4,"_timestamp":1.7571718257951527e+09,"_wandb":{"runtime":24},"evaluate_accuracy":0.3805,"evaluate_loss":1.6733751467296056}