{"evaluate_accuracy":0.304,"evaluate_loss":1.8102340251207352,"train_loss":7.746090815325451,"_runtime":115,"_step":4,"_timestamp":1.7571523473957028e+09,"_wandb":{"runtime":115}}