{"_wandb":{"runtime":9},"evaluate_accuracy":0.16831683168316833,"evaluate_loss":2.1926995277404786,"train_loss":6.10761252152834,"_runtime":9,"_step":2,"_timestamp":1.7564888154145443e+09}