{"evaluate_loss":2.271321512758732,"train_loss":3.9715907964706423,"_runtime":2537.384702382,"_step":4,"_timestamp":1.7478323517729867e+09,"_wandb":{"runtime":2537},"evaluate_accuracy":0.095}