{"evaluate_loss":1.9659092903137207,"_runtime":40,"_wandb":{"runtime":40},"evaluate_accuracy":0.2448,"train_loss":5.444900198347249,"EXP_103_N8_R4_E3_CLIENT_01_status":0,"_step":8,"_timestamp":1.7565734475197387e+09}