{"train_loss":3.3499225439071654,"_runtime":2046.970030302,"evaluate_accuracy":0.3716,"_wandb":{"runtime":2046},"evaluate_loss":1.661106974455961,"_step":6,"_timestamp":1.7541505983908484e+09,"partition_id":0,"client_name":"EXP_002_N2_R4_E2_CLIENT_01"}