{"_runtime":39.961613264,"evaluate_loss":2.412740755684768,"evaluate_accuracy":0.1004,"_step":1,"_timestamp":1.7542171504458284e+09,"_wandb":{"runtime":40},"train_loss":5.7132852610688625}