{"_runtime":6604.440352504,"_step":6,"_timestamp":1.754586362621041e+09,"_wandb":{"runtime":6604},"evaluate_accuracy":0.2489502099580084,"evaluate_loss":1.8989504980591108,"train_loss":10.95454189537815}