{"evaluate_loss":2.0297274453730525,"train_loss":5.144173376476422,"_runtime":424.040863766,"_step":4,"_timestamp":1.754217237962905e+09,"_wandb":{"runtime":424},"evaluate_accuracy":0.2404}