{"_timestamp":1.75421784223404e+09,"_runtime":36.268989377,"_step":0,"train_loss":9.674850628017998,"_wandb":{"runtime":36}}