{"train_loss":4.899470889854431,"_runtime":13652.220007353,"_step":8,"_timestamp":1.754206487625872e+09,"_wandb":{"runtime":13652},"evaluate_accuracy":0.3994,"evaluate_loss":1.6119807260051655}