{"evaluate_accuracy":0.084,"evaluate_loss":2.4256318330764772,"train_loss":9.53722556305539,"_runtime":311.487733103,"_step":2,"_timestamp":1.7571542375399415e+09,"_wandb":{"runtime":311}}