{"_step":1,"_timestamp":1.7542082998926215e+09,"_wandb":{"runtime":111},"train_loss":8.746075639343262,"evaluate_loss":2.6520931492945192,"evaluate_accuracy":0.104,"_runtime":111.041186864}