{"evaluate_loss":1.5706005428410783,"train_loss":10.953969989531338,"_runtime":36742.221070943,"_step":9,"_timestamp":1.754220610339052e+09,"_wandb":{"runtime":36742},"evaluate_accuracy":0.4264}