{"train_loss":3.6095431660921378,"EXP_079_N6_R4_E2_CLIENT_01_status":0,"_timestamp":1.756545136174036e+09,"_wandb":{"runtime":17},"_runtime":17,"_step":9,"evaluate_accuracy":0.3767246550689862,"evaluate_loss":1.7229628540434927}