{"_timestamp":1.7492162436987212e+09,"_runtime":27.18465752,"_step":0,"_wandb":{"runtime":27},"train_loss":7.725895771019751}