{"train_loss":6.7435518491754145,"_runtime":679.069225733,"_step":4,"_timestamp":1.7492159321946392e+09,"_wandb":{"runtime":679},"evaluate_accuracy":0.27834433113377327,"evaluate_loss":1.865284886814299}