{"evaluate_accuracy":0.4144,"evaluate_loss":1.5709187290336513,"train_loss":7.806466647039968,"_runtime":422546.377653678,"_step":13,"_timestamp":1.7541774858675914e+09,"_wandb":{"runtime":422546}}