{"EXP_105_N8_R4_E4_CLIENT_03_status":0,"_runtime":45,"_step":5,"_wandb":{"runtime":45},"evaluate_accuracy":0.1856,"evaluate_loss":1.9861401826143266,"_timestamp":1.756574251364803e+09,"train_loss":7.427330855351345}