{"evaluate_loss":2.314179074764252,"evaluate_accuracy":0.108,"_step":2,"_timestamp":1.7571487893650684e+09,"_wandb":{"runtime":25},"train_loss":7.677048727964899,"EXP_109_N8_R5_E4_CLIENT_01_status":0,"_runtime":25}