{"evaluate_loss":1.7112571046322207,"train_loss":8.081375568057782,"_runtime":12889.175764473,"_step":8,"_timestamp":1.7542185928584886e+09,"_wandb":{"runtime":12889},"evaluate_accuracy":0.3728}