{"evaluate_loss":2.0447056531906127,"EXP_091_N8_R4_E5_CLIENT_08_status":0,"train_loss":8.830691181930007,"_runtime":16,"_step":4,"_timestamp":1.7565513120253668e+09,"_wandb":{"runtime":16},"evaluate_accuracy":0.2328}