{"train_loss":5.499670446490327,"_runtime":40,"_step":3,"_timestamp":1.7564824514404843e+09,"_wandb":{"runtime":40},"evaluate_accuracy":0.142,"evaluate_loss":2.2682261874404133}