{"_step":2,"_timestamp":1.7563139342084692e+09,"_wandb":{"runtime":126},"evaluate_accuracy":0.1096,"evaluate_loss":2.3147890326343004,"train_loss":7.2611271520011345,"_runtime":126.019081832}