{"_wandb":{"runtime":21},"evaluate_accuracy":0.2325,"evaluate_loss":1.9590851068496704,"train_loss":8.740599780082702,"_runtime":21,"_step":2,"_timestamp":1.7571724614487963e+09}