{"train_loss":4.6079329555511475,"_runtime":874.776139836,"_step":5,"_timestamp":1.7492059836727545e+09,"_wandb":{"runtime":874},"evaluate_accuracy":0.097,"evaluate_loss":2.3042225670662657}