{"_step":0,"_wandb":{"runtime":31},"train_loss":5.849933955001831,"_timestamp":1.7541303865828025e+09,"_runtime":31.006066125}