{"train_loss":3.817277064140466,"_runtime":33.434864555,"_step":1,"_timestamp":1.7563087510919492e+09,"evaluate_loss":2.2544461273011707,"evaluate_accuracy":0.14307138572285544,"_wandb":{"runtime":33}}