{"_step":8,"evaluate_accuracy":0.3784,"train_loss":8.028421859073031,"EXP_107_N8_R4_E5_CLIENT_07_status":0,"_timestamp":1.7565753471794088e+09,"_wandb":{"runtime":79},"evaluate_loss":1.698015543818474,"_runtime":79}