{"_wandb":{"runtime":21},"evaluate_loss":1.8401253875696435,"EXP_078_N6_R3_E2_CLIENT_01_status":0,"_runtime":21,"_step":8,"evaluate_accuracy":0.29994001199760045,"train_loss":3.840931487996042,"_timestamp":1.7565438855720844e+09}