{"_runtime":28.226106258,"_step":3,"_timestamp":1.7571718087895055e+09,"_wandb":{"runtime":28},"evaluate_accuracy":0.2245,"evaluate_loss":1.9836589760250516,"train_loss":5.1856933302879336}