{"_runtime":3721.943374,"_step":6,"_timestamp":1.7542130712414525e+09,"_wandb":{"runtime":3721},"evaluate_accuracy":0.32003599280143974,"evaluate_loss":1.7686138062250047,"train_loss":8.261174385496181}