{"_runtime":445.013145359,"_step":4,"_timestamp":1.7542162456154845e+09,"_wandb":{"runtime":445},"evaluate_accuracy":0.2164,"evaluate_loss":2.272728452199622,"train_loss":5.3020470218536575}