{"_wandb":{"runtime":69},"evaluate_accuracy":0.095,"evaluate_loss":2.435749931940957,"train_loss":4.185710129261017,"_runtime":69.996821656,"_step":2,"_timestamp":1.7541545595789795e+09}