{"_step":2,"_timestamp":1.7564911006690087e+09,"_wandb":{"runtime":8},"evaluate_accuracy":0.2709832134292566,"evaluate_loss":1.9314135357185647,"train_loss":6.148855244545709,"_runtime":8}