{"EXP_081_N6_R4_E4_CLIENT_02_status":0,"_step":7,"evaluate_accuracy":0.3233353329334133,"train_loss":7.627505083973898,"_runtime":29,"_timestamp":1.7565457827209454e+09,"_wandb":{"runtime":29},"evaluate_loss":1.8042746197502568}