{"_wandb":{"runtime":60},"evaluate_accuracy":0.3832,"train_loss":5.159842359791895,"_runtime":60,"evaluate_loss":1.6339730590581893,"EXP_104_N8_R5_E3_CLIENT_02_status":0,"_step":13,"_timestamp":1.756573929792636e+09}