{"_timestamp":1.75421854079299e+09,"_wandb":{"runtime":6426},"evaluate_accuracy":0.3728,"evaluate_loss":1.7112571046322207,"train_loss":8.464985247618094,"_runtime":6426.303529172,"_step":7}