{"evaluate_loss":1.759928497672081,"train_loss":7.231657549833796,"_runtime":184,"_step":7,"_timestamp":1.7571524063377378e+09,"_wandb":{"runtime":184},"evaluate_accuracy":0.3392}