{"train_loss":7.631739269915244,"_runtime":221112.884956104,"_step":12,"_timestamp":1.7542138825615635e+09,"_wandb":{"runtime":221112},"evaluate_accuracy":0.4610077984403119,"evaluate_loss":1.500903144336882}