{"_timestamp":1.7565438338265116e+09,"evaluate_accuracy":0.10437912417516496,"train_loss":4.0025471329118645,"_wandb":{"runtime":14},"evaluate_loss":2.3312075363015228,"EXP_078_N6_R3_E2_CLIENT_03_status":0,"_runtime":14,"_step":3}