{"_timestamp":1.7571496083223617e+09,"_wandb":{"runtime":0},"evaluate_accuracy":0.2496,"evaluate_loss":1.919861501455307,"EXP_110_N8_R5_E4_CLIENT_07_status":0,"_runtime":0,"_step":3}