{"_wandb":{"runtime":41},"evaluate_accuracy":0.2496,"_step":8,"_timestamp":1.756573446518942e+09,"evaluate_loss":1.9652729213237763,"train_loss":5.378800951751175,"EXP_103_N8_R4_E3_CLIENT_03_status":0,"_runtime":41}