{"_step":5,"_timestamp":1.754210323748482e+09,"_wandb":{"runtime":3510},"evaluate_accuracy":0.4064,"evaluate_loss":1.590562752098035,"train_loss":11.143583405685424,"_runtime":3510.955069522}