{"_timestamp":1.747920338818798e+09,"_wandb":{"runtime":4294967316},"evaluate_accuracy":0.2296,"evaluate_loss":2.0461394802020614,"train_loss":3.512455918884277,"_runtime":4.294967316176088e+09,"_step":36}