{"train_loss":3.358920392658499,"_runtime":2.695344917273809e+09,"_step":24,"_timestamp":1.7478337599435413e+09,"_wandb":{"runtime":2695344917},"evaluate_accuracy":0.34043191361727654,"evaluate_loss":1.7416844367980957}