{"_wandb":{"runtime":49},"evaluate_loss":1.9297106087207794,"_runtime":49,"evaluate_accuracy":0.2392,"train_loss":8.995375788135894,"EXP_107_N8_R4_E5_CLIENT_04_status":0,"_step":5,"_timestamp":1.756575245630588e+09}