{"evaluate_accuracy":0.103,"train_loss":7.3633451148986815,"_runtime":78.860176543,"_step":1,"_timestamp":1.7494620485543618e+09,"_wandb":{"runtime":78},"evaluate_loss":2.433411824475428}