{"train_loss":3.482293659210205,"_runtime":436.133794614,"_step":4,"_timestamp":1.7494603695738044e+09,"_wandb":{"runtime":436},"evaluate_accuracy":0.3096,"evaluate_loss":1.8207122512683749}