{"_timestamp":1.7541792746577418e+09,"_wandb":{"runtime":483660},"evaluate_accuracy":0.4756,"evaluate_loss":1.4532830775538577,"train_loss":10.330912006548798,"_runtime":483660.298734551,"_step":13}