{"_runtime":1279.023229259,"_step":6,"_timestamp":1.7494638236130562e+09,"_wandb":{"runtime":1279},"evaluate_accuracy":0.34913017396520696,"evaluate_loss":1.7170877615610758,"train_loss":3.3780993614837134}