{"_wandb":{"runtime":12553512},"evaluate_accuracy":0.3732,"evaluate_loss":1.6923616566235506,"train_loss":4.0019712816897055,"_runtime":1.2553512979287485e+07,"_step":22,"_timestamp":1.747833547969796e+09}