{"evaluate_loss":1.6189832471665881,"train_loss":8.338855818021212,"_runtime":1884.46378318,"_step":5,"_timestamp":1.7542136076138065e+09,"_wandb":{"runtime":1884},"evaluate_accuracy":0.40791841631673664}