{"_runtime":54,"evaluate_accuracy":0.0888,"train_loss":9.196134659515065,"EXP_108_N8_R5_E5_CLIENT_04_status":0,"_step":3,"_timestamp":1.7565757849261494e+09,"_wandb":{"runtime":54},"evaluate_loss":2.5767001271247865}