{"train_loss":9.838443193572779,"_runtime":4017.987345899,"_step":6,"_timestamp":1.7545841224571218e+09,"_wandb":{"runtime":4017},"evaluate_accuracy":0.2424,"evaluate_loss":1.9490742336345623}