{"_wandb":{"runtime":35},"evaluate_accuracy":0.3805,"evaluate_loss":1.6733751467296056,"train_loss":4.868710564613342,"_runtime":35.66932596,"_step":5,"_timestamp":1.7571718507360716e+09}