{"_step":0,"_wandb":{"runtime":38},"train_loss":9.355563238405953,"_timestamp":1.7541770529758995e+09,"_runtime":38.144182925}