{"_wandb":{"runtime":13},"evaluate_accuracy":0.223,"evaluate_loss":2.0568867810070515,"train_loss":6.099608624458313,"EXP_102_N10_R4_E3_CLIENT_05_status":0,"_runtime":13,"_step":4,"_timestamp":1.756572906998455e+09}