{"evaluate_loss":1.7609524032737636,"train_loss":5.463255653746973,"_runtime":928.272400033,"_step":5,"_timestamp":1.7542166953246915e+09,"_wandb":{"runtime":928},"evaluate_accuracy":0.3356}