{"evaluate_accuracy":0.09718056388722256,"evaluate_loss":2.414497825334657,"train_loss":10.639461739211562,"_runtime":258.354710994,"_step":2,"_timestamp":1.7545867626094704e+09,"_wandb":{"runtime":258}}