{"_wandb":{"runtime":43},"train_loss":9.473505073885837,"_timestamp":1.7541722831802788e+09,"_runtime":43.067213966,"_step":0}