{"_timestamp":1.7494612235655422e+09,"_wandb":{"runtime":28},"_runtime":28.976635559,"_step":0,"train_loss":5.454432243919372}