{"evaluate_loss":1.512039736856388,"train_loss":10.968404390560552,"_runtime":8802.466883702,"_step":7,"_timestamp":1.7541790233432665e+09,"_wandb":{"runtime":8802},"evaluate_accuracy":0.45}