{"evaluate_loss":1.6191718297399533,"train_loss":4.912321208381653,"_runtime":1503.109028478,"_step":5,"_timestamp":1.7541300966901455e+09,"_wandb":{"runtime":1503},"evaluate_accuracy":0.4138}