{"_runtime":242.886502463,"_step":5,"_timestamp":1.7571557062669194e+09,"_wandb":{"runtime":242},"evaluate_accuracy":0.244,"evaluate_loss":1.9294042825698852,"train_loss":8.68054672107575}