{"evaluate_loss":2.2860948888082353,"train_loss":7.478819440841675,"_runtime":124.139749092,"_step":2,"_timestamp":1.7563099467364998e+09,"_wandb":{"runtime":124},"evaluate_accuracy":0.127}