{"evaluate_accuracy":0.3836,"evaluate_loss":1.6567348121087762,"train_loss":11.423008908288548,"_runtime":2238.208154893,"_step":5,"_timestamp":1.754178939190513e+09,"_wandb":{"runtime":2238}}