{"evaluate_loss":2.319314378499985,"_runtime":49,"_timestamp":1.7565752295238955e+09,"train_loss":8.995375788135894,"EXP_107_N8_R4_E5_CLIENT_04_status":0,"_step":3,"_wandb":{"runtime":49},"evaluate_accuracy":0.0944}