{"_wandb":{"runtime":46},"train_loss":8.7621461798431,"_timestamp":1.7565758537326488e+09,"evaluate_accuracy":0.3048,"evaluate_loss":1.7766381800174713,"EXP_108_N8_R5_E5_CLIENT_08_status":0,"_runtime":46,"_step":7}