{"_step":0,"_wandb":{"runtime":6},"evaluate_loss":2.5699505395950024,"evaluate_accuracy":0.1444,"_timestamp":1.747775843580108e+09,"_runtime":5.879677162}