{"train_loss":5.393731118106156,"evaluate_accuracy":0.3251349730053989,"EXP_097_N3_R4_E3_CLIENT_01_status":0,"_runtime":40,"_step":5,"_timestamp":1.7565707804745977e+09,"_wandb":{"runtime":40},"evaluate_loss":1.7809523718697684}