{"train_loss":10.947781059932709,"_runtime":3467.088351243,"_step":5,"_timestamp":1.754209239718719e+09,"_wandb":{"runtime":3467},"evaluate_accuracy":0.4292,"evaluate_loss":1.5423036449274439}