{"_timestamp":1.7571511393343027e+09,"_wandb":{"runtime":31},"train_loss":7.676194986719994,"_runtime":31,"_step":1,"evaluate_loss":2.41123805642128,"evaluate_accuracy":0.096}