{"train_loss":8.217636103828113,"_runtime":24185.983493189,"_step":9,"_timestamp":1.7542186108189137e+09,"_wandb":{"runtime":24186},"evaluate_accuracy":0.4224,"evaluate_loss":1.5705609125427054}