{"train_loss":3.975834915592413,"EXP_090_N8_R4_E2_CLIENT_03_status":0,"_timestamp":1.7565509340195966e+09,"_runtime":6,"_step":6,"_wandb":{"runtime":6},"evaluate_accuracy":0.2424,"evaluate_loss":1.978365522623062}