{"evaluate_loss":2.1160904079675675,"train_loss":7.766323682608878,"_runtime":123,"_step":3,"_timestamp":1.757152285144677e+09,"_wandb":{"runtime":123},"evaluate_accuracy":0.1728}