{"evaluate_loss":1.5530580069608748,"train_loss":10.75750908203125,"_runtime":27935.951775413,"_step":8,"_timestamp":1.7542098874763012e+09,"_wandb":{"runtime":27935},"evaluate_accuracy":0.4334}