{"train_loss":5.348473519370669,"_runtime":34.482400251,"_step":3,"_timestamp":1.7564911366834526e+09,"_wandb":{"runtime":34},"evaluate_accuracy":0.30335731414868106,"evaluate_loss":1.8399855472423412}