{"_wandb":{"runtime":53000},"evaluate_accuracy":0.4216,"evaluate_loss":1.5700176471396337,"train_loss":8.005100967023319,"_runtime":53000.285657927,"_step":10,"_timestamp":1.7542192935920882e+09}