{"_step":4,"_wandb":{"runtime":10},"evaluate_accuracy":0.2424,"_runtime":10,"_timestamp":1.7565720403296845e+09,"evaluate_loss":1.920801642537117,"train_loss":6.1324133698348025,"EXP_100_N8_R4_E3_CLIENT_04_status":0}