{"_timestamp":1.7565512357851036e+09,"evaluate_loss":2.3577772200107576,"evaluate_accuracy":0.1008,"_wandb":{"runtime":0},"_runtime":0,"_step":1,"EXP_091_N8_R4_E5_CLIENT_06_status":0}