{"_step":1874,"loss":1.6229223012924194,"epoch":2,"accuracy":0.4375,"_timestamp":1.7458608728530462e+09,"_runtime":34.493670029,"_wandb":{"runtime":35}}