{"evaluate_loss":1.879845353960991,"train_loss":5.725395927763289,"_runtime":19,"_step":4,"_timestamp":1.7564893177696016e+09,"_wandb":{"runtime":19},"evaluate_accuracy":0.2832}