{"evaluate_loss":2.087572506711453,"train_loss":8.550004927875896,"_runtime":716.248151311,"_step":4,"_timestamp":1.7541764850865633e+09,"_wandb":{"runtime":716},"evaluate_accuracy":0.1572}