{"_runtime":82.004547837,"_wandb":{"runtime":82},"_step":0,"train_loss":12.798292841911316,"_timestamp":1.7542094548091068e+09}