{"_timestamp":1.7564897913095927e+09,"_wandb":{"runtime":8},"evaluate_accuracy":0.3213321332133213,"evaluate_loss":1.8187280688967025,"train_loss":6.023311628712167,"_runtime":8,"_step":3}