{"_wandb":{"runtime":34},"train_loss":9.633536739471241,"_timestamp":1.7541770473797703e+09,"_runtime":34.408673956,"_step":0}