{"_timestamp":1.7571542633070421e+09,"_wandb":{"runtime":313},"evaluate_accuracy":0.2248,"evaluate_loss":1.902815681695938,"train_loss":9.195008798010033,"_runtime":313,"_step":3}