{"_step":2,"_timestamp":1.756572892866857e+09,"_wandb":{"runtime":11},"evaluate_accuracy":0.1,"evaluate_loss":2.3014609962701797,"train_loss":5.886704922676087,"EXP_102_N10_R4_E3_CLIENT_07_status":0,"_runtime":11}