{"_wandb":{"runtime":27},"evaluate_accuracy":0.3264,"evaluate_loss":1.7910695195198059,"_runtime":27,"_step":7,"_timestamp":1.756547143979103e+09,"train_loss":7.740591614109696,"EXP_085_N8_R4_E4_CLIENT_02_status":0}