{"_step":4,"_timestamp":1.7545862498379664e+09,"_wandb":{"runtime":1631},"evaluate_accuracy":0.15476904619076184,"evaluate_loss":2.2176858524106584,"train_loss":11.476053662277295,"_runtime":1631.218787393}