{"_wandb":{"runtime":1009},"evaluate_accuracy":0.22883135059482151,"evaluate_loss":2.0063025527530245,"train_loss":7.4207390313707915,"_runtime":1009.055905691,"_step":4,"_timestamp":1.7563111103312323e+09}