{"_runtime":4769.97284897,"_step":6,"_timestamp":1.7542080008380055e+09,"_wandb":{"runtime":4769},"evaluate_accuracy":0.3648,"evaluate_loss":1.6914620422253943,"train_loss":8.195284258461}