{"_wandb":{"runtime":179},"evaluate_accuracy":0.114,"evaluate_loss":2.3115497470661333,"train_loss":5.644328571891784,"_runtime":179.965329167,"_step":2,"_timestamp":1.7541304626922102e+09}