{"_step":0,"_wandb":{"runtime":270},"_runtime":270.861310902,"train_loss":6.045824770700364,"_timestamp":1.7564805847397895e+09}