{"EXP_086_N8_R4_E5_CLIENT_04_status":0,"_runtime":31,"_step":7,"_timestamp":1.75654755163012e+09,"_wandb":{"runtime":31},"evaluate_accuracy":0.328,"evaluate_loss":1.720951035618782,"train_loss":9.057308079330785}