{"evaluate_accuracy":0.09718056388722256,"_step":1,"_timestamp":1.7545852684579294e+09,"_wandb":{"runtime":65},"train_loss":7.592299134537364,"_runtime":65.713708101,"evaluate_loss":2.3129613039628514}