{"_timestamp":1.749461060614691e+09,"_wandb":{"runtime":1850},"evaluate_accuracy":0.1,"evaluate_loss":2.303195927553116,"train_loss":4.60804479637146,"_runtime":1850.109554192,"_step":6}