{"_step":2,"_timestamp":1.757171779224613e+09,"_wandb":{"runtime":13},"evaluate_accuracy":0.2255,"evaluate_loss":1.9909283793161785,"train_loss":5.922738561630249,"_runtime":13}