{"evaluate_accuracy":0.0964,"_runtime":78.386872952,"_step":1,"_timestamp":1.7541755354016886e+09,"_wandb":{"runtime":78},"train_loss":9.19774203483289,"evaluate_loss":2.3281456337699407}