{"_wandb":{"runtime":95},"train_loss":16.12800834201776,"evaluate_accuracy":0.0916,"evaluate_loss":2.3178159466272668,"_runtime":95.920965271,"_step":1,"_timestamp":1.7542197638477576e+09}