{"train_loss":7.960372962890722,"_runtime":378557.97853239,"_step":13,"_timestamp":1.7542193788819032e+09,"_wandb":{"runtime":378558},"evaluate_accuracy":0.4172,"evaluate_loss":1.5650089300131496}