{"train_loss":9.54693888513425,"_runtime":358.34695669,"_step":3,"_timestamp":1.7542179303563116e+09,"_wandb":{"runtime":358},"evaluate_accuracy":0.194,"evaluate_loss":2.1136875907077064}