{"_runtime":0,"_step":0,"evaluate_loss":2.3230773857661657,"evaluate_accuracy":0.10431654676258993,"_timestamp":1.7564887774419742e+09,"_wandb":{"runtime":0}}