{"_wandb":{"runtime":9},"train_loss":5.962223731040955,"_runtime":9,"_step":1,"evaluate_loss":2.324843354523182,"evaluate_accuracy":0.12,"_timestamp":1.7564900940430028e+09}