{"evaluate_accuracy":0.1008,"evaluate_loss":2.29372997800256,"train_loss":5.478633972740173,"_runtime":201.165563833,"_step":2,"_timestamp":1.754206281741343e+09,"_wandb":{"runtime":201}}