{"EXP_101_N9_R4_E3_CLIENT_08_status":0,"_runtime":9,"_step":2,"_timestamp":1.756572461925396e+09,"_wandb":{"runtime":9},"train_loss":5.851250192244276,"evaluate_accuracy":0.11061151079136693,"evaluate_loss":2.3091533184051514}