{"_wandb":{"runtime":79},"train_loss":11.256770822990454,"_timestamp":1.7545866805470166e+09,"_runtime":79.48059854,"_step":0}