{"_wandb":{"runtime":221},"evaluate_accuracy":0.09167249825052484,"evaluate_loss":2.304870261086358,"train_loss":7.800888890660675,"_runtime":221.160631929,"_step":2,"_timestamp":1.7563110099557467e+09}