{"_timestamp":1.757172079812993e+09,"_wandb":{"runtime":22},"train_loss":9.493391511917114,"evaluate_loss":2.378540288834345,"evaluate_accuracy":0.109,"_runtime":22,"_step":1}