{"EXP_103_N8_R4_E3_CLIENT_08_status":0,"_step":7,"_wandb":{"runtime":26},"train_loss":5.304937758263509,"_runtime":26,"_timestamp":1.7565734455708337e+09,"evaluate_accuracy":0.2688,"evaluate_loss":1.9420685023069382}