{"train_loss":3.2923945308685303,"_runtime":436.179195446,"_step":4,"_timestamp":1.749205480813683e+09,"_wandb":{"runtime":436},"evaluate_accuracy":0.3886,"evaluate_loss":1.650683166115147}