{"_wandb":{"runtime":84},"train_loss":7.661381190049582,"evaluate_loss":2.3049803786807592,"evaluate_accuracy":0.09377186843946816,"_runtime":84.135894862,"_step":1,"_timestamp":1.756310923893905e+09}