{"_timestamp":1.7541764141394107e+09,"_wandb":{"runtime":172},"evaluate_accuracy":0.1096,"evaluate_loss":2.484948885591724,"train_loss":8.696207713014402,"_runtime":172.165593317,"_step":2}