{"_runtime":2119.677264701,"_step":5,"_timestamp":1.7541745956478937e+09,"_wandb":{"runtime":2119},"evaluate_accuracy":0.27294541091781643,"evaluate_loss":1.8834872785604224,"train_loss":9.10834443055842}