{"EXP_108_N8_R5_E5_CLIENT_03_status":0,"_timestamp":1.756575728652371e+09,"train_loss":9.970578566478316,"_wandb":{"runtime":31},"_runtime":31,"_step":0}