{"_runtime":77,"_step":9,"_timestamp":1.7565708628452542e+09,"_wandb":{"runtime":77},"evaluate_loss":1.7074980156762258,"train_loss":5.053832330006204,"EXP_097_N3_R4_E3_CLIENT_01_status":0,"evaluate_accuracy":0.35632873425314937}