{"evaluate_accuracy":0.0952,"_step":1,"EXP_090_N8_R4_E2_CLIENT_07_status":0,"_timestamp":1.7565508598917139e+09,"_wandb":{"runtime":0},"_runtime":0,"evaluate_loss":2.327441316843033}