{"_runtime":32.271801611,"train_loss":7.582134330348604,"_timestamp":1.7571511214109912e+09,"_step":0,"_wandb":{"runtime":32}}