{"_wandb":{"runtime":118},"evaluate_accuracy":0.1608,"evaluate_loss":2.090781646966934,"train_loss":7.82938971413169,"_runtime":118,"_step":3,"_timestamp":1.7571522860815082e+09}