{"_step":0,"EXP_102_N10_R4_E3_CLIENT_01_status":0,"_wandb":{"runtime":12},"_runtime":12,"_timestamp":1.7565728421645305e+09,"train_loss":6.189893237113953}