{"EXP_083_N8_R4_E2_CLIENT_06_status":0,"_timestamp":1.7565464420520341e+09,"evaluate_loss":2.3583346784114836,"evaluate_accuracy":0.0984,"_step":1,"_wandb":{"runtime":0},"_runtime":0}