{"evaluate_accuracy":0.0952,"_step":2,"_timestamp":1.7565746947261672e+09,"_wandb":{"runtime":14},"train_loss":7.920055803219984,"EXP_106_N8_R5_E4_CLIENT_02_status":0,"_runtime":14,"evaluate_loss":2.301809847354889}