{"_timestamp":1.7565753432978878e+09,"evaluate_accuracy":0.3536,"evaluate_loss":1.6845316886901855,"train_loss":7.962106152704567,"_runtime":76,"_wandb":{"runtime":76},"EXP_107_N8_R4_E5_CLIENT_03_status":0,"_step":8}