{"evaluate_accuracy":0.08938212357528494,"_runtime":80.141314134,"_step":1,"_timestamp":1.7545846831226208e+09,"_wandb":{"runtime":80},"train_loss":7.706926411989203,"evaluate_loss":2.3505844440100327}