{"evaluate_accuracy":0.1038,"_timestamp":1.747748233494302e+09,"_wandb":{"runtime":4},"_runtime":2.942390737,"_step":0,"evaluate_loss":2.374168727048643}