{"train_loss":4.970703789982171,"EXP_098_N4_R4_E3_CLIENT_02_status":0,"_timestamp":1.756571198328503e+09,"_wandb":{"runtime":31},"evaluate_loss":1.5956849463378326,"_runtime":31,"_step":7,"evaluate_accuracy":0.4176}