{"_timestamp":1.7565484382638981e+09,"_wandb":{"runtime":1},"evaluate_accuracy":0.2352,"evaluate_loss":1.9127034157514573,"EXP_087_N8_R4_E2_CLIENT_07_status":0,"_runtime":1,"_step":3}