{"_runtime":1402.917225762,"_step":4,"_timestamp":1.7542143809719894e+09,"_wandb":{"runtime":1402},"evaluate_accuracy":0.18446310737852428,"evaluate_loss":2.1369519960312617,"train_loss":11.860084168916698}