{"_step":7,"_timestamp":1.756570877107981e+09,"_wandb":{"runtime":4},"evaluate_accuracy":0.3698260347930414,"evaluate_loss":1.6577280351093837,"EXP_097_N3_R4_E3_CLIENT_03_status":0,"_runtime":4}