{"_step":0,"evaluate_loss":1.8427945420855567,"evaluate_accuracy":0.30713857228554287,"_wandb":{"runtime":3},"_timestamp":1.747745381203155e+09,"_runtime":2.844445373}