{"evaluate_accuracy":0.3384,"_runtime":190,"_step":8,"_timestamp":1.7571496721041486e+09,"evaluate_loss":1.7315740793943406,"train_loss":7.068055562912279,"EXP_110_N8_R5_E4_CLIENT_01_status":0,"_wandb":{"runtime":190}}