{"evaluate_loss":1.4902540249160574,"train_loss":4.62638189274663,"_runtime":112744.340155063,"_step":12,"_timestamp":1.7542174618096578e+09,"_wandb":{"runtime":112744},"evaluate_accuracy":0.452}