{"_runtime":7,"_step":2,"_timestamp":1.7564910994181116e+09,"_wandb":{"runtime":7},"evaluate_accuracy":0.2697841726618705,"evaluate_loss":1.9136035530655473,"train_loss":6.14882264818464}