{"evaluate_accuracy":0.308,"evaluate_loss":1.8631100096280062,"train_loss":8.684712065294528,"_runtime":1588.004587168,"_step":5,"_timestamp":1.7542184703289278e+09,"_wandb":{"runtime":1588}}