{"train_loss":3.935263166610571,"evaluate_loss":2.322385551815941,"evaluate_accuracy":0.10617876424715057,"_runtime":30.211078224,"_step":1,"_timestamp":1.7492140641607263e+09,"_wandb":{"runtime":30}}