{"_step":6,"_timestamp":1.7571514992171795e+09,"_wandb":{"runtime":306},"evaluate_accuracy":0.356,"evaluate_loss":1.6611798763275147,"train_loss":6.367713962390924,"_runtime":306.571861238}