{"_runtime":630.590938698,"_step":3,"_timestamp":1.754215444379951e+09,"_wandb":{"runtime":630},"evaluate_accuracy":0.2453509298140372,"evaluate_loss":1.897169880639939,"train_loss":12.452175303614682}