{"_wandb":{"runtime":17},"train_loss":5.822786324343104,"EXP_100_N8_R4_E3_CLIENT_02_status":0,"_runtime":17,"evaluate_accuracy":0.0992,"evaluate_loss":2.296489983797074,"_step":3,"_timestamp":1.7565720251274452e+09}