{"evaluate_accuracy":0.4448110377924415,"evaluate_loss":1.5421172289621263,"train_loss":4.7094692237657325,"_runtime":75438.264425306,"_step":11,"_timestamp":1.7542120517009668e+09,"_wandb":{"runtime":75438}}