{"_step":10,"_timestamp":1.7541791683952694e+09,"_wandb":{"runtime":70670},"evaluate_accuracy":0.4628,"evaluate_loss":1.497139118894746,"train_loss":10.507081874833702,"_runtime":70670.320204398}