{"EXP_088_N8_R4_E2_CLIENT_07_status":0,"_runtime":13,"_wandb":{"runtime":13},"evaluate_accuracy":0.2816,"_step":7,"_timestamp":1.7565500767592034e+09,"evaluate_loss":1.8698139369487763,"train_loss":3.750212109012968}