{"_step":0,"_wandb":{"runtime":28},"train_loss":7.3707020865927495,"_timestamp":1.749466817374329e+09,"_runtime":28.964072299}