{"_timestamp":1.7545871366952143e+09,"_wandb":{"runtime":27552},"evaluate_accuracy":0.3899220155968806,"evaluate_loss":1.6269002725493231,"train_loss":9.2038393819161,"_runtime":27552.292575091,"_step":8}