{"_runtime":102.101746475,"_step":1,"_timestamp":1.7541309719534967e+09,"_wandb":{"runtime":102},"train_loss":7.163898080062866,"evaluate_loss":2.4953845822887057,"evaluate_accuracy":0.1294}