{"_wandb":{"runtime":30},"evaluate_accuracy":0.206,"evaluate_loss":2.0007588068644204,"train_loss":5.595100143432617,"_runtime":30,"_step":3,"_timestamp":1.7571717783550563e+09}