{"_runtime":902.854175747,"partition_id":1,"_wandb":{"runtime":902},"train_loss":3.398035850524902,"client_name":"EXP_002_N2_R4_E2_CLIENT_02","_step":5,"evaluate_accuracy":0.3786,"_timestamp":1.7541505546073172e+09,"evaluate_loss":1.6559183620343543}