{"_runtime":28.079482397,"_step":1,"_timestamp":1.7541545200960145e+09,"evaluate_loss":2.4396025491139244,"evaluate_accuracy":0.097,"_wandb":{"runtime":28},"train_loss":3.980220103263855}