{"train_loss":7.3948343009613575,"_runtime":574.960788837,"_step":4,"_timestamp":1.7545822278194659e+09,"_wandb":{"runtime":574},"evaluate_accuracy":0.1508,"evaluate_loss":2.279247015337401}