{"_timestamp":1.7565464429088264e+09,"evaluate_loss":2.371938478946686,"evaluate_accuracy":0.1008,"_wandb":{"runtime":0},"_runtime":0,"_step":1,"EXP_083_N8_R4_E2_CLIENT_07_status":0}