{"_runtime":21.099502007,"_wandb":{"runtime":21},"_step":0,"train_loss":3.750605313682556,"_timestamp":1.7541295806447103e+09}