{"_step":5,"_timestamp":1.7565454022428985e+09,"_wandb":{"runtime":3},"evaluate_accuracy":0.40791841631673664,"evaluate_loss":1.6139248789481397,"EXP_080_N6_R4_E3_CLIENT_05_status":0,"_runtime":3}