{"_wandb":{"runtime":174},"evaluate_accuracy":0.32,"evaluate_loss":1.7483396798372268,"train_loss":8.360159152632306,"_runtime":174.361850966,"_step":4,"_timestamp":1.757154484658598e+09}