{"_wandb":{"runtime":3},"evaluate_loss":2.3535661970733837,"evaluate_accuracy":0.1456,"_timestamp":1.7477470213527346e+09,"_runtime":2.729522372,"_step":0}