{"_runtime":36,"_step":7,"_wandb":{"runtime":36},"evaluate_accuracy":0.288,"evaluate_loss":1.815596017241478,"EXP_105_N8_R4_E4_CLIENT_04_status":0,"_timestamp":1.7565743398854136e+09,"train_loss":6.4280784593266285}