{"_step":2,"_timestamp":1.756490139294726e+09,"_wandb":{"runtime":9},"evaluate_accuracy":0.187,"evaluate_loss":2.051481120288372,"train_loss":5.962223731040955,"_runtime":9}