{"_timestamp":1.7478330657890017e+09,"_wandb":{"runtime":1569181},"evaluate_accuracy":0.3324,"evaluate_loss":1.7780323375629474,"train_loss":3.5305179810752505,"_runtime":1.569179895796238e+06,"_step":19}