{"_wandb":{"runtime":121392},"evaluate_accuracy":0.4505098980203959,"evaluate_loss":1.4945411398297264,"train_loss":7.489737436925765,"_runtime":121392.297314076,"_step":11,"_timestamp":1.7542138263363132e+09}