{"evaluate_loss":2.3232825551714216,"evaluate_accuracy":0.1079136690647482,"_step":1,"_timestamp":1.7564887729601135e+09,"_wandb":{"runtime":8},"train_loss":6.193401286927916,"_runtime":8}