{"_wandb":{"runtime":0},"_runtime":0,"evaluate_loss":2.3290178030729294,"evaluate_accuracy":0.109,"_timestamp":1.756490097503346e+09,"_step":0}