{"_runtime":59.097589696,"_step":0,"train_loss":9.145639755249023,"_wandb":{"runtime":59},"_timestamp":1.7542073269702284e+09}