{"train_loss":5.505576901012759,"_runtime":992.4335603009999,"_step":5,"_timestamp":1.7492150538311083e+09,"_wandb":{"runtime":992},"evaluate_accuracy":0.2561487702459508,"evaluate_loss":1.9547995930626278}