{"_runtime":43,"_timestamp":1.7565743549094703e+09,"_wandb":{"runtime":43},"evaluate_loss":1.640455859899521,"EXP_105_N8_R4_E4_CLIENT_06_status":0,"_step":9,"evaluate_accuracy":0.4032,"train_loss":7.185660251386606}