{"_wandb":{"runtime":5},"evaluate_loss":1.8627727508544922,"EXP_088_N8_R4_E2_CLIENT_02_status":0,"_timestamp":1.7565500755288663e+09,"evaluate_accuracy":0.3096,"train_loss":4.611195781428343,"_runtime":5,"_step":6}