{"_runtime":115.092350484,"_step":1,"_timestamp":1.754171712579742e+09,"_wandb":{"runtime":115},"train_loss":8.993892480850219,"evaluate_accuracy":0.1018,"evaluate_loss":2.3109935575230107}