{"EXP_095_N3_R3_E3_CLIENT_01_status":0,"_wandb":{"runtime":22},"_runtime":22,"_timestamp":1.7565693813716118e+09,"train_loss":5.939648608223711,"_step":0}