{"_runtime":106.460451628,"_step":1,"_timestamp":1.7542197626359932e+09,"_wandb":{"runtime":106},"evaluate_loss":2.3230585478529147,"evaluate_accuracy":0.0852,"train_loss":12.349369831740283}