{"_runtime":86.265890916,"_step":1,"_timestamp":1.7542128604695475e+09,"_wandb":{"runtime":86},"train_loss":9.396587109394211,"evaluate_loss":2.311005249477568,"evaluate_accuracy":0.10827834433113377}