{"_timestamp":1.7571543158423202e+09,"_wandb":{"runtime":350},"evaluate_accuracy":0.2248,"evaluate_loss":1.902815681695938,"train_loss":8.762205448120262,"_runtime":350.241056638,"_step":4}