{"evaluate_loss":2.6641934115415924,"evaluate_accuracy":0.114,"_timestamp":1.7477757812516007e+09,"_runtime":6.323180134,"_step":0,"_wandb":{"runtime":7}}