{"_runtime":705.874296062,"_step":4,"_timestamp":1.7541771836152678e+09,"_wandb":{"runtime":705},"evaluate_accuracy":0.1772,"evaluate_loss":2.2337325237974337,"train_loss":8.70610179268895}