{"train_loss":4.019374904155732,"evaluate_loss":2.435212014213441,"evaluate_accuracy":0.1085,"_runtime":26.132392628,"_step":1,"_timestamp":1.7541545197246978e+09,"_wandb":{"runtime":26}}