{"train_loss":9.21662802513415,"_runtime":298.197940278,"_step":3,"_timestamp":1.7545821848129323e+09,"_wandb":{"runtime":298},"evaluate_accuracy":0.1456,"evaluate_loss":2.2799898038936566}