{"EXP_106_N8_R5_E4_CLIENT_04_status":0,"_runtime":19,"evaluate_loss":2.3020528078079225,"evaluate_accuracy":0.1128,"_step":2,"_timestamp":1.7565746951376004e+09,"_wandb":{"runtime":19},"train_loss":8.00188658419688}