{"_wandb":{"runtime":16},"EXP_098_N4_R4_E3_CLIENT_04_status":0,"_timestamp":1.756571154935128e+09,"evaluate_accuracy":0.3868,"evaluate_loss":1.632680746573436,"train_loss":5.2350334622227725,"_runtime":16,"_step":4}