{"_runtime":5004.780790325,"_step":7,"_timestamp":1.7494617935887308e+09,"_wandb":{"runtime":5004},"evaluate_accuracy":0.4024,"evaluate_loss":1.5812693811525964,"train_loss":4.8970723741531375}