{"_timestamp":1.7565467693906515e+09,"train_loss":6.9149827425646935,"_wandb":{"runtime":10},"evaluate_accuracy":0.108,"evaluate_loss":2.302583521604538,"EXP_084_N8_R4_E3_CLIENT_06_status":0,"_runtime":10,"_step":4}