{"evaluate_loss":1.9230121045277035,"_runtime":0,"_step":1,"_timestamp":1.7564906000431693e+09,"_wandb":{"runtime":0},"evaluate_accuracy":0.22087912087912087}