{"_timestamp":1.7565508595582383e+09,"evaluate_loss":2.3193216264247893,"evaluate_accuracy":0.1,"_step":1,"EXP_090_N8_R4_E2_CLIENT_05_status":0,"_wandb":{"runtime":0},"_runtime":0}