{"train_loss":9.295720614183445,"_runtime":203.20254107,"_step":2,"_timestamp":1.7541764204754732e+09,"_wandb":{"runtime":203},"evaluate_accuracy":0.0968,"evaluate_loss":2.509780135335802}