{"EXP_080_N6_R4_E3_CLIENT_02_status":0,"_timestamp":1.7565452951242754e+09,"train_loss":5.719392033284931,"_step":0,"_wandb":{"runtime":12},"_runtime":12}