{"EXP_079_N6_R4_E2_CLIENT_03_status":0,"_runtime":15,"_step":5,"_timestamp":1.756545057323151e+09,"_wandb":{"runtime":15},"evaluate_loss":1.98922339700303,"train_loss":3.831936602387131,"evaluate_accuracy":0.241751649670066}