{"train_loss":10.970914599427767,"_runtime":228.963844033,"_step":2,"_timestamp":1.7545861094360805e+09,"_wandb":{"runtime":228},"evaluate_accuracy":0.09718056388722256,"evaluate_loss":2.3188032654096498}