{"EXP_098_N4_R4_E3_CLIENT_04_status":0,"_runtime":17,"_step":6,"evaluate_loss":1.5949674844741821,"train_loss":5.2350334622227725,"_timestamp":1.756571200830341e+09,"_wandb":{"runtime":17},"evaluate_accuracy":0.4316}