{"_wandb":{"runtime":803425193},"evaluate_accuracy":0.32933413317336535,"evaluate_loss":1.7353626875650314,"train_loss":3.4615045888818425,"_runtime":8.034251931916305e+08,"_step":28,"_timestamp":1.7478337056575415e+09}