{"_wandb":{"runtime":287},"_runtime":287.944957917,"train_loss":6.136663213230315,"_timestamp":1.7564806022848022e+09,"_step":0}