{"train_loss":4.710346323408955,"_runtime":34941.920826335,"_step":10,"_timestamp":1.7542120347074137e+09,"_wandb":{"runtime":34941},"evaluate_accuracy":0.4253149370125975,"evaluate_loss":1.5356081962585448}