{"_runtime":2236.083234144,"_step":6,"_timestamp":1.7542113879844296e+09,"_wandb":{"runtime":2236},"evaluate_accuracy":0.3494301139772046,"evaluate_loss":1.692661113966079,"train_loss":5.065263000323618}