{"_step":4,"_timestamp":1.7542166760908515e+09,"_wandb":{"runtime":408},"evaluate_accuracy":0.1904,"evaluate_loss":2.084383176851876,"train_loss":5.472022765360701,"_runtime":408.904588455}