{"evaluate_loss":1.4977484588410444,"train_loss":7.555639544582367,"_runtime":77176.366424391,"_step":10,"_timestamp":1.7542087301488018e+09,"_wandb":{"runtime":77176},"evaluate_accuracy":0.4706}