{"_timestamp":1.7492145204794054e+09,"_wandb":{"runtime":79},"evaluate_accuracy":0.16286742651469707,"evaluate_loss":2.2305936654408773,"train_loss":3.651407238962553,"_runtime":79.92137353,"_step":2}