{"_step":3,"_timestamp":1.7545868134180148e+09,"_wandb":{"runtime":803},"evaluate_accuracy":0.277744451109778,"evaluate_loss":1.9132640946586177,"train_loss":10.672398340188716,"_runtime":803.81828956}