{"evaluate_loss":1.7791715571834783,"train_loss":3.602337672996521,"_runtime":1077.578123038,"_step":5,"_timestamp":1.7541294643987436e+09,"_wandb":{"runtime":1077},"evaluate_accuracy":0.3478}