{"_step":8,"_timestamp":1.7571557965811586e+09,"_wandb":{"runtime":275},"evaluate_accuracy":0.3808,"evaluate_loss":1.6049194514751435,"train_loss":8.159074282190602,"_runtime":275}