{"_timestamp":1.7565757437201428e+09,"_wandb":{"runtime":30},"evaluate_loss":2.5767001271247865,"evaluate_accuracy":0.0888,"train_loss":9.899828237333116,"EXP_108_N8_R5_E5_CLIENT_04_status":0,"_runtime":30,"_step":2}