{"_step":9,"_timestamp":1.7542105559819872e+09,"_wandb":{"runtime":56979},"evaluate_accuracy":0.408,"evaluate_loss":1.582532740702295,"train_loss":10.809262720298769,"_runtime":56979.392859256}