{"_wandb":{"runtime":8},"evaluate_accuracy":0.09130913091309131,"evaluate_loss":2.38913316562258,"_runtime":8.146254414,"_step":1,"train_loss":5.795126736164093,"_timestamp":1.7564905823471642e+09}