{"evaluate_loss":2.4189206075064744,"train_loss":5.432764162651647,"_runtime":102.926592031,"_step":2,"_timestamp":1.7542171844228342e+09,"_wandb":{"runtime":102},"evaluate_accuracy":0.1028}