{"_runtime":279.327538035,"_step":5,"_timestamp":1.7571514994353423e+09,"_wandb":{"runtime":279},"evaluate_accuracy":0.348,"evaluate_loss":1.6560572296380998,"train_loss":6.465923912965568}