{"_wandb":{"runtime":74},"train_loss":9.217443507188444,"EXP_110_N8_R5_E4_CLIENT_06_status":0,"_runtime":74,"_step":2,"evaluate_loss":2.29759840965271,"evaluate_accuracy":0.092,"_timestamp":1.7571494808165424e+09}