{"_runtime":2554.778910235,"_step":5,"_timestamp":1.7542148760524113e+09,"_wandb":{"runtime":2554},"evaluate_accuracy":0.3977204559088182,"evaluate_loss":1.5957081238428752,"train_loss":11.76991678970895}