{"evaluate_loss":2.2808964674985863,"train_loss":10.877856088903384,"_runtime":432.025730212,"_step":3,"_timestamp":1.754583988541966e+09,"_wandb":{"runtime":432},"evaluate_accuracy":0.1372}