{"evaluate_accuracy":0.3872,"evaluate_loss":1.642518695396713,"train_loss":8.13880826489994,"_runtime":12953.274735226,"_step":8,"_timestamp":1.7542192256230695e+09,"_wandb":{"runtime":12953}}