{"_wandb":{"runtime":27762},"evaluate_accuracy":0.3935212957408518,"evaluate_loss":1.621742993030908,"train_loss":9.261943619502219,"_runtime":27762.513719598,"_step":8,"_timestamp":1.7545871376621685e+09}