{"_runtime":87.96248556,"_step":1,"_timestamp":1.7541779774566364e+09,"_wandb":{"runtime":88},"train_loss":13.201219720200609,"evaluate_loss":2.3148659331889094,"evaluate_accuracy":0.112}