{"train_loss":8.474858857643833,"EXP_108_N8_R5_E5_CLIENT_08_status":0,"_runtime":67,"_step":10,"_wandb":{"runtime":67},"evaluate_loss":1.6980985790491103,"_timestamp":1.7565759111450005e+09,"evaluate_accuracy":0.372}