{"_timestamp":1.756543886480181e+09,"_wandb":{"runtime":8},"evaluate_accuracy":0.28134373125374923,"evaluate_loss":1.8659797479521554,"train_loss":3.819217351635107,"EXP_078_N6_R3_E2_CLIENT_06_status":0,"_runtime":8,"_step":6}