{"evaluate_accuracy":0.3632,"evaluate_loss":1.6548162622816245,"train_loss":3.4202121088027955,"_runtime":872.763726643,"_step":5,"_timestamp":1.7492050091443617e+09,"_wandb":{"runtime":872}}