{"_wandb":{"runtime":1},"_runtime":1,"evaluate_accuracy":0.10377924415116976,"_step":1,"EXP_096_N3_R4_E3_CLIENT_03_status":0,"_timestamp":1.756570371952199e+09,"evaluate_loss":2.390802122297741}