{"evaluate_accuracy":0.3984,"train_loss":6.516649943248481,"_step":11,"_timestamp":1.7571490857733755e+09,"_wandb":{"runtime":224},"evaluate_loss":1.5939008861780166,"EXP_109_N8_R5_E4_CLIENT_01_status":0,"_runtime":224}