{"_timestamp":1.7477451328385308e+09,"_runtime":21.834187729,"_step":0,"train_loss":3.594339591421955,"_wandb":{"runtime":21}}