{"evaluate_accuracy":0.386,"evaluate_loss":1.644743389721158,"train_loss":8.188118064365447,"_runtime":11862.017976428,"_step":8,"_timestamp":1.7541773228081574e+09,"_wandb":{"runtime":11862}}