{"_timestamp":1.7564823846777084e+09,"_step":0,"train_loss":5.663924418318386,"_wandb":{"runtime":20},"_runtime":20.190491697}