{"_runtime":4060.296460466,"_step":6,"_timestamp":1.754179004605351e+09,"_wandb":{"runtime":4060},"evaluate_accuracy":0.4156,"evaluate_loss":1.612443591974959,"train_loss":10.970167111093625}