{"_timestamp":1.754174488775038e+09,"_wandb":{"runtime":494},"evaluate_accuracy":0.19976004799040192,"evaluate_loss":2.037105971912168,"train_loss":9.557888499287326,"_runtime":494.022984421,"_step":3}