{"train_loss":9.008493778811898,"evaluate_accuracy":0.1256,"evaluate_loss":2.22135134935379,"_runtime":47.14902225,"_step":2,"_timestamp":1.7571555285298223e+09,"_wandb":{"runtime":47}}