{"EXP_104_N8_R5_E3_CLIENT_08_status":0,"_step":4,"_timestamp":1.756573784708931e+09,"_wandb":{"runtime":10},"evaluate_accuracy":0.1976,"_runtime":10,"evaluate_loss":2.0167474657297135,"train_loss":5.747398570085028}