{"_timestamp":1.7477458810092714e+09,"_runtime":14.835674474,"_wandb":{"runtime":14},"_step":0,"train_loss":3.5550558689972767}