{"evaluate_accuracy":0.3788242351529694,"_runtime":43,"_timestamp":1.7565704559522197e+09,"_wandb":{"runtime":43},"evaluate_loss":1.6883743229366484,"train_loss":5.004556692332673,"EXP_096_N3_R4_E3_CLIENT_02_status":0,"_step":5}