{"_wandb":{"runtime":2899},"evaluate_accuracy":0.3556,"evaluate_loss":1.7160540019409567,"train_loss":8.128702814205766,"_runtime":2899.17610295,"_step":6,"_timestamp":1.754176559929087e+09}