{"_timestamp":1.7571511202091722e+09,"_wandb":{"runtime":30},"_runtime":30.995547207,"_step":0,"train_loss":7.727739188321836}