{"_timestamp":1.754207130255976e+09,"_wandb":{"runtime":336146},"evaluate_accuracy":0.4422,"evaluate_loss":1.5031420159491764,"train_loss":4.553421014595032,"_runtime":336146.942629041,"_step":13}