{"_timestamp":1.7565748483167367e+09,"_wandb":{"runtime":54},"evaluate_loss":1.722087013721466,"_step":8,"evaluate_accuracy":0.3584,"train_loss":6.754075584138275,"EXP_106_N8_R5_E4_CLIENT_03_status":0,"_runtime":54}