{"evaluate_loss":1.7880358943399393,"train_loss":6.96260078329789,"_runtime":46,"_step":8,"_timestamp":1.7565458125263524e+09,"EXP_081_N6_R4_E4_CLIENT_03_status":0,"_wandb":{"runtime":46},"evaluate_accuracy":0.33293341331733656}