{"_step":1,"_timestamp":1.7494616112838962e+09,"_wandb":{"runtime":60},"train_loss":5.5477641017913815,"evaluate_loss":2.322040447004282,"evaluate_accuracy":0.0862,"_runtime":60.788232266}