{"_step":1249,"loss":1.9606841802597046,"epoch":1,"accuracy":0.34375,"_wandb":{"runtime":25},"_timestamp":1.745861362849882e+09,"_runtime":24.323558801}