{"_step":4,"_timestamp":1.7541756544376237e+09,"_wandb":{"runtime":743},"evaluate_accuracy":0.1872,"evaluate_loss":2.0775317662878883,"train_loss":8.671437091720751,"_runtime":743.213852964}