{"evaluate_accuracy":0.10197960407918416,"evaluate_loss":2.3736160746160544,"train_loss":7.466182524507696,"_runtime":123.161050433,"_step":2,"_timestamp":1.7563104565773776e+09,"_wandb":{"runtime":123}}