{"_wandb":{"runtime":35},"_runtime":35.348620446,"_timestamp":1.7571553534922447e+09,"_step":0,"train_loss":9.644784994186109}