{"_step":0,"_wandb":{"runtime":27},"train_loss":7.511968739032746,"_timestamp":1.7563098839646673e+09,"_runtime":27.245161161}