{"_wandb":{"runtime":123},"train_loss":9.883406957941192,"evaluate_loss":2.3264221290372453,"evaluate_accuracy":0.09658068386322735,"_runtime":123.786148055,"_step":1,"_timestamp":1.7541743925491033e+09}