{"train_loss":7.596714081382752,"_timestamp":1.74946251956118e+09,"_wandb":{"runtime":39},"_runtime":39.153190798,"_step":0}