{"train_loss":3.8580336839675904,"_timestamp":1.7492034489513793e+09,"_runtime":20.208433791,"_step":0,"_wandb":{"runtime":20}}