{"_wandb":{"runtime":41},"evaluate_accuracy":0.2385,"evaluate_loss":2.037128357660203,"train_loss":8.487961091041566,"_runtime":41.23891425,"_step":3,"_timestamp":1.7571721688150837e+09}