{"evaluate_accuracy":0.364,"evaluate_loss":1.7154598934635237,"train_loss":3.396340403556824,"_runtime":4.294967316323868e+09,"_step":38,"_timestamp":1.7479203917924502e+09,"_wandb":{"runtime":4294967316}}