{"_timestamp":1.754584854750093e+09,"_wandb":{"runtime":2301},"evaluate_accuracy":0.28014397120575885,"evaluate_loss":1.865568536632466,"train_loss":7.336998155242519,"_runtime":2301.860863004,"_step":5}