{"evaluate_loss":2.0008856058120728,"train_loss":13.278615829281913,"_runtime":2258.483324839,"_step":5,"_timestamp":1.7541781548960671e+09,"_wandb":{"runtime":2258},"evaluate_accuracy":0.2208}