{"_step":4,"_timestamp":1.756310547089601e+09,"_wandb":{"runtime":814},"evaluate_accuracy":0.1205758848230354,"evaluate_loss":2.253918908677011,"train_loss":7.346276316346164,"_runtime":814.580297932}