{"_runtime":2607.163931499,"_step":6,"_timestamp":1.7492164341484962e+09,"_wandb":{"runtime":2607},"evaluate_accuracy":0.3608278344331134,"evaluate_loss":1.6833126692544846,"train_loss":6.436288534594382}