{"_wandb":{"runtime":484},"evaluate_accuracy":0.172,"evaluate_loss":2.172787183447729,"train_loss":12.437045400896771,"_runtime":484.220197315,"_step":3,"_timestamp":1.754221053181055e+09}