{"train_loss":3.645298345756531,"_timestamp":1.7477483255940907e+09,"_runtime":21.015080744,"_step":0,"_wandb":{"runtime":21}}