{"evaluate_loss":1.9500897876800052,"train_loss":9.264374937057497,"_runtime":26,"_step":2,"_timestamp":1.7571724602846496e+09,"_wandb":{"runtime":26},"evaluate_accuracy":0.239}