{"train_loss":8.167943616803184,"_runtime":78.287194136,"evaluate_loss":2.352501131453604,"evaluate_accuracy":0.09658068386322735,"_step":1,"_timestamp":1.756310399996576e+09,"_wandb":{"runtime":78}}