{"evaluate_accuracy":0.3592,"evaluate_loss":1.7474718667283844,"train_loss":8.30658322401321,"_runtime":2956.075994279,"_step":6,"_timestamp":1.7541757212763872e+09,"_wandb":{"runtime":2956}}