{"evaluate_accuracy":0.4487102579484103,"evaluate_loss":1.5232101417723156,"train_loss":4.710346323408955,"_runtime":69884.218006882,"_step":11,"_timestamp":1.7542120508616393e+09,"_wandb":{"runtime":69884}}