{"_step":8,"_timestamp":1.7478321106837378e+09,"_wandb":{"runtime":759},"evaluate_accuracy":0.108,"evaluate_loss":2.307401604950428,"train_loss":4.121289978981018,"_runtime":759.173500731}