{"evaluate_accuracy":0.2411517696460708,"evaluate_loss":1.968263452393668,"train_loss":5.455722692201463,"_runtime":506.159128173,"_step":4,"_timestamp":1.7542109268561273e+09,"_wandb":{"runtime":506}}