{"_timestamp":1.754154520637103e+09,"_wandb":{"runtime":22},"train_loss":4.0265844855308535,"_runtime":22.036966015,"_step":1,"evaluate_loss":2.4300379563891696,"evaluate_accuracy":0.103}