{"EXP_108_N8_R5_E5_CLIENT_04_status":0,"_timestamp":1.7565757283102472e+09,"train_loss":9.899828237333116,"_wandb":{"runtime":30},"_runtime":30,"_step":0}