{"evaluate_accuracy":0.1058,"evaluate_loss":2.302553489709356,"train_loss":4.607980749893189,"_runtime":104.322914342,"_step":2,"_timestamp":1.749205910735577e+09,"_wandb":{"runtime":104}}