{"_wandb":{"runtime":168},"evaluate_accuracy":0.1016,"evaluate_loss":2.490666570542734,"train_loss":9.254465135903404,"_runtime":168.895844454,"_step":2,"_timestamp":1.7541771140738833e+09}