{"_runtime":21,"_step":2,"_timestamp":1.756574233305477e+09,"_wandb":{"runtime":21},"train_loss":7.544146285694875,"evaluate_accuracy":0.1,"evaluate_loss":2.314873158931732,"EXP_105_N8_R4_E4_CLIENT_08_status":0}