{"train_loss":6.430355312151201,"_runtime":21420.102893012,"_step":9,"_timestamp":1.7545856109688594e+09,"_wandb":{"runtime":21420},"evaluate_accuracy":0.39532093581283745,"evaluate_loss":1.5839454812823601}