{"train_loss":9.791484710507499,"_timestamp":1.7542183094340317e+09,"_wandb":{"runtime":35},"_runtime":35.158173225,"_step":0}