{"_wandb":{"runtime":1631},"evaluate_accuracy":0.14817036592681462,"evaluate_loss":2.197328414557115,"train_loss":11.290539326850308,"_runtime":1631.217445954,"_step":4,"_timestamp":1.7545862517014132e+09}