{"_step":5,"_timestamp":1.7545848554922385e+09,"_wandb":{"runtime":1575},"evaluate_accuracy":0.26454709058188364,"evaluate_loss":1.8735058914940312,"train_loss":7.320480165869426,"_runtime":1575.814884297}