{"_timestamp":1.7565742509880564e+09,"_wandb":{"runtime":21},"evaluate_accuracy":0.1856,"train_loss":7.618144464340939,"EXP_105_N8_R4_E4_CLIENT_06_status":0,"_runtime":21,"_step":4,"evaluate_loss":2.0187256962060927}