{"train_loss":9.127394002437592,"_runtime":21,"_step":3,"_timestamp":1.7571725115404692e+09,"_wandb":{"runtime":21},"evaluate_accuracy":0.411,"evaluate_loss":1.6024225193356711}