{"_step":1,"train_loss":9.155332252478145,"_timestamp":1.757154245550177e+09,"_wandb":{"runtime":147},"evaluate_accuracy":0.1,"evaluate_loss":2.3826828241348266,"_runtime":147.462089104}