{"evaluate_accuracy":0.117,"evaluate_loss":2.268388547003269,"train_loss":4.22344388961792,"_runtime":67.514435838,"_step":3,"_timestamp":1.7478322183063707e+09,"_wandb":{"runtime":68}}