{"evaluate_loss":1.6442978344266377,"train_loss":7.877830443382263,"_runtime":89.767096896,"_step":6,"_timestamp":1.757172544962056e+09,"_wandb":{"runtime":89},"evaluate_accuracy":0.3975}