{"_wandb":{"runtime":66},"train_loss":9.215839818798951,"evaluate_loss":2.45919311160133,"evaluate_accuracy":0.09958008398320337,"_runtime":66.59303305,"_step":1,"_timestamp":1.7492158245411599e+09}