{"_timestamp":1.7542120332579384e+09,"_wandb":{"runtime":37308},"evaluate_accuracy":0.4343131373725254,"evaluate_loss":1.531857470103673,"train_loss":4.743573685915922,"_runtime":37308.000785003,"_step":10}