{"_wandb":{"runtime":6676},"evaluate_accuracy":0.4116,"evaluate_loss":1.597340334819842,"train_loss":8.051833319206969,"_runtime":6676.55370254,"_step":7,"_timestamp":1.7541731611195064e+09}