{"_wandb":{"runtime":79},"EXP_107_N8_R4_E5_CLIENT_04_status":0,"_runtime":79,"_timestamp":1.7565752906558785e+09,"evaluate_accuracy":0.2392,"evaluate_loss":1.9297106087207792,"train_loss":8.49444506958032,"_step":6}