{"train_loss":7.6026725335121155,"_runtime":240.016882942,"_step":3,"_timestamp":1.7563099681346805e+09,"_wandb":{"runtime":240},"evaluate_accuracy":0.2355,"evaluate_loss":2.0334090221495855}