{"_wandb":{"runtime":45},"train_loss":11.068485103476162,"_timestamp":1.7545838923968904e+09,"_runtime":45.08221244,"_step":0}