{"_step":8,"_timestamp":1.7542192242438297e+09,"_wandb":{"runtime":13240},"evaluate_accuracy":0.3872,"evaluate_loss":1.6472451113447355,"train_loss":8.175502691025171,"_runtime":13240.150642925}