{"train_loss":9.74559544376209,"_runtime":6851.060728345,"_step":6,"_timestamp":1.754587028085415e+09,"_wandb":{"runtime":6851},"evaluate_accuracy":0.3353329334133173,"evaluate_loss":1.7153654076018423}