{"evaluate_loss":2.0063025527530245,"train_loss":7.750300665807457,"_runtime":475.570183114,"_step":3,"_timestamp":1.7563110311007586e+09,"_wandb":{"runtime":475},"evaluate_accuracy":0.22883135059482154}