{"_wandb":{"runtime":44},"train_loss":8.800565821661365,"_timestamp":1.7542134374454534e+09,"_runtime":44.061280999,"_step":0}