{"evaluate_accuracy":0.0984,"_timestamp":1.7571522266551e+09,"_step":0,"_wandb":{"runtime":0},"_runtime":0,"evaluate_loss":2.325037831068039}