{"_wandb":{"runtime":14},"train_loss":4.016329058823875,"_timestamp":1.7541540895099862e+09,"_runtime":14.992723643,"_step":0}