{"evaluate_accuracy":0.1752,"evaluate_loss":2.083157518241979,"train_loss":8.696207713014402,"_runtime":345.975060764,"_step":3,"_timestamp":1.7541764368933775e+09,"_wandb":{"runtime":346}}