{"_wandb":{"runtime":1001},"evaluate_accuracy":0.2088,"evaluate_loss":2.083074633079239,"train_loss":11.460149502221007,"_runtime":1001.94491567,"_step":4,"_timestamp":1.7541789195207655e+09}