{"_timestamp":1.7564911263558557e+09,"_wandb":{"runtime":31},"evaluate_accuracy":0.27218225419664266,"evaluate_loss":1.899894732016104,"train_loss":5.299600866862706,"_runtime":31.065938963,"_step":4}