{"_step":3,"_timestamp":1.7541563576532078e+09,"_wandb":{"runtime":289},"evaluate_accuracy":0.3602,"evaluate_loss":1.722793582138742,"train_loss":3.4884968143463135,"_runtime":288.999936247}