{"EXP_078_N6_R3_E2_CLIENT_04_status":0,"_timestamp":1.7565438861094975e+09,"_wandb":{"runtime":16},"evaluate_accuracy":0.30353929214157166,"train_loss":3.8476862114582335,"_runtime":16,"_step":7,"evaluate_loss":1.8483390358259093}