{"evaluate_accuracy":0.1684,"evaluate_loss":2.0674441726344406,"train_loss":8.684017786026,"_runtime":565.094170325,"_step":3,"_timestamp":1.7542083910151265e+09,"_wandb":{"runtime":565}}