{"_runtime":46,"_step":5,"_wandb":{"runtime":46},"evaluate_loss":1.969798919558525,"train_loss":7.570055427824616,"_timestamp":1.7565747565162623e+09,"evaluate_accuracy":0.2264,"EXP_106_N8_R5_E4_CLIENT_01_status":0}