{"evaluate_accuracy":0.1128,"train_loss":3.955432396316528,"_runtime":42.754859291,"_step":1,"_timestamp":1.7494606755920925e+09,"_wandb":{"runtime":42},"evaluate_loss":2.2754657283710067}