{"_wandb":{"runtime":20},"train_loss":6.911963518860815,"EXP_097_N3_R4_E3_CLIENT_02_status":0,"_runtime":20,"_step":2,"evaluate_loss":2.2840512139456615,"evaluate_accuracy":0.11067786442711458,"_timestamp":1.756570728012935e+09}