{"_wandb":{"runtime":64},"train_loss":4.915577990545644,"_step":10,"evaluate_accuracy":0.4205158968206359,"evaluate_loss":1.5783087162744431,"EXP_096_N3_R4_E3_CLIENT_02_status":0,"_runtime":64,"_timestamp":1.756570523133889e+09}