{"evaluate_accuracy":0.0968,"_runtime":79.949716325,"_step":1,"_timestamp":1.7541755364780686e+09,"_wandb":{"runtime":79},"train_loss":9.569868210786447,"evaluate_loss":2.3223568155795715}