{"EXP_105_N8_R4_E4_CLIENT_02_status":0,"_step":6,"_runtime":58,"_timestamp":1.7565742882361412e+09,"_wandb":{"runtime":58},"evaluate_accuracy":0.1728,"evaluate_loss":2.0257883816957474,"train_loss":7.192310320343941}