{"evaluate_loss":1.845647060871124,"train_loss":7.231657549833796,"_runtime":184.500953356,"_step":6,"_timestamp":1.7571523906918979e+09,"_wandb":{"runtime":184},"evaluate_accuracy":0.2864}