{"_step":5,"_timestamp":1.7571557118981972e+09,"_wandb":{"runtime":219},"evaluate_accuracy":0.2632,"evaluate_loss":1.9185407996177672,"train_loss":8.612714841866948,"_runtime":219.064431989}