{"evaluate_accuracy":0.3812237552489502,"_wandb":{"runtime":3},"_timestamp":1.7477459629505727e+09,"_runtime":2.174382827,"_step":0,"evaluate_loss":1.6316823493866695}