{"train_loss":7.373692767471788,"_step":0,"EXP_081_N6_R4_E4_CLIENT_01_status":0,"_wandb":{"runtime":16},"_runtime":16,"_timestamp":1.7565456740378668e+09}