{"_step":13,"_wandb":{"runtime":74},"evaluate_accuracy":0.4,"evaluate_loss":1.5938953071832658,"train_loss":6.44541461452557,"_runtime":74,"_timestamp":1.7565749222844064e+09,"EXP_106_N8_R5_E4_CLIENT_03_status":0}