{"_timestamp":1.7541724276068041e+09,"_wandb":{"runtime":898},"evaluate_accuracy":0.1889622075584883,"evaluate_loss":2.155710548446292,"train_loss":8.340833832319978,"_runtime":898.014759371,"_step":4}