{"train_loss":7.013914386051123,"_runtime":3182.314425092,"_step":6,"_timestamp":1.7545849623178148e+09,"_wandb":{"runtime":3182},"evaluate_accuracy":0.26454709058188364,"evaluate_loss":1.8735058914940312}