{"_runtime":1418.455604382,"_step":5,"_timestamp":1.7563091453298264e+09,"_wandb":{"runtime":1418},"evaluate_accuracy":0.3749250149970006,"evaluate_loss":1.6593833639508202,"train_loss":6.712058906646655}