{"_timestamp":1.7477398521823466e+09,"_runtime":7.283620968,"_step":0,"_wandb":{"runtime":8},"loss":2.374143857047671,"accuracy":0.10257948410317937}