{"_wandb":{"runtime":20},"_step":0,"train_loss":3.7231405881881714,"_timestamp":1.7478282200950751e+09,"_runtime":20.395683211}