{"evaluate_loss":2.1375112353630787,"train_loss":7.379510069577888,"_runtime":507.710375927,"_step":3,"_timestamp":1.7545853562603507e+09,"_wandb":{"runtime":507},"evaluate_accuracy":0.20035992801439712}