{"_step":11,"train_loss":5.103305386889512,"_runtime":57,"_timestamp":1.7565734922040808e+09,"_wandb":{"runtime":57},"evaluate_accuracy":0.4016,"evaluate_loss":1.624785253405571,"EXP_103_N8_R4_E3_CLIENT_03_status":0}