{"_step":37,"_timestamp":1.7479203590073462e+09,"_wandb":{"runtime":4294967298},"evaluate_accuracy":0.364,"evaluate_loss":1.7154598934635235,"train_loss":3.512455918884277,"_runtime":4.294967298874099e+09}