{"train_loss":4.609603244028274,"evaluate_loss":2.3226104736328126,"evaluate_accuracy":0.0952,"EXP_090_N8_R4_E2_CLIENT_04_status":0,"_runtime":6,"_step":2,"_timestamp":1.7565508581538136e+09,"_wandb":{"runtime":6}}