{"_step":0,"train_loss":3.6883057924769194,"_wandb":{"runtime":13},"_timestamp":1.747745362445997e+09,"_runtime":13.892372168}