{"_wandb":{"runtime":243},"_step":3,"evaluate_accuracy":0.2814,"_runtime":243.044880492,"train_loss":3.5449745355606077,"evaluate_loss":1.885188612968299,"client_name":"EXP_001_Nunknown_R3_E2_CLIENT_02","partition_id":0,"_timestamp":1.7541482435109568e+09}