{"_step":12,"_wandb":{"runtime":36},"evaluate_accuracy":0.3936,"train_loss":5.023802883306127,"_runtime":36,"_timestamp":1.7565739287221136e+09,"evaluate_loss":1.6458201915025712,"EXP_104_N8_R5_E3_CLIENT_07_status":0}