{"_step":2,"evaluate_loss":2.318354660272598,"evaluate_accuracy":0.0928,"_timestamp":1.7565751896543384e+09,"_wandb":{"runtime":25},"train_loss":9.686946781577578,"EXP_107_N8_R4_E5_CLIENT_05_status":0,"_runtime":25}