{"_timestamp":1.756482995663848e+09,"_wandb":{"runtime":271},"_runtime":271.475185315,"_step":0,"train_loss":5.9709642248153685}