{"train_loss":16.12788268416334,"_timestamp":1.7542146773235276e+09,"_runtime":62.325938535,"_step":0,"_wandb":{"runtime":62}}