{"_step":0,"_wandb":{"runtime":0},"_runtime":0,"evaluate_loss":2.3305303846086773,"evaluate_accuracy":0.10171017101710171,"_timestamp":1.7564887778682957e+09}