{"_wandb":{"runtime":450},"client_name":"EXP_002_N2_R4_E2_CLIENT_02","evaluate_accuracy":0.2684,"evaluate_loss":1.8321444676939849,"_timestamp":1.7541505372521372e+09,"partition_id":1,"_runtime":450.038547061,"train_loss":3.398035850524902,"_step":4}