{"evaluate_accuracy":0.09900990099009901,"_step":1,"EXP_101_N9_R4_E3_CLIENT_05_status":0,"_timestamp":1.756572437605591e+09,"evaluate_loss":2.3068030902317593,"_wandb":{"runtime":0},"_runtime":0}