{"_timestamp":1.7563098996293645e+09,"_wandb":{"runtime":58},"train_loss":9.215778700828553,"_runtime":58.215346163,"evaluate_loss":2.282690858084058,"evaluate_accuracy":0.128,"_step":1}