{"_wandb":{"runtime":1735},"evaluate_accuracy":0.32213557288542294,"evaluate_loss":1.7728211992191818,"train_loss":7.416794839087856,"_runtime":1735.888911612,"_step":5,"_timestamp":1.756310562916405e+09}