{"evaluate_loss":1.5001483123013928,"train_loss":4.650857099533081,"_runtime":398610.942297204,"_step":13,"_timestamp":1.7542071319290972e+09,"_wandb":{"runtime":398610},"evaluate_accuracy":0.4432}