{"_runtime":101,"_wandb":{"runtime":101},"evaluate_accuracy":0.3256,"evaluate_loss":1.765892055630684,"train_loss":8.298364838217474,"_step":9,"_timestamp":1.756575893900194e+09,"EXP_108_N8_R5_E5_CLIENT_03_status":0}