{"_timestamp":1.754174674895498e+09,"_wandb":{"runtime":4303},"evaluate_accuracy":0.27294541091781643,"evaluate_loss":1.8834872785604224,"train_loss":8.83940546364305,"_runtime":4303.217060045,"_step":6}