{"evaluate_accuracy":0.106,"evaluate_loss":2.334633645557222,"train_loss":4.185710129261017,"_runtime":140.000917854,"_step":3,"_timestamp":1.754154575477934e+09,"_wandb":{"runtime":140}}