{"train_loss":10.897187586409597,"_runtime":204.409022602,"_step":2,"_timestamp":1.7545833881388843e+09,"_wandb":{"runtime":204},"evaluate_accuracy":0.0952,"evaluate_loss":2.3807474178603933}