{"train_loss":12.089194822368576,"_runtime":1319.920850455,"_step":4,"_timestamp":1.754215518403998e+09,"_wandb":{"runtime":1319},"evaluate_accuracy":0.2453509298140372,"evaluate_loss":1.897169880639939}