{"_timestamp":1.7542184470340955e+09,"_wandb":{"runtime":745},"evaluate_accuracy":0.1364,"evaluate_loss":2.176952069318747,"train_loss":9.011888544780378,"_runtime":745.188082121,"_step":4}