{"_wandb":{"runtime":28},"_runtime":28.349476693,"_step":0,"train_loss":9.215778700828553,"_timestamp":1.756309883635797e+09}