{"_wandb":{"runtime":15},"_runtime":15,"EXP_086_N8_R4_E5_CLIENT_04_status":0,"_timestamp":1.7565474437216344e+09,"train_loss":10.032120015970461,"_step":0}