{"_timestamp":1.7542114432884693e+09,"_wandb":{"runtime":8521},"evaluate_accuracy":0.3749250149970006,"evaluate_loss":1.646841946102324,"train_loss":4.944981643050123,"_runtime":8521.996924611,"_step":8}