{"evaluate_accuracy":0.09112709832134291,"evaluate_loss":2.4145951624269837,"train_loss":5.830395166079203,"_runtime":15.243855363,"_step":1,"_timestamp":1.7564910842489216e+09,"_wandb":{"runtime":15}}