{"_wandb":{"runtime":9},"_runtime":9.641711486,"train_loss":5.962223731040955,"_timestamp":1.7564900754365702e+09,"_step":0}