{"_wandb":{"runtime":34},"loss":1.6113146543502808,"epoch":2,"accuracy":0.5,"_timestamp":1.7458608101662073e+09,"_runtime":33.53949452,"_step":1874}