{"_wandb":{"runtime":16},"train_loss":6.909726701724302,"evaluate_loss":2.3020262002944945,"evaluate_accuracy":0.0968,"EXP_104_N8_R5_E3_CLIENT_04_status":0,"_runtime":16,"_step":2,"_timestamp":1.7565737363868098e+09}