{"_step":0,"_wandb":{"runtime":272},"_runtime":272.608222139,"train_loss":6.005345423698425,"_timestamp":1.756482997066282e+09}