{"train_loss":5.290156225204468,"_runtime":45,"_timestamp":1.75657297824818e+09,"_wandb":{"runtime":45},"EXP_102_N10_R4_E3_CLIENT_04_status":0,"_step":9,"evaluate_accuracy":0.296,"evaluate_loss":1.8373865559697151}