{"_runtime":84022.809594629,"_step":11,"_timestamp":1.7542070684239624e+09,"_wandb":{"runtime":84022},"evaluate_accuracy":0.4356,"evaluate_loss":1.5165279602548878,"train_loss":4.608017253684998}