{"evaluate_loss":1.6085988476162865,"train_loss":4.944981643050123,"_runtime":17044.371450542,"_step":9,"_timestamp":1.7542114597721028e+09,"_wandb":{"runtime":17044},"evaluate_accuracy":0.3977204559088182}