{"_runtime":1413.97261432,"_step":5,"_timestamp":1.7542184700634713e+09,"_wandb":{"runtime":1414},"evaluate_accuracy":0.304,"evaluate_loss":1.8466409625886362,"train_loss":8.91615833756261}