{"evaluate_loss":2.115713315190009,"train_loss":7.352223714002582,"_runtime":753.254519001,"_step":4,"_timestamp":1.7545848173201463e+09,"_wandb":{"runtime":753},"evaluate_accuracy":0.1859628074385123}