{"train_loss":7.124822259235153,"_runtime":344.367399157,"_step":3,"_timestamp":1.7494669027085779e+09,"_wandb":{"runtime":344},"evaluate_accuracy":0.14967006598680263,"evaluate_loss":2.113267791838873}