{"evaluate_accuracy":0.1752,"evaluate_loss":2.0908729672431945,"train_loss":7.8125463253373555,"_runtime":99,"_step":2,"_timestamp":1.7571522832063878e+09,"_wandb":{"runtime":99}}