{"_timestamp":1.7542119946099274e+09,"_wandb":{"runtime":17458},"evaluate_accuracy":0.4253149370125975,"evaluate_loss":1.5356081962585448,"train_loss":4.807905859512677,"_runtime":17458.416600927,"_step":9}