{"train_loss":3.653939769935608,"client_name":"EXP_001_N2_R3_E2_CLIENT_01","_wandb":{"runtime":23},"partition_id":0,"_timestamp":1.7541500795511217e+09,"_runtime":23.185371434,"_step":0}