{"_wandb":{"runtime":4294967313},"evaluate_accuracy":0.33353329334133175,"evaluate_loss":1.7300975141071138,"train_loss":3.5043317376852605,"_runtime":4.294967313230352e+09,"_step":28,"_timestamp":1.7478337105173478e+09}