{"train_loss":8.161421271646098,"EXP_109_N8_R5_E4_CLIENT_02_status":0,"_runtime":25,"evaluate_loss":2.3270145654678345,"evaluate_accuracy":0.0896,"_step":2,"_timestamp":1.7571487891063154e+09,"_wandb":{"runtime":25}}