{"_wandb":{"runtime":12},"_runtime":12.698046782,"_timestamp":1.756489221038287e+09,"_step":0,"train_loss":5.963035877343196}