{"_runtime":62.193821752,"_step":0,"_wandb":{"runtime":62},"train_loss":12.557386516952972,"_timestamp":1.7542153330501575e+09}