{"evaluate_accuracy":0.09508098380323936,"_runtime":54.84405208,"_step":1,"_timestamp":1.754211232225513e+09,"_wandb":{"runtime":54},"train_loss":5.849736396643183,"evaluate_loss":2.4359673091343472}