{"_wandb":{"runtime":858},"evaluate_accuracy":0.2936,"evaluate_loss":1.8978340293787703,"train_loss":10.3839898292249,"_runtime":858.255184422,"_step":4,"_timestamp":1.7545834618375983e+09}