{"_step":4,"_timestamp":1.7565508952073832e+09,"_wandb":{"runtime":6},"evaluate_accuracy":0.1016,"_runtime":6,"evaluate_loss":2.3018787443637847,"train_loss":4.608105073309249,"EXP_090_N8_R4_E2_CLIENT_07_status":0}