{"_timestamp":1.749205757034843e+09,"_wandb":{"runtime":1779},"evaluate_accuracy":0.386,"evaluate_loss":1.6558108489224863,"train_loss":3.268310876083374,"_runtime":1779.091694151,"_step":6}