{"train_loss":5.922738561630249,"_timestamp":1.7571717155639632e+09,"_step":0,"_wandb":{"runtime":12},"_runtime":12.821077826}