{"_wandb":{"runtime":545},"evaluate_accuracy":0.20995800839832032,"evaluate_loss":2.096200259226673,"train_loss":7.523673971874292,"_runtime":545.886872302,"_step":3,"_timestamp":1.7545847606264114e+09}