{"_timestamp":1.7564806013590493e+09,"_wandb":{"runtime":287},"_runtime":287.560900124,"_step":0,"train_loss":6.918851627622332}