{"_runtime":7,"_timestamp":1.7565508417917104e+09,"train_loss":4.101731625332195,"_step":0,"EXP_090_N8_R4_E2_CLIENT_02_status":0,"_wandb":{"runtime":7}}