{"_wandb":{"runtime":52808},"evaluate_accuracy":0.3908,"evaluate_loss":1.6470238106160224,"train_loss":7.984253916496667,"_runtime":52808.136299918,"_step":10,"_timestamp":1.7541773969454262e+09}