{"_wandb":{"runtime":0},"evaluate_accuracy":0.234,"evaluate_loss":1.9688360255862039,"_runtime":0,"_step":1,"_timestamp":1.7571717786547637e+09}