{"_step":1,"_timestamp":1.7542202742926521e+09,"_wandb":{"runtime":108},"train_loss":12.902226189835766,"evaluate_loss":2.361089561558977,"evaluate_accuracy":0.098,"_runtime":108.213629099}