{"_runtime":70.489805457,"_step":1,"evaluate_loss":2.553301629566011,"evaluate_accuracy":0.11727654469106179,"_timestamp":1.7563090234316094e+09,"_wandb":{"runtime":70},"train_loss":7.22639544175969}