{"_step":8,"_timestamp":1.7571545454647043e+09,"_wandb":{"runtime":513},"evaluate_accuracy":0.3336,"evaluate_loss":1.67940034866333,"train_loss":8.33389998773101,"_runtime":513.356789542}