{"_runtime":2088.83293534,"_step":5,"_timestamp":1.7541718851795874e+09,"_wandb":{"runtime":2088},"evaluate_accuracy":0.3698,"evaluate_loss":1.6682668225780415,"train_loss":8.048661750984191}