{"train_loss":5.813011711570108,"EXP_100_N8_R4_E3_CLIENT_01_status":0,"_runtime":9,"_step":2,"evaluate_loss":2.2956182777881624,"evaluate_accuracy":0.1152,"_timestamp":1.7565719984840467e+09,"_wandb":{"runtime":9}}