{"_step":1,"_timestamp":1.7564910829145885e+09,"_wandb":{"runtime":14},"evaluate_accuracy":0.09832134292565949,"evaluate_loss":2.374613227667632,"train_loss":5.6510329246521,"_runtime":14.78910561}