{"evaluate_accuracy":0.2495500899820036,"_runtime":7,"evaluate_loss":1.9586887089711316,"train_loss":3.956551262066125,"EXP_078_N6_R3_E2_CLIENT_04_status":0,"_step":4,"_timestamp":1.7565438485723004e+09,"_wandb":{"runtime":7}}