{"train_loss":5.982156974494837,"_runtime":12,"evaluate_loss":2.3647719979286195,"evaluate_accuracy":0.1144,"_step":1,"_timestamp":1.7564892362724485e+09,"_wandb":{"runtime":12}}