{"evaluate_accuracy":0.09900990099009901,"_timestamp":1.7564896555736501e+09,"_wandb":{"runtime":0},"_runtime":0,"_step":0,"evaluate_loss":2.307751526151385}