{"_step":6,"evaluate_accuracy":0.1016,"_timestamp":1.7565468102404244e+09,"_wandb":{"runtime":9},"evaluate_loss":2.3026595532894136,"train_loss":6.91157129767594,"EXP_084_N8_R4_E3_CLIENT_08_status":0,"_runtime":9}