{"train_loss":9.53722556305539,"_runtime":311,"_step":3,"_timestamp":1.7571542622430608e+09,"_wandb":{"runtime":311},"evaluate_accuracy":0.22,"evaluate_loss":1.8933932185173035}