{"_timestamp":1.7565739291297598e+09,"_wandb":{"runtime":42},"evaluate_accuracy":0.3888,"evaluate_loss":1.6383699208498002,"train_loss":4.916476274751554,"EXP_104_N8_R5_E3_CLIENT_01_status":0,"_runtime":42,"_step":12}