{"_step":1,"_timestamp":1.7564896508128421e+09,"_wandb":{"runtime":8},"train_loss":6.913104901210867,"evaluate_accuracy":0.11061151079136691,"evaluate_loss":2.3091225351606095,"_runtime":8}