{"evaluate_loss":2.5381705462932587,"_runtime":22,"_step":1,"_timestamp":1.7571553724981472e+09,"_wandb":{"runtime":22},"train_loss":9.702974283011857,"evaluate_accuracy":0.0952}