{"train_loss":7.211261237637278,"_runtime":511.838373943,"_step":3,"_timestamp":1.7545853585749013e+09,"_wandb":{"runtime":511},"evaluate_accuracy":0.1841631673665267,"evaluate_loss":2.146623768896427}