{"_timestamp":1.7565512659404974e+09,"_wandb":{"runtime":32},"evaluate_accuracy":0.1008,"EXP_091_N8_R4_E5_CLIENT_03_status":0,"_runtime":32,"_step":3,"evaluate_loss":2.3517329454422,"train_loss":9.315717208157679}