{"_wandb":{"runtime":24509},"evaluate_accuracy":0.096,"evaluate_loss":2.331100617782979,"train_loss":4.111009308705315,"_runtime":24508.081850845,"_step":13,"_timestamp":1.7478329199968798e+09}