{"_runtime":82.142011255,"_step":2,"_timestamp":1.7492140965462546e+09,"_wandb":{"runtime":82},"evaluate_accuracy":0.09658068386322737,"evaluate_loss":2.3240596453348794,"train_loss":3.677998298935467}