{"_timestamp":1.7494631656721125e+09,"_wandb":{"runtime":728},"evaluate_accuracy":0.34553089382123575,"evaluate_loss":1.7306545575459797,"train_loss":3.525132046329032,"_runtime":728.22070232,"_step":5}