{"evaluate_loss":1.9031224608421327,"_runtime":30,"_step":5,"_timestamp":1.7565475061764367e+09,"evaluate_accuracy":0.2536,"train_loss":9.057308079330785,"EXP_086_N8_R4_E5_CLIENT_04_status":0,"_wandb":{"runtime":30}}