{"evaluate_loss":2.4953845822887057,"train_loss":6.860661359405517,"_runtime":247.94969184,"_step":2,"_timestamp":1.754131029949027e+09,"_wandb":{"runtime":247},"evaluate_accuracy":0.1294}