{"_runtime":21,"_timestamp":1.756545120976583e+09,"train_loss":3.4486967530547146,"EXP_079_N6_R4_E2_CLIENT_02_status":0,"_step":8,"_wandb":{"runtime":21},"evaluate_accuracy":0.34133173365326935,"evaluate_loss":1.7680426228721189}