{"_timestamp":1.7541729932800758e+09,"_wandb":{"runtime":206},"evaluate_accuracy":0.1024,"evaluate_loss":2.5218975513796265,"train_loss":9.608782410621643,"_runtime":206.226020812,"_step":2}