{"_timestamp":1.7541730153632953e+09,"_wandb":{"runtime":414},"evaluate_accuracy":0.1332,"evaluate_loss":2.2227066770384583,"train_loss":9.608782410621645,"_runtime":414.161720297,"_step":3}