{"_timestamp":1.7541737567411692e+09,"_wandb":{"runtime":672},"evaluate_accuracy":0.2265,"evaluate_loss":2.003434690218123,"train_loss":9.206023195266724,"_runtime":672.620609326,"_step":3}