{"evaluate_loss":2.3047308772802353,"evaluate_accuracy":0.081,"_step":1,"EXP_102_N10_R4_E3_CLIENT_09_status":0,"_timestamp":1.7565728654884362e+09,"_wandb":{"runtime":0},"_runtime":0}