{"_step":3,"_timestamp":1.7564911526384323e+09,"_wandb":{"runtime":20},"evaluate_accuracy":0.35251798561151076,"evaluate_loss":1.723904468395092,"train_loss":5.361120186533246,"_runtime":20}