{"evaluate_loss":1.8631100096280064,"train_loss":8.464985247618094,"_runtime":3212.321986791,"_step":6,"_timestamp":1.7542185236423235e+09,"_wandb":{"runtime":3212},"evaluate_accuracy":0.308}