{"_step":1,"_timestamp":1.7542189602764966e+09,"_wandb":{"runtime":78},"train_loss":11.52016364804472,"_runtime":78.309060743,"evaluate_loss":2.3148822754244263,"evaluate_accuracy":0.1008}