{"evaluate_accuracy":0.09718056388722256,"_runtime":75.901112102,"_step":1,"_timestamp":1.754584682815145e+09,"_wandb":{"runtime":75},"train_loss":7.899461377180364,"evaluate_loss":2.3334692064321265}