{"_timestamp":1.756572417638889e+09,"train_loss":6.03371604312238,"_step":0,"_wandb":{"runtime":7},"_runtime":7,"EXP_101_N9_R4_E3_CLIENT_01_status":0}