{"_step":6,"_timestamp":1.7542130689314682e+09,"_wandb":{"runtime":3400},"evaluate_accuracy":0.3194361127774445,"evaluate_loss":1.7594106310889834,"train_loss":8.303140361817906,"_runtime":3400.202958624}