{"_wandb":{"runtime":28180},"evaluate_accuracy":0.4332,"evaluate_loss":1.5310774498347994,"train_loss":4.749014782067686,"_runtime":28180.899504068,"_step":10,"_timestamp":1.7542174085479748e+09}