{"evaluate_accuracy":0.1052,"evaluate_loss":2.548754897298692,"train_loss":12.039744614793088,"_runtime":219.989938801,"_step":2,"_timestamp":1.7541788335116837e+09,"_wandb":{"runtime":219}}