{"evaluate_loss":1.5209998982293265,"train_loss":10.449809006506877,"_runtime":80462.953555831,"_step":10,"_timestamp":1.7542157869560187e+09,"_wandb":{"runtime":80462},"evaluate_accuracy":0.4304139172165567}