{"train_loss":8.102980918185725,"_runtime":180.465504368,"_step":7,"_timestamp":1.7571557787794678e+09,"_wandb":{"runtime":180},"evaluate_accuracy":0.3464,"evaluate_loss":1.7025784522294998}