{"_timestamp":1.7571721160087316e+09,"_wandb":{"runtime":40},"evaluate_accuracy":0.1125,"evaluate_loss":2.371148011041066,"train_loss":8.809487813472748,"_runtime":40.172035339,"_step":2}