{"_timestamp":1.7492149410658953e+09,"_wandb":{"runtime":46},"train_loss":6.081272065782433,"evaluate_loss":2.376329798925491,"evaluate_accuracy":0.09928014397120576,"_runtime":46.2237103,"_step":1}