{"evaluate_loss":1.9999042749404907,"EXP_079_N6_R4_E2_CLIENT_05_status":0,"_step":4,"_timestamp":1.7565450556261516e+09,"evaluate_accuracy":0.20815836832633472,"train_loss":3.776834425173308,"_runtime":8,"_wandb":{"runtime":8}}