{"_wandb":{"runtime":29},"evaluate_accuracy":0.4035,"train_loss":5.017358785152435,"_timestamp":1.7565716068923204e+09,"evaluate_loss":1.6365391489059207,"EXP_099_N5_R4_E3_CLIENT_01_status":0,"_runtime":29,"_step":7}