{"_runtime":113.980157937,"evaluate_accuracy":0.09598080383923216,"evaluate_loss":2.354712684199495,"_step":1,"_timestamp":1.754584681857278e+09,"_wandb":{"runtime":114},"train_loss":7.470889969305559}