{"_wandb":{"runtime":467},"evaluate_accuracy":0.2456,"evaluate_loss":2.0210645651515526,"train_loss":5.128039160475564,"_runtime":467.954732686,"_step":4,"_timestamp":1.7542172425336626e+09}