{"_step":7,"_timestamp":1.7571496714735115e+09,"train_loss":7.392552436537044,"_runtime":173,"_wandb":{"runtime":173},"evaluate_accuracy":0.3192,"evaluate_loss":1.7222020357847214,"EXP_110_N8_R5_E4_CLIENT_05_status":0}