{"_wandb":{"runtime":22},"train_loss":9.15913863992691,"_runtime":22,"evaluate_loss":2.37283570425851,"evaluate_accuracy":0.1045,"_step":1,"_timestamp":1.7571720787715993e+09}