{"_wandb":{"runtime":282},"evaluate_accuracy":0.1148,"evaluate_loss":2.3211402078218097,"train_loss":7.481648432561003,"_runtime":282.04109575,"_step":3,"_timestamp":1.754582714676719e+09}