{"_timestamp":1.7494625164706311e+09,"_runtime":38.144949979,"_step":0,"_wandb":{"runtime":38},"train_loss":7.312917525482177}