{"_timestamp":1.756545692615436e+09,"evaluate_loss":2.365994430937857,"evaluate_accuracy":0.10197960407918416,"_step":1,"_wandb":{"runtime":0},"_runtime":0,"EXP_081_N6_R4_E4_CLIENT_06_status":0}