{"evaluate_loss":1.6843856692314148,"evaluate_accuracy":0.356,"train_loss":8.18715276232191,"EXP_086_N8_R4_E5_CLIENT_03_status":0,"_runtime":47,"_step":8,"_timestamp":1.756547581405855e+09,"_wandb":{"runtime":47}}