{"_timestamp":1.7545856719655702e+09,"_wandb":{"runtime":70943},"evaluate_accuracy":0.41871625674865026,"evaluate_loss":1.5943888875673402,"train_loss":6.319187092438839,"_runtime":70943.16669186,"_step":10}