{"evaluate_loss":2.574292016029358,"train_loss":9.323328898211194,"_runtime":55,"_timestamp":1.7565757833296506e+09,"_wandb":{"runtime":55},"EXP_108_N8_R5_E5_CLIENT_02_status":0,"_step":3,"evaluate_accuracy":0.092}