{"_wandb":{"runtime":216},"evaluate_accuracy":0.17726454709058187,"evaluate_loss":2.181069706735157,"train_loss":5.403895768330251,"_runtime":216.152064048,"_step":3,"_timestamp":1.7492154350540879e+09}