{"_runtime":462.279245552,"_step":3,"_timestamp":1.7542198461860461e+09,"_wandb":{"runtime":462},"evaluate_accuracy":0.1272,"evaluate_loss":2.4709804631486723,"train_loss":13.0061969460009}