{"evaluate_accuracy":0.27834433113377327,"evaluate_loss":1.865284886814299,"train_loss":7.11774314907815,"_runtime":326.478499377,"_step":3,"_timestamp":1.7492158907245646e+09,"_wandb":{"runtime":326}}