{"train_loss":8.598620331954956,"_runtime":498.948516959,"_step":3,"_timestamp":1.7541717958395343e+09,"_wandb":{"runtime":498},"evaluate_accuracy":0.2476,"evaluate_loss":1.918823457827234}