{"_runtime":47,"_step":3,"_timestamp":1.7571555464883256e+09,"_wandb":{"runtime":47},"evaluate_accuracy":0.26,"evaluate_loss":1.8831437438726426,"train_loss":9.008493778811898}