{"_wandb":{"runtime":91},"evaluate_accuracy":0.10107978404319136,"evaluate_loss":2.356611833118257,"train_loss":3.7571142431643367,"_runtime":91.014668323,"_step":2,"_timestamp":1.749463097117885e+09}