{"_step":1,"EXP_099_N5_R4_E3_CLIENT_05_status":0,"_timestamp":1.756571526683573e+09,"evaluate_loss":2.505643170977396,"evaluate_accuracy":0.1145,"_wandb":{"runtime":0},"_runtime":0}