{"train_loss":7.632099215976727,"_timestamp":1.7563094199378498e+09,"_wandb":{"runtime":24},"_runtime":24.060047775,"_step":0}