{"EXP_080_N6_R4_E3_CLIENT_02_status":0,"_timestamp":1.7565453562608197e+09,"evaluate_accuracy":0.29994001199760045,"train_loss":5.4540098985416465,"_runtime":24,"_step":5,"_wandb":{"runtime":24},"evaluate_loss":1.8304683959709023}