{"_wandb":{"runtime":32},"train_loss":5.5617735439300535,"_timestamp":1.7541299300652912e+09,"_runtime":32.149009348,"_step":0}