{"evaluate_loss":1.7525786310434341,"train_loss":5.3939254198074345,"_step":9,"_timestamp":1.7565729925633495e+09,"_wandb":{"runtime":22},"evaluate_accuracy":0.373,"EXP_102_N10_R4_E3_CLIENT_05_status":0,"_runtime":22}