{"evaluate_accuracy":0.1152115211521152,"_runtime":9,"_step":1,"_timestamp":1.756488772835387e+09,"_wandb":{"runtime":9},"train_loss":6.10761252152834,"evaluate_loss":2.318999590192522}