{"train_loss":10.970914599427768,"_runtime":457.753299542,"_step":3,"_timestamp":1.7545861587352233e+09,"_wandb":{"runtime":457},"evaluate_accuracy":0.15056988602279545,"evaluate_loss":2.1944696228459195}