{"_step":0,"_wandb":{"runtime":13},"train_loss":3.8958589498945275,"_timestamp":1.749214473340956e+09,"_runtime":13.938413668}