{"evaluate_loss":2.3396851593935035,"train_loss":12.172852600344454,"_runtime":246.037554949,"_step":2,"_timestamp":1.7542210304234593e+09,"_wandb":{"runtime":246},"evaluate_accuracy":0.0952}