{"_step":0,"evaluate_loss":1.7099659090950377,"evaluate_accuracy":0.33293341331733656,"_timestamp":1.7477466875127695e+09,"_wandb":{"runtime":2},"_runtime":2.256261557}