{"_timestamp":1.754211917957316e+09,"_wandb":{"runtime":2322},"evaluate_accuracy":0.3914217156568686,"evaluate_loss":1.6690129654748098,"train_loss":4.947344804267518,"_runtime":2322.016680475,"_step":6}