{"train_loss":6.124204504013061,"_timestamp":1.7564829975298097e+09,"_wandb":{"runtime":273},"_runtime":273.429354415,"_step":0}