{"_wandb":{"runtime":16},"_runtime":16,"_step":0,"EXP_103_N8_R4_E3_CLIENT_04_status":0,"_timestamp":1.7565733299557798e+09,"train_loss":5.8744966839529145}