{"_step":9,"_timestamp":1.7542213084683473e+09,"_wandb":{"runtime":35560},"evaluate_accuracy":0.4172,"evaluate_loss":1.5815339088439941,"train_loss":10.80342008168705,"_runtime":35560.149726241}