{"_wandb":{"runtime":3660},"evaluate_accuracy":0.2416,"evaluate_loss":1.9394915979119796,"train_loss":9.880376582328504,"_runtime":3660.122443036,"_step":6,"_timestamp":1.754584118649471e+09}