{"evaluate_loss":2.3850278808957053,"evaluate_accuracy":0.09538092381523695,"_timestamp":1.7477451005839784e+09,"_runtime":11.574338688,"_wandb":{"runtime":11},"_step":0}