{"train_loss":3.973265057182312,"_runtime":42.934669358,"_step":1,"evaluate_loss":2.300727906500458,"evaluate_accuracy":0.1234,"_timestamp":1.749460286230436e+09,"_wandb":{"runtime":42}}