{"_timestamp":1.7545854268434336e+09,"_wandb":{"runtime":1071},"evaluate_accuracy":0.1907618476304739,"evaluate_loss":2.1593523092989653,"train_loss":6.909739077946786,"_runtime":1071.149827081,"_step":4}