{"train_loss":7.265030305448482,"evaluate_loss":2.534135745820545,"evaluate_accuracy":0.11037792441511697,"_runtime":62.158558952,"_step":1,"_timestamp":1.7563090211624868e+09,"_wandb":{"runtime":62}}