{"_timestamp":1.7541529736186967e+09,"_wandb":{"runtime":440},"evaluate_accuracy":0.3352,"evaluate_loss":1.8075743283435797,"train_loss":3.639644038772583,"_runtime":440.243096406,"_step":4}