{"train_loss":4.083316055211154,"_step":0,"EXP_078_N6_R3_E2_CLIENT_02_status":0,"_timestamp":1.7565437894013774e+09,"_wandb":{"runtime":7},"_runtime":7}