{"evaluate_loss":1.6096627984728131,"train_loss":4.764976128399801,"_runtime":2025.889290175,"_step":6,"_timestamp":1.7494652973934262e+09,"_wandb":{"runtime":2025},"evaluate_accuracy":0.4139172165566886}