{"_runtime":17,"_step":6,"_timestamp":1.7565464988355865e+09,"_wandb":{"runtime":17},"evaluate_accuracy":0.2512,"evaluate_loss":1.9477684199810028,"train_loss":3.5463378604050653,"EXP_083_N8_R4_E2_CLIENT_04_status":0}