{"evaluate_accuracy":0.3677264547090582,"train_loss":5.310865606335427,"_runtime":42,"_step":5,"evaluate_loss":1.7112817798342024,"EXP_096_N3_R4_E3_CLIENT_01_status":0,"_timestamp":1.7565704237421513e+09,"_wandb":{"runtime":42}}