{"_wandb":{"runtime":413},"evaluate_accuracy":0.1264,"evaluate_loss":2.3861284544513484,"train_loss":11.384792532348634,"_runtime":413.105283994,"_step":2,"_timestamp":1.7542091165261722e+09}