{"train_loss":5.166953255804323,"_step":6,"EXP_097_N3_R4_E3_CLIENT_01_status":0,"_runtime":58,"_timestamp":1.7565708122217698e+09,"_wandb":{"runtime":58},"evaluate_accuracy":0.3251349730053989,"evaluate_loss":1.7809523718697684}