{"_wandb":{"runtime":70},"train_loss":9.256377139411414,"_runtime":70.340158421,"_step":1,"evaluate_loss":2.484948885591724,"evaluate_accuracy":0.1096,"_timestamp":1.7541763657446325e+09}