{"_timestamp":1.754156285753533e+09,"_runtime":29.034658418,"_step":0,"_wandb":{"runtime":29},"train_loss":3.697184487915039}