{"train_loss":3.8319366023871315,"EXP_079_N6_R4_E2_CLIENT_03_status":0,"_runtime":15,"_wandb":{"runtime":15},"evaluate_accuracy":0.09658068386322737,"evaluate_loss":2.3486026503005117,"_step":3,"_timestamp":1.7565450425489125e+09}