{"_step":4,"_timestamp":1.7542125579508138e+09,"_wandb":{"runtime":820},"evaluate_accuracy":0.28344331133773243,"evaluate_loss":1.8684829621087935,"train_loss":8.107789306046008,"_runtime":820.169615865}