{"EXP_102_N10_R4_E3_CLIENT_07_status":0,"_step":4,"_wandb":{"runtime":11},"evaluate_loss":2.040355406701565,"train_loss":5.886704922676087,"_runtime":11,"_timestamp":1.7565729082720118e+09,"evaluate_accuracy":0.188}