{"_wandb":{"runtime":13},"_runtime":13,"_step":0,"EXP_105_N8_R4_E4_CLIENT_02_status":0,"_timestamp":1.75657416365285e+09,"train_loss":8.887518790117495}