{"EXP_080_N6_R4_E3_CLIENT_06_status":0,"_timestamp":1.7565453137971725e+09,"evaluate_loss":2.2306819951759196,"evaluate_accuracy":0.15236952609478105,"_step":1,"_wandb":{"runtime":0},"_runtime":0}