{"_runtime":5866.546816856,"_step":6,"_timestamp":1.7541739700821712e+09,"_wandb":{"runtime":5866},"evaluate_accuracy":0.3455,"evaluate_loss":1.756756854435754,"train_loss":8.14279629278183}