{"_runtime":23638.261861698,"_step":9,"_timestamp":1.7542192417675824e+09,"_wandb":{"runtime":23638},"evaluate_accuracy":0.4132,"evaluate_loss":1.5754403841646412,"train_loss":8.153918663152872}