{"_timestamp":1.7565758374552066e+09,"evaluate_accuracy":0.1496,"evaluate_loss":2.218022683262825,"EXP_108_N8_R5_E5_CLIENT_04_status":0,"_runtime":76,"_wandb":{"runtime":76},"train_loss":8.591115574168551,"_step":6}