{"train_loss":6.720414862072439,"_runtime":1272.304701081,"_step":5,"_timestamp":1.756309144827352e+09,"_wandb":{"runtime":1272},"evaluate_accuracy":0.38962207558488304,"evaluate_loss":1.6463583628336589}