{"_step":5,"_timestamp":1.7545834814427297e+09,"_wandb":{"runtime":1718},"evaluate_accuracy":0.37,"evaluate_loss":1.699064600316784,"train_loss":10.3839898292249,"_runtime":1718.072459454}