{"_timestamp":1.7542171846903212e+09,"_wandb":{"runtime":100},"evaluate_accuracy":0.1004,"evaluate_loss":2.412740755684768,"train_loss":5.410582497097052,"_runtime":100.920834894,"_step":2}