{"_step":2,"_timestamp":1.7564633784511006e+09,"_wandb":{"runtime":49},"evaluate_accuracy":0.10257948410317937,"evaluate_loss":2.606492641993931,"train_loss":5.315452638289911,"_runtime":49.171318073}