{"_wandb":{"runtime":49},"_step":0,"train_loss":9.235091151046753,"_timestamp":1.7542077250855746e+09,"_runtime":49.050010608}