{"_step":8,"_wandb":{"runtime":28},"evaluate_loss":1.683562421798706,"_timestamp":1.75657208330328e+09,"evaluate_accuracy":0.3904,"train_loss":5.386438616521799,"EXP_100_N8_R4_E3_CLIENT_01_status":0,"_runtime":28}