{"train_loss":9.577744568498751,"_runtime":14685.103464544,"_step":8,"_timestamp":1.754584199425239e+09,"_wandb":{"runtime":14685},"evaluate_accuracy":0.4024,"evaluate_loss":1.6144330893890768}