{"_step":3,"_timestamp":1.7478322169384308e+09,"_wandb":{"runtime":1230},"evaluate_accuracy":0.11,"evaluate_loss":2.271915502846241,"train_loss":4.07596319770813,"_runtime":1229.465825692}