{"_wandb":{"runtime":0},"evaluate_accuracy":0.27894421115776846,"evaluate_loss":1.8114577644276169,"EXP_082_N6_R4_E5_CLIENT_05_status":0,"_runtime":0,"_step":3,"_timestamp":1.7565461183975935e+09}