{"_runtime":148.039095833,"_step":2,"_timestamp":1.7545821683989766e+09,"_wandb":{"runtime":148},"evaluate_accuracy":0.0864,"evaluate_loss":2.339686372612096,"train_loss":9.21662802513415}