{"_timestamp":1.7565468089941988e+09,"_wandb":{"runtime":18},"evaluate_accuracy":0.1016,"evaluate_loss":2.3023886024951934,"EXP_084_N8_R4_E3_CLIENT_06_status":0,"train_loss":6.910398706509049,"_runtime":18,"_step":7}