{"_wandb":{"runtime":2176},"evaluate_accuracy":0.3749250149970006,"evaluate_loss":1.6712321380399309,"train_loss":10.196133460724752,"_runtime":2176.12955989,"_step":5,"_timestamp":1.754586931093594e+09}