{"_wandb":{"runtime":32},"evaluate_accuracy":0.2432,"evaluate_loss":1.9479454189538956,"_runtime":32,"_timestamp":1.7565734767158933e+09,"train_loss":5.019142519136903,"EXP_103_N8_R4_E3_CLIENT_04_status":0,"_step":7}