{"_step":2,"_timestamp":1.756548422559181e+09,"_wandb":{"runtime":6},"train_loss":3.9244612584448166,"evaluate_accuracy":0.1424,"evaluate_loss":2.2741190969944,"EXP_087_N8_R4_E2_CLIENT_08_status":0,"_runtime":6}