{"_timestamp":1.7542068485735562e+09,"_wandb":{"runtime":1529},"evaluate_accuracy":0.406,"evaluate_loss":1.597873769747983,"train_loss":4.980319919967651,"_runtime":1529.024742037,"_step":5}