{"_timestamp":1.7542059225749178e+09,"_wandb":{"runtime":301},"evaluate_accuracy":0.3554,"evaluate_loss":1.712155847033118,"train_loss":5.212985556793213,"_runtime":300.959993092,"_step":3}