{"evaluate_loss":1.757970032095909,"train_loss":3.975834915592413,"_step":8,"_wandb":{"runtime":6},"EXP_090_N8_R4_E2_CLIENT_03_status":0,"_runtime":6,"_timestamp":1.756550970270005e+09,"evaluate_accuracy":0.3576}