{"_wandb":{"runtime":30},"evaluate_accuracy":0.108,"evaluate_loss":2.3655337303403825,"train_loss":5.595100143432617,"_runtime":30.041969423,"_step":2,"_timestamp":1.7571717630509462e+09}