{"train_loss":5.354088899042966,"_runtime":1006.732540342,"_step":5,"_timestamp":1.7542109471090004e+09,"_wandb":{"runtime":1006},"evaluate_accuracy":0.33893221355728853,"evaluate_loss":1.7731690395446051}