{"_step":4,"_timestamp":1.7545854268480318e+09,"_wandb":{"runtime":1067},"evaluate_accuracy":0.20035992801439712,"evaluate_loss":2.1375112353630787,"train_loss":7.06097629537993,"_runtime":1067.957305679}