{"_runtime":1164.970013779,"_step":4,"_timestamp":1.7542143867861052e+09,"_wandb":{"runtime":1164},"evaluate_accuracy":0.1898620275944811,"evaluate_loss":2.131613062676929,"train_loss":11.752987119219572}