{"_timestamp":1.756545016736187e+09,"_wandb":{"runtime":8},"train_loss":4.026848965854736,"EXP_079_N6_R4_E2_CLIENT_03_status":0,"_runtime":8,"_step":2,"evaluate_loss":2.3486026503005117,"evaluate_accuracy":0.09658068386322735}