{"_wandb":{"runtime":8},"train_loss":6.045234103854612,"evaluate_loss":2.316610642841884,"evaluate_accuracy":0.08820882088208822,"_runtime":8,"_step":1,"_timestamp":1.7564896512114036e+09}