{"_step":0,"_wandb":{"runtime":14},"_runtime":14,"EXP_098_N4_R4_E3_CLIENT_01_status":0,"_timestamp":1.756571090182785e+09,"train_loss":5.668811255369705}