{"_wandb":{"runtime":31},"evaluate_accuracy":0.3812,"evaluate_loss":1.6522694494150862,"EXP_098_N4_R4_E3_CLIENT_01_status":0,"_runtime":31,"_step":5,"_timestamp":1.7565711539429197e+09,"train_loss":5.1701615686995535}