{"_runtime":74.336004159,"_step":1,"_timestamp":1.7563104007342625e+09,"_wandb":{"runtime":74},"train_loss":7.74814208785883,"evaluate_loss":2.3577139377593994,"evaluate_accuracy":0.10077984403119376}