{"_timestamp":1.7571511373911376e+09,"_wandb":{"runtime":32},"evaluate_loss":2.434305101633072,"evaluate_accuracy":0.0984,"train_loss":7.403506061074081,"_runtime":32,"_step":1}