{"train_loss":10.833836281108857,"_runtime":228091.241054385,"_step":11,"_timestamp":1.754210674470984e+09,"_wandb":{"runtime":228091},"evaluate_accuracy":0.4322,"evaluate_loss":1.5512120336483999}