{"_wandb":{"runtime":313},"evaluate_accuracy":0.3336,"evaluate_loss":1.7149945825338364,"train_loss":9.588805346731927,"_runtime":313,"_step":4,"_timestamp":1.7571543353925831e+09}