{"_runtime":8,"_timestamp":1.7565725217403023e+09,"train_loss":5.590367634519398,"_step":6,"_wandb":{"runtime":8},"evaluate_accuracy":0.3114311431143114,"evaluate_loss":1.8644367388316563,"EXP_101_N9_R4_E3_CLIENT_06_status":0}