{"_wandb":{"runtime":211},"evaluate_accuracy":0.3514,"evaluate_loss":1.7189212953968414,"train_loss":3.5880026960372926,"_runtime":211.025602379,"_step":3,"_timestamp":1.749204959023615e+09}