{"train_loss":7.715378750454295,"evaluate_loss":2.3475611209869385,"evaluate_accuracy":0.08698260347930414,"_runtime":55.750910272,"_step":1,"_timestamp":1.7563104039831052e+09,"_wandb":{"runtime":55}}