{"_timestamp":1.7565747564191785e+09,"_wandb":{"runtime":18},"evaluate_accuracy":0.232,"evaluate_loss":1.9904600888490678,"train_loss":7.612800985384899,"EXP_106_N8_R5_E4_CLIENT_06_status":0,"_runtime":18,"_step":4}