{"_runtime":272.785565469,"_step":3,"_timestamp":1.7542118171601448e+09,"_wandb":{"runtime":272},"evaluate_accuracy":0.21115776844631073,"evaluate_loss":1.9866498493012927,"train_loss":5.320782120565145}