{"_step":3,"_timestamp":1.7541756061079552e+09,"_wandb":{"runtime":394},"evaluate_accuracy":0.1832,"evaluate_loss":2.091957172261009,"train_loss":9.061041795788482,"_runtime":394.565009556}