{"_runtime":13,"_step":2,"_timestamp":1.7565470551528497e+09,"_wandb":{"runtime":13},"train_loss":8.076549876267743,"evaluate_loss":2.305805283784866,"evaluate_accuracy":0.0984,"EXP_085_N8_R4_E4_CLIENT_02_status":0}