{"_runtime":1992.335044653,"_step":5,"_timestamp":1.754178153004043e+09,"_wandb":{"runtime":1992},"evaluate_accuracy":0.2272,"evaluate_loss":1.989959310881699,"train_loss":13.26678062132753}