{"_wandb":{"runtime":0},"_runtime":0,"evaluate_loss":2.316851243376732,"evaluate_accuracy":0.099,"_timestamp":1.7564900995795908e+09,"_step":0}