{"_timestamp":1.7564910518563643e+09,"_step":0,"_wandb":{"runtime":0},"_runtime":0,"evaluate_loss":2.4054796121738575,"evaluate_accuracy":0.08393285371702638}