{"evaluate_loss":2.2981255546448724,"train_loss":9.206023195266724,"_runtime":335.197221653,"_step":2,"_timestamp":1.7541737399571564e+09,"_wandb":{"runtime":335},"evaluate_accuracy":0.11}