{"_step":2,"_timestamp":1.7563090680882242e+09,"_wandb":{"runtime":157},"evaluate_accuracy":0.1160767846430714,"evaluate_loss":2.532010700589135,"train_loss":6.955347260982871,"_runtime":157.13341474}