{"evaluate_loss":2.106610049867326,"train_loss":12.474924046325684,"_runtime":822.965311478,"_step":3,"_timestamp":1.7542095805118144e+09,"_wandb":{"runtime":823},"evaluate_accuracy":0.1944}