{"_timestamp":1.7565746978101757e+09,"_wandb":{"runtime":18},"train_loss":7.964825551221325,"evaluate_loss":2.307029688358307,"evaluate_accuracy":0.1032,"EXP_106_N8_R5_E4_CLIENT_03_status":0,"_runtime":18,"_step":2}