{"train_loss":7.147316606280903,"_runtime":4888.060419648,"_step":7,"_timestamp":1.7545823124338102e+09,"_wandb":{"runtime":4888},"evaluate_accuracy":0.3428,"evaluate_loss":1.7499965534934514}