{"_timestamp":1.7541723692877407e+09,"_wandb":{"runtime":428},"evaluate_accuracy":0.1889622075584883,"evaluate_loss":2.155710548446292,"train_loss":8.938212883558204,"_runtime":428.331002254,"_step":3}