{"evaluate_accuracy":0.426,"evaluate_loss":1.5787622988978518,"train_loss":4.606094905743584,"_runtime":121893.952238917,"_step":12,"_timestamp":1.7542174631799257e+09,"_wandb":{"runtime":121893}}