{"_wandb":{"runtime":1318},"evaluate_accuracy":0.2378,"evaluate_loss":1.948632371653417,"train_loss":8.695822074890136,"_runtime":1318.096908267,"_step":4,"_timestamp":1.7542075285713477e+09}