{"_timestamp":1.7571488704495404e+09,"evaluate_accuracy":0.1488,"_wandb":{"runtime":73},"evaluate_loss":2.1680932581424712,"train_loss":7.723387368925058,"EXP_109_N8_R5_E4_CLIENT_05_status":0,"_runtime":73,"_step":5}