{"_timestamp":1.756489773839612e+09,"_wandb":{"runtime":8},"evaluate_accuracy":0.1807553956834532,"evaluate_loss":2.152234922136579,"train_loss":5.5358774884999224,"_runtime":8.802259899,"_step":2}