{"_step":3,"_timestamp":1.7545847594297876e+09,"_wandb":{"runtime":545},"evaluate_accuracy":0.1877624475104979,"evaluate_loss":2.1178667365380055,"train_loss":7.664903469633257,"_runtime":545.760830687}