{"_wandb":{"runtime":9},"evaluate_accuracy":0.32893289328932895,"evaluate_loss":1.7762785615592167,"train_loss":5.7224339685942,"_runtime":9,"_step":3,"_timestamp":1.7564906444743977e+09}