{"_wandb":{"runtime":25},"epoch":1,"accuracy":0.3125,"_timestamp":1.7477429955898361e+09,"_runtime":24.725824174,"_step":1249,"loss":1.6615203619003296}