{"_runtime":27307.748312314,"_step":9,"_timestamp":1.7542065055829482e+09,"_wandb":{"runtime":27307},"evaluate_accuracy":0.4146,"evaluate_loss":1.597330599833446,"train_loss":4.899470889854431}