{"evaluate_loss":2.3085184767842293,"evaluate_accuracy":0.097,"_runtime":243.576321286,"_step":1,"_timestamp":1.7478320727727435e+09,"_wandb":{"runtime":244},"train_loss":4.608822839736939}