{"_timestamp":1.7565711993728447e+09,"_wandb":{"runtime":3},"evaluate_accuracy":0.4084,"evaluate_loss":1.6117410825777658,"EXP_098_N4_R4_E3_CLIENT_03_status":0,"_runtime":3,"_step":5}