{"_timestamp":1.7542198458370135e+09,"_wandb":{"runtime":479},"evaluate_accuracy":0.122,"evaluate_loss":2.4731439457664006,"train_loss":12.823024656064211,"_runtime":479.943170189,"_step":3}