{"_step":5,"_timestamp":1.7492054992144628e+09,"_wandb":{"runtime":875},"evaluate_accuracy":0.426,"evaluate_loss":1.5795618979034909,"train_loss":3.2923945308685303,"_runtime":875.178113092}