{"_wandb":{"runtime":18},"_runtime":18,"_step":5,"evaluate_accuracy":0.268,"evaluate_loss":1.9143044859170915,"train_loss":5.847742120171808,"EXP_100_N8_R4_E3_CLIENT_03_status":0,"_timestamp":1.7565720416641977e+09}