{"train_loss":5.5358774884999224,"_runtime":9,"_step":3,"_timestamp":1.7564897920892603e+09,"_wandb":{"runtime":9},"evaluate_accuracy":0.3273381294964029,"evaluate_loss":1.8078522273472377}