{"_timestamp":1.7571553722326028e+09,"_wandb":{"runtime":35},"train_loss":9.644784994186107,"evaluate_loss":2.497481954097748,"evaluate_accuracy":0.1136,"_runtime":35,"_step":1}