{"_wandb":{"runtime":13},"train_loss":8.887518790117495,"EXP_105_N8_R4_E4_CLIENT_02_status":0,"_runtime":13,"_step":2,"_timestamp":1.7565741939879599e+09,"evaluate_loss":2.3151670038700103,"evaluate_accuracy":0.0928}