{"_step":1,"_timestamp":1.7564905831853907e+09,"_wandb":{"runtime":8},"train_loss":5.7224339685942,"evaluate_accuracy":0.0968096809680968,"evaluate_loss":2.3696781355759193,"_runtime":8.305017454}