{"evaluate_accuracy":0.4205158968206359,"evaluate_loss":1.572366113889785,"train_loss":6.552630976235552,"_runtime":5238.649541368,"_step":7,"_timestamp":1.7492164509224753e+09,"_wandb":{"runtime":5238}}