{"_wandb":{"runtime":33},"_timestamp":1.7542178382553058e+09,"_runtime":33.25931492,"_step":0,"train_loss":8.9033229693818}