{"_wandb":{"runtime":2357},"evaluate_accuracy":0.3648,"evaluate_loss":1.6914620422253943,"train_loss":8.515838752555847,"_runtime":2357.633464269,"_step":5,"_timestamp":1.7542079306001272e+09}