{"EXP_108_N8_R5_E5_CLIENT_06_status":0,"train_loss":8.843240652874018,"_runtime":16,"_step":4,"_timestamp":1.7565758307529876e+09,"_wandb":{"runtime":16},"evaluate_accuracy":0.14,"evaluate_loss":2.2121744751930237}