{"_wandb":{"runtime":120},"evaluate_loss":2.2766840867935474,"_timestamp":1.7541482260940173e+09,"_runtime":120.945941889,"partition_id":0,"train_loss":3.5449745355606077,"_step":2,"evaluate_accuracy":0.1152,"client_name":"EXP_001_Nunknown_R3_E2_CLIENT_02"}