{"_runtime":34.754745225,"_step":1,"_timestamp":1.7492144912456777e+09,"_wandb":{"runtime":34},"train_loss":3.959466502249098,"evaluate_loss":2.2421291487557546,"evaluate_accuracy":0.15566886622675466}