{"_runtime":139171.850923697,"_step":11,"_timestamp":1.7545856905151253e+09,"_wandb":{"runtime":139171},"evaluate_accuracy":0.41031793641271747,"evaluate_loss":1.5633040824026432,"train_loss":6.248126065331783}