{"EXP_080_N6_R4_E3_CLIENT_06_status":0,"_step":6,"_timestamp":1.7565454023348317e+09,"evaluate_loss":1.6371843477465071,"train_loss":5.085972787090466,"_runtime":12,"_wandb":{"runtime":12},"evaluate_accuracy":0.38752249550089984}