{"_runtime":59,"_timestamp":1.7565749011912146e+09,"evaluate_accuracy":0.3976,"evaluate_loss":1.651851198077202,"EXP_106_N8_R5_E4_CLIENT_06_status":0,"_step":10,"_wandb":{"runtime":59},"train_loss":6.523432050540948}