{"_timestamp":1.7478320731326983e+09,"_wandb":{"runtime":250},"train_loss":4.25675520324707,"_runtime":249.588433269,"_step":1,"evaluate_loss":2.3070219308137894,"evaluate_accuracy":0.1}