{"evaluate_loss":1.8235513961540077,"EXP_081_N6_R4_E4_CLIENT_04_status":0,"_runtime":1,"_step":5,"_timestamp":1.756545783639522e+09,"_wandb":{"runtime":1},"evaluate_accuracy":0.3209358128374325}