{"evaluate_loss":1.8301618301643516,"_runtime":44,"_step":8,"_timestamp":1.7565458126821804e+09,"_wandb":{"runtime":44},"train_loss":6.849235190729205,"EXP_081_N6_R4_E4_CLIENT_05_status":0,"evaluate_accuracy":0.3209358128374325}