{"_step":5,"_timestamp":1.7571715355799673e+09,"_wandb":{"runtime":42},"evaluate_accuracy":0.3485,"evaluate_loss":1.737576789326138,"train_loss":5.294832143306732,"_runtime":42}