{"_wandb":{"runtime":51},"train_loss":7.7981146237496555,"_timestamp":1.7545852536615403e+09,"_runtime":51.123592238,"_step":0}