{"_runtime":49,"_step":6,"_timestamp":1.7571726158528867e+09,"_wandb":{"runtime":49},"evaluate_accuracy":0.4535,"evaluate_loss":1.5439624597155859,"train_loss":8.155974510669708}