{"_runtime":19.945121457,"_step":0,"train_loss":4.0144937938923455,"_timestamp":1.7477450685794344e+09,"_wandb":{"runtime":19}}