{"_step":3,"_timestamp":1.7541534621065054e+09,"_wandb":{"runtime":211},"evaluate_accuracy":0.3598,"evaluate_loss":1.7198168517677648,"train_loss":3.442479271697998,"_runtime":211.074988932}