{"evaluate_accuracy":0.11997600479904019,"_step":1,"EXP_082_N6_R4_E5_CLIENT_04_status":0,"_timestamp":1.7565460700263476e+09,"_wandb":{"runtime":0},"_runtime":0,"evaluate_loss":2.2746763994108954}