{"train_loss":3.7209884051224598,"_runtime":81.902841838,"_step":2,"_timestamp":1.7494637267002926e+09,"_wandb":{"runtime":81},"evaluate_accuracy":0.10527894421115776,"evaluate_loss":2.361319503330049}