{"evaluate_accuracy":0.1024,"evaluate_loss":2.3129597857028625,"train_loss":5.540117613423747,"_runtime":105.020131593,"_step":2,"_timestamp":1.7542161916835797e+09,"_wandb":{"runtime":105}}