{"evaluate_accuracy":0.1536,"evaluate_loss":2.2500734268864497,"train_loss":8.866842550591539,"_runtime":392.48856721,"_step":3,"_timestamp":1.7541730157511992e+09,"_wandb":{"runtime":392}}