{"evaluate_loss":1.8287533004328889,"train_loss":7.252862197930733,"_runtime":1703.947009023,"_step":5,"_timestamp":1.756310562877245e+09,"_wandb":{"runtime":1703},"evaluate_accuracy":0.29154169166166766}