{"EXP_091_N8_R4_E5_CLIENT_07_status":0,"_runtime":31,"_step":9,"_timestamp":1.756551373010448e+09,"_wandb":{"runtime":31},"evaluate_accuracy":0.4144,"evaluate_loss":1.5961142659187317,"train_loss":8.793770077122245}