{"evaluate_accuracy":0.0944,"_step":1,"EXP_086_N8_R4_E5_CLIENT_06_status":0,"_timestamp":1.7565474611598148e+09,"evaluate_loss":2.364155513048172,"_wandb":{"runtime":0},"_runtime":0}