{"_runtime":0,"_step":1,"EXP_101_N9_R4_E3_CLIENT_09_status":0,"_timestamp":1.7565724395515122e+09,"evaluate_loss":2.3076750823429655,"evaluate_accuracy":0.09900990099009901,"_wandb":{"runtime":0}}