{"_runtime":1767.100185285,"_step":6,"_timestamp":1.749206016492987e+09,"_wandb":{"runtime":1767},"evaluate_accuracy":0.097,"evaluate_loss":2.3042225670662657,"train_loss":4.608031886672974}