{"train_loss":7.6026725335121155,"_runtime":119.216313004,"_step":2,"_timestamp":1.756309945254734e+09,"_wandb":{"runtime":119},"evaluate_accuracy":0.133,"evaluate_loss":2.286829910581074}