{"evaluate_loss":2.317607189360119,"evaluate_accuracy":0.10137972405518897,"train_loss":8.776361033499098,"_runtime":82.490837669,"_step":1,"_timestamp":1.7542134558383713e+09,"_wandb":{"runtime":82}}