{"_timestamp":1.756573787223709e+09,"_wandb":{"runtime":13},"evaluate_loss":2.000670921802521,"train_loss":6.092822793942348,"_step":4,"evaluate_accuracy":0.2152,"EXP_104_N8_R5_E3_CLIENT_05_status":0,"_runtime":13}