{"_runtime":2,"_step":3,"_timestamp":1.7565707815612044e+09,"_wandb":{"runtime":2},"evaluate_accuracy":0.33503299340131976,"evaluate_loss":1.739152106784639,"EXP_097_N3_R4_E3_CLIENT_03_status":0}