{"evaluate_accuracy":0.11307738452309538,"_runtime":38.583028143,"_step":1,"_timestamp":1.7541537370175745e+09,"_wandb":{"runtime":38},"train_loss":3.787221112983118,"evaluate_loss":2.298780786423456}