{"EXP_081_N6_R4_E4_CLIENT_01_status":0,"_step":5,"_timestamp":1.756545764385901e+09,"_wandb":{"runtime":29},"evaluate_accuracy":0.2501499700059988,"train_loss":7.277597783284895,"_runtime":29,"evaluate_loss":1.9191701322231651}