{"_runtime":3314.261570891,"_step":7,"_timestamp":1.7542167494097016e+09,"_wandb":{"runtime":3314},"evaluate_accuracy":0.3652,"evaluate_loss":1.7083206584181967,"train_loss":5.304531605479816}