{"train_loss":7.346276316346164,"_runtime":1629.895475885,"_step":5,"_timestamp":1.7563105640076015e+09,"_wandb":{"runtime":1629},"evaluate_accuracy":0.32213557288542294,"evaluate_loss":1.8221716790829066}