{"_step":1,"EXP_092_N3_R3_E2_CLIENT_03_status":0,"_timestamp":1.756568139310833e+09,"evaluate_loss":2.2532096658434186,"_wandb":{"runtime":1},"_runtime":1,"evaluate_accuracy":0.16046790641871625}