{"evaluate_accuracy":0.3770245950809838,"evaluate_loss":1.6523254042580013,"train_loss":3.4258412797388127,"_runtime":590.227250673,"_step":5,"_timestamp":1.749214590891336e+09,"_wandb":{"runtime":590}}