{"_timestamp":1.7494631157456434e+09,"_wandb":{"runtime":152},"evaluate_accuracy":0.20335932813437313,"evaluate_loss":2.1862378971917287,"train_loss":3.7943396225250026,"_runtime":152.34631811,"_step":3}