{"EXP_084_N8_R4_E3_CLIENT_03_status":0,"_timestamp":1.75654670498658e+09,"_wandb":{"runtime":9},"_runtime":9,"train_loss":6.0712342520428315,"_step":0}