{"_wandb":{"runtime":404},"evaluate_accuracy":0.14277144571085784,"evaluate_loss":2.2387812407511585,"train_loss":7.19369128046994,"_runtime":404.254526319,"_step":3,"_timestamp":1.756310489236081e+09}