{"_runtime":280.796382338,"_step":3,"_timestamp":1.754211816365387e+09,"_wandb":{"runtime":280},"evaluate_accuracy":0.21655668866226754,"evaluate_loss":1.9822430803662254,"train_loss":5.517205893278693}