{"train_loss":3.817277064140466,"_timestamp":1.7563087231508336e+09,"_runtime":15.418933107,"_wandb":{"runtime":15},"_step":0}