{"_timestamp":1.7565737709706624e+09,"_wandb":{"runtime":14},"evaluate_accuracy":0.0944,"train_loss":5.756051513799436,"evaluate_loss":2.299767237901688,"EXP_104_N8_R5_E3_CLIENT_06_status":0,"_runtime":14,"_step":2}