{"_runtime":69.325484443,"_step":0,"_wandb":{"runtime":69},"train_loss":9.207671656608582,"_timestamp":1.7541736441842213e+09}