{"evaluate_loss":2.328613685426258,"_timestamp":1.7541723005755625e+09,"_wandb":{"runtime":82},"train_loss":9.283642693389234,"_runtime":82.774752891,"_step":1,"evaluate_accuracy":0.09478104379124175}