{"_runtime":7606.864207215,"_step":8,"_timestamp":1.7542173554733062e+09,"_wandb":{"runtime":7606},"evaluate_accuracy":0.4112,"evaluate_loss":1.60160755205758,"train_loss":4.8736249265579366}