{"_wandb":{"runtime":19},"train_loss":3.281470952987671,"_timestamp":1.7477471129155881e+09,"_runtime":19.99770076,"_step":0}