{"evaluate_accuracy":0.1976,"train_loss":5.4010272010876115,"EXP_104_N8_R5_E3_CLIENT_08_status":0,"_runtime":21,"_step":5,"evaluate_loss":2.0167474657297135,"_timestamp":1.7565738126020162e+09,"_wandb":{"runtime":21}}