{"train_loss":8.269917535305023,"_runtime":39,"_step":4,"_timestamp":1.7571725123343403e+09,"_wandb":{"runtime":39},"evaluate_accuracy":0.411,"evaluate_loss":1.6280623144573636}