{"_runtime":5337.043363052,"_step":6,"_timestamp":1.7542156100028112e+09,"_wandb":{"runtime":5337},"evaluate_accuracy":0.32933413317336535,"evaluate_loss":1.7019223587853567,"train_loss":11.45522216898646}