{"_runtime":20.337881548,"_step":0,"_wandb":{"runtime":20},"train_loss":3.7081395570755005,"client_name":"EXP_001_Nunknown_R3_E2_CLIENT_01","partition_id":1,"_timestamp":1.7541481686289217e+09}