{"_step":2,"_timestamp":1.7565508801844628e+09,"_wandb":{"runtime":6},"evaluate_accuracy":0.092,"evaluate_loss":2.3331878066062925,"EXP_090_N8_R4_E2_CLIENT_06_status":0,"_runtime":6,"train_loss":4.085547719791436}