{"train_loss":4.608413460922241,"evaluate_loss":2.3155222819868926,"evaluate_accuracy":0.1008,"_runtime":42.904315835,"_step":1,"_timestamp":1.749205396426362e+09,"_wandb":{"runtime":42}}