{"_runtime":9,"_step":2,"_timestamp":1.7564897481119244e+09,"_wandb":{"runtime":9},"evaluate_accuracy":0.18001800180018002,"evaluate_loss":2.168864856447492,"train_loss":6.9127391310904525}