{"_runtime":17,"_timestamp":1.7565465169145293e+09,"_wandb":{"runtime":17},"evaluate_loss":1.7396373748779297,"train_loss":3.5463378604050653,"EXP_083_N8_R4_E2_CLIENT_04_status":0,"_step":8,"evaluate_accuracy":0.368}