{"evaluate_accuracy":0.4028,"evaluate_loss":1.5842302449141876,"train_loss":10.909170687008208,"_runtime":15161.019885334,"_step":8,"_timestamp":1.7542205897388585e+09,"_wandb":{"runtime":15161}}