{"_timestamp":1.7565719980822723e+09,"evaluate_loss":2.3019414722919462,"evaluate_accuracy":0.1,"_wandb":{"runtime":10},"train_loss":6.1324133698348025,"EXP_100_N8_R4_E3_CLIENT_04_status":0,"_runtime":10,"_step":2}