{"_runtime":11,"_step":2,"_timestamp":1.7564892797940242e+09,"_wandb":{"runtime":11},"evaluate_accuracy":0.1688,"evaluate_loss":2.1466694325208664,"train_loss":6.057835607771661}