{"_runtime":26.752564643,"_step":0,"_wandb":{"runtime":26},"train_loss":3.9326862153961217,"_timestamp":1.7477450773563461e+09}