{"evaluate_loss":1.9332136203502783,"train_loss":5.465521169336219,"_runtime":21.235272164,"_step":3,"_timestamp":1.7564906290830996e+09,"_wandb":{"runtime":21},"evaluate_accuracy":0.2332233223322332}