{"_step":3,"_timestamp":1.7545847604310384e+09,"_wandb":{"runtime":548},"evaluate_accuracy":0.1943611277744451,"evaluate_loss":2.103683404202731,"train_loss":7.519952484295128,"_runtime":548.119142622}