{"_runtime":92.890835924,"_step":2,"_timestamp":1.7571554477713096e+09,"_wandb":{"runtime":92},"evaluate_accuracy":0.1136,"evaluate_loss":2.497481954097748,"train_loss":10.169823793089314}