{"_runtime":1568.077493089,"_step":5,"_timestamp":1.7542184696543496e+09,"_wandb":{"runtime":1568},"evaluate_accuracy":0.286,"evaluate_loss":1.8586176543296138,"train_loss":8.875225024482313}