{"_step":2,"_timestamp":1.7563094794032276e+09,"_wandb":{"runtime":128},"evaluate_accuracy":0.0968,"evaluate_loss":2.4935216179376916,"train_loss":7.055893191895165,"_runtime":128.965624773}