{"train_loss":7.727739188321836,"evaluate_loss":2.395413303375244,"evaluate_accuracy":0.1,"_runtime":30,"_step":1,"_timestamp":1.7571511383524196e+09,"_wandb":{"runtime":30}}