{"_wandb":{"runtime":3756},"evaluate_accuracy":0.3524,"evaluate_loss":1.7166799638844743,"train_loss":5.315325208365346,"_runtime":3756.009013485,"_step":7,"_timestamp":1.7542167475157144e+09}