{"_wandb":{"runtime":270447},"evaluate_accuracy":0.4782,"evaluate_loss":1.486419166728949,"train_loss":7.529384662246704,"_runtime":270447.190635677,"_step":12,"_timestamp":1.7542088098517985e+09}