{"_step":8,"_timestamp":1.7565743552505124e+09,"_wandb":{"runtime":19},"evaluate_accuracy":0.3976,"train_loss":6.501853398456695,"_runtime":19,"evaluate_loss":1.593870210647583,"EXP_105_N8_R4_E4_CLIENT_07_status":0}