{"_runtime":5,"_step":0,"EXP_083_N8_R4_E2_CLIENT_03_status":0,"_timestamp":1.7565464233796954e+09,"train_loss":4.042752401084657,"_wandb":{"runtime":5}}