{"_wandb":{"runtime":11},"_runtime":11,"_step":0,"EXP_085_N8_R4_E4_CLIENT_03_status":0,"_timestamp":1.7565470381244361e+09,"train_loss":8.104106646434516}