{"_step":3,"_timestamp":1.7541537849091272e+09,"_wandb":{"runtime":170},"evaluate_accuracy":0.3194361127774445,"evaluate_loss":1.7670213347389585,"train_loss":3.463972531634269,"_runtime":170.452679068}