{"evaluate_accuracy":0.2488,"evaluate_loss":1.9446803867816924,"train_loss":8.727103127036125,"_runtime":252.238574515,"_step":6,"_timestamp":1.7571557090985067e+09,"_wandb":{"runtime":252}}