{"evaluate_accuracy":0.4468,"evaluate_loss":1.5016545298733288,"train_loss":10.634964347647403,"_runtime":15099.280119595,"_step":8,"_timestamp":1.754179086396958e+09,"_wandb":{"runtime":15099}}