{"evaluate_accuracy":0.48,"evaluate_loss":1.4789106634598743,"train_loss":10.462780451431822,"_runtime":130432.194582319,"_step":11,"_timestamp":1.7541791852283814e+09,"_wandb":{"runtime":130432}}