{"evaluate_loss":2.4833533914783334,"train_loss":7.106984658363147,"_runtime":115.279940625,"_step":2,"_timestamp":1.7563094808238566e+09,"_wandb":{"runtime":115},"evaluate_accuracy":0.096}