{"evaluate_accuracy":0.424,"evaluate_loss":1.555006140395056,"train_loss":6.3524778136810935,"_runtime":19193.853741561,"_step":9,"_timestamp":1.75458290488573e+09,"_wandb":{"runtime":19193}}