{"train_loss":11.209549547952898,"_timestamp":1.7545866459432275e+09,"_runtime":46.303479365,"_step":0,"_wandb":{"runtime":46}}