{"evaluate_loss":1.7307928196991547,"train_loss":8.473672826069231,"_runtime":1706.100060904,"_step":5,"_timestamp":1.7541765109779513e+09,"_wandb":{"runtime":1706},"evaluate_accuracy":0.3356}