{"_timestamp":1.7541730876012304e+09,"_wandb":{"runtime":1724},"evaluate_accuracy":0.3596,"evaluate_loss":1.7171543142463588,"train_loss":8.459650293325845,"_runtime":1724.120440983,"_step":5}