{"_wandb":{"runtime":78},"train_loss":9.355563238405953,"evaluate_accuracy":0.0936,"evaluate_loss":2.518060620827011,"_runtime":78.132531525,"_step":1,"_timestamp":1.7541770697441363e+09}