{"_wandb":{"runtime":15},"_runtime":15,"EXP_081_N6_R4_E4_CLIENT_02_status":0,"_timestamp":1.7565456732337363e+09,"train_loss":7.656440606527922,"_step":0}