{"_step":10,"_timestamp":1.756573881268307e+09,"EXP_104_N8_R5_E3_CLIENT_03_status":0,"_runtime":48,"_wandb":{"runtime":48},"evaluate_accuracy":0.3784,"evaluate_loss":1.6440632551908494,"train_loss":5.260181257679204}