{"_timestamp":1.7542062347168179e+09,"_wandb":{"runtime":84},"train_loss":5.526923077011109,"_runtime":84.946012186,"evaluate_loss":2.29372997800256,"evaluate_accuracy":0.1008,"_step":1}