{"_runtime":108.389942498,"_step":0,"train_loss":4.151089097976684,"_wandb":{"runtime":108},"_timestamp":1.7478320355425541e+09}