{"_runtime":1162.820802104,"_step":5,"_timestamp":1.7542118763836322e+09,"_wandb":{"runtime":1162},"evaluate_accuracy":0.3878224355128974,"evaluate_loss":1.6823531343823388,"train_loss":5.102708020084481}