{"_timestamp":1.7545847431593812e+09,"_wandb":{"runtime":272},"evaluate_accuracy":0.09658068386322737,"evaluate_loss":2.338744235488604,"train_loss":7.664903469633257,"_runtime":272.910259258,"_step":2}