{"train_loss":7.552873619435506,"_runtime":375.776676635,"_step":3,"_timestamp":1.754584762489517e+09,"_wandb":{"runtime":375},"evaluate_accuracy":0.20935812837432513,"evaluate_loss":2.0835996911210835}