{"_runtime":6,"_step":0,"EXP_088_N8_R4_E2_CLIENT_04_status":0,"_timestamp":1.7565499803013787e+09,"train_loss":4.0736974880194206,"_wandb":{"runtime":6}}