{"_step":6,"_timestamp":1.7565742826069987e+09,"_wandb":{"runtime":61},"evaluate_accuracy":0.1856,"evaluate_loss":2.034578523039818,"EXP_105_N8_R4_E4_CLIENT_01_status":0,"train_loss":7.379638251984955,"_runtime":61}