{"evaluate_loss":1.9852808516496305,"train_loss":7.0828622556686405,"_runtime":390.723190255,"_step":3,"_timestamp":1.749462116285979e+09,"_wandb":{"runtime":390},"evaluate_accuracy":0.2176}