{"_timestamp":1.7565724793666942e+09,"_wandb":{"runtime":9},"evaluate_accuracy":0.2329136690647482,"train_loss":6.912038195905068,"EXP_101_N9_R4_E3_CLIENT_03_status":0,"evaluate_loss":2.089928483963013,"_runtime":9,"_step":4}