{"_runtime":0,"_step":5,"_timestamp":1.7565465161283972e+09,"_wandb":{"runtime":0},"evaluate_accuracy":0.3408,"evaluate_loss":1.7429606944322587,"EXP_083_N8_R4_E2_CLIENT_08_status":0}