{"_timestamp":1.7563110093326545e+09,"_wandb":{"runtime":177},"evaluate_accuracy":0.09237228831350595,"evaluate_loss":2.3075517336527507,"train_loss":7.833518754170593,"_runtime":177.156662871,"_step":2}