{"_runtime":269.255822522,"_step":8,"_timestamp":1.7571557613048139e+09,"_wandb":{"runtime":269},"evaluate_accuracy":0.376,"evaluate_loss":1.7179640054702758,"train_loss":8.335636187131238}