{"train_loss":5.2350334622227725,"EXP_098_N4_R4_E3_CLIENT_04_status":0,"_step":8,"_timestamp":1.7565712462534428e+09,"evaluate_accuracy":0.4316,"evaluate_loss":1.5479814538472816,"_runtime":18,"_wandb":{"runtime":18}}