{"evaluate_accuracy":0.4336,"evaluate_loss":1.5388383608830123,"train_loss":4.639183781779232,"_runtime":121826.072875901,"_step":12,"_timestamp":1.754217462074226e+09,"_wandb":{"runtime":121826}}