{"evaluate_loss":2.20862597823143,"EXP_108_N8_R5_E5_CLIENT_07_status":0,"_runtime":0,"_step":3,"_timestamp":1.75657579979042e+09,"_wandb":{"runtime":0},"evaluate_accuracy":0.1736}