{"EXP_107_N8_R4_E5_CLIENT_01_status":0,"_wandb":{"runtime":40},"_runtime":40,"_step":7,"_timestamp":1.7565753056183145e+09,"evaluate_accuracy":0.3688,"evaluate_loss":1.6693337351083755,"train_loss":8.553837466391789}