{"_step":3,"_timestamp":1.7494626031308029e+09,"_wandb":{"runtime":392},"evaluate_accuracy":0.2668,"evaluate_loss":1.9191701913335522,"train_loss":6.872916886901855,"_runtime":392.850459299}