{"_timestamp":1.754584743574491e+09,"_wandb":{"runtime":273},"evaluate_accuracy":0.09598080383923216,"evaluate_loss":2.354712684199495,"train_loss":7.519952484295128,"_runtime":273.013631503,"_step":2}