{"_runtime":46,"evaluate_accuracy":0.3792,"_step":13,"_timestamp":1.7565739303724825e+09,"_wandb":{"runtime":46},"evaluate_loss":1.6382545590400697,"train_loss":4.969120503231219,"EXP_104_N8_R5_E3_CLIENT_08_status":0}