{"evaluate_accuracy":0.4175,"train_loss":4.958114835739136,"EXP_099_N5_R4_E3_CLIENT_05_status":0,"_runtime":25,"_timestamp":1.7565716078644118e+09,"evaluate_loss":1.6090419122150965,"_step":7,"_wandb":{"runtime":25}}