{"_wandb":{"runtime":139867},"evaluate_accuracy":0.4175164967006599,"evaluate_loss":1.5858812422122595,"train_loss":6.135519034839703,"_runtime":139867.912599515,"_step":11,"_timestamp":1.7545856909257386e+09}