{"evaluate_loss":1.7156285047531128,"train_loss":7.737202084747849,"EXP_106_N8_R5_E4_CLIENT_05_status":0,"_step":7,"_timestamp":1.7565748120802875e+09,"evaluate_accuracy":0.3592,"_runtime":45,"_wandb":{"runtime":45}}