{"_timestamp":1.7478281690049386e+09,"_runtime":21.932739869,"_step":0,"_wandb":{"runtime":21},"train_loss":4.016091663932801}