{"train_loss":4.608632960891724,"_runtime":42.888489586,"_step":1,"_timestamp":1.7492058764435978e+09,"_wandb":{"runtime":42},"evaluate_loss":2.3034330583681726,"evaluate_accuracy":0.1028}