{"evaluate_accuracy":0.3696,"EXP_108_N8_R5_E5_CLIENT_06_status":0,"evaluate_loss":1.7152816832065583,"train_loss":8.488339109785239,"_runtime":33,"_step":9,"_timestamp":1.7565759101817138e+09,"_wandb":{"runtime":33}}