{"train_loss":6.390431489670676,"_runtime":17723.308068312,"_step":8,"_timestamp":1.7545855950290468e+09,"_wandb":{"runtime":17723},"evaluate_accuracy":0.39652069586082783,"evaluate_loss":1.6462029893443269}