{"train_loss":8.18513705775996,"_runtime":306,"_step":9,"_timestamp":1.757155795421102e+09,"_wandb":{"runtime":306},"evaluate_accuracy":0.392,"evaluate_loss":1.6112240314483643}