{"train_loss":7.552873619435506,"_runtime":187.212727131,"_step":2,"_timestamp":1.7545847241350105e+09,"_wandb":{"runtime":187},"evaluate_accuracy":0.08938212357528494,"evaluate_loss":2.3505844440100327}