{"_wandb":{"runtime":1316076},"evaluate_accuracy":0.3264,"evaluate_loss":1.763975657994234,"train_loss":3.627322000436509,"_runtime":1.316076171470635e+06,"_step":13,"_timestamp":1.7478330643861299e+09}