{"_wandb":{"runtime":20},"_step":0,"train_loss":3.8905780239105225,"_timestamp":1.754129332455355e+09,"_runtime":20.26956203}