{"_step":8,"_timestamp":1.7545855949713132e+09,"_wandb":{"runtime":17318},"evaluate_accuracy":0.40671865626874626,"evaluate_loss":1.6107953764357656,"train_loss":6.454280084970465,"_runtime":17318.261448452}