{"EXP_080_N6_R4_E3_CLIENT_03_status":0,"_runtime":22,"_wandb":{"runtime":22},"evaluate_accuracy":0.3005398920215957,"_step":5,"_timestamp":1.7565453545073206e+09,"evaluate_loss":1.865340547741584,"train_loss":5.300960332583013}