{"partition_id":1,"_timestamp":1.7541508541153367e+09,"_runtime":30.055933184,"_step":0,"_wandb":{"runtime":30},"train_loss":5.7172462856292725,"client_name":"EXP_003_N2_R3_E3_CLIENT_02"}