{"train_loss":3.268310876083374,"_runtime":3561.666580056,"_step":7,"_timestamp":1.7492057782073724e+09,"_wandb":{"runtime":3561},"evaluate_accuracy":0.4218,"evaluate_loss":1.5757665391180926}