{"evaluate_accuracy":0.09718056388722256,"evaluate_loss":2.322540008796836,"train_loss":9.651919404855756,"_runtime":199.031104438,"_step":2,"_timestamp":1.7541744478673465e+09,"_wandb":{"runtime":199}}