{"train_loss":9.647324612186214,"evaluate_accuracy":0.084,"evaluate_loss":2.4256318330764772,"_runtime":171,"_step":1,"_timestamp":1.7571540794165266e+09,"_wandb":{"runtime":171}}