{"evaluate_loss":1.843743458390236,"train_loss":7.323665899835574,"_runtime":155,"_step":5,"_timestamp":1.757152349097208e+09,"_wandb":{"runtime":155},"evaluate_accuracy":0.3064}