{"_wandb":{"runtime":153},"evaluate_accuracy":0.3088,"evaluate_loss":1.8623684078454972,"train_loss":7.196435447711094,"_runtime":153.652362449,"_step":6,"_timestamp":1.7571523798476381e+09}