{"train_loss":3.572045784187317,"_runtime":125.97744329,"_wandb":{"runtime":125},"partition_id":0,"client_name":"EXP_001_N2_R3_E2_CLIENT_01","_step":2,"_timestamp":1.7541501396828103e+09,"evaluate_accuracy":0.1018,"evaluate_loss":2.3554504221412027}