{"_step":4,"_timestamp":1.7571718237377481e+09,"_wandb":{"runtime":31},"evaluate_accuracy":0.4035,"evaluate_loss":1.6498466503052485,"train_loss":5.595100143432617,"_runtime":31}