{"evaluate_accuracy":0.4316,"evaluate_loss":1.581301502034634,"train_loss":10.319271275410637,"_runtime":72733.314899056,"_step":10,"_timestamp":1.7541791684577954e+09,"_wandb":{"runtime":72733}}