{"_runtime":1032.125356003,"_step":4,"_timestamp":1.7563111120925612e+09,"_wandb":{"runtime":1032},"evaluate_accuracy":0.20503848845346395,"evaluate_loss":2.014250400331285,"train_loss":7.432071251576173}