{"train_loss":3.5880026960372926,"_runtime":104.149320833,"_step":2,"_timestamp":1.7492049409618554e+09,"_wandb":{"runtime":104},"evaluate_accuracy":0.1032,"evaluate_loss":2.393913741324358}