{"_timestamp":1.7542146743714066e+09,"_runtime":60.048100739,"_step":0,"_wandb":{"runtime":60},"train_loss":13.723561029925907}