{"_timestamp":1.7478321986361797e+09,"_wandb":{"runtime":600},"evaluate_accuracy":0.097,"evaluate_loss":2.3085184767842293,"train_loss":4.07261305141449,"_runtime":600.197295777,"_step":2}