{"_runtime":24,"_step":2,"_timestamp":1.7571724597425582e+09,"_wandb":{"runtime":24},"evaluate_accuracy":0.237,"evaluate_loss":1.929071068763733,"train_loss":8.807039120197295}