{"_runtime":1322.407262348,"_step":5,"_timestamp":1.7563091463093457e+09,"_wandb":{"runtime":1322},"evaluate_accuracy":0.3815236952609478,"evaluate_loss":1.669078845069522,"train_loss":6.694837289748432}