{"evaluate_loss":2.3906975939304016,"evaluate_accuracy":0.0928,"_runtime":76.471726105,"_step":1,"_timestamp":1.754218329449366e+09,"_wandb":{"runtime":76},"train_loss":9.573091927427834}