{"_step":1,"_timestamp":1.7542197637785182e+09,"_wandb":{"runtime":110},"train_loss":12.884237893473228,"evaluate_loss":2.318217621573919,"evaluate_accuracy":0.0896,"_runtime":110.330026822}