{"_timestamp":1.7565450563980117e+09,"_wandb":{"runtime":7},"train_loss":3.8571117158141432,"_step":4,"evaluate_accuracy":0.23155368926214756,"evaluate_loss":2.0145508838149735,"EXP_079_N6_R4_E2_CLIENT_01_status":0,"_runtime":7}