{"_wandb":{"runtime":171},"_runtime":171.702025085,"train_loss":9.647324612186214,"_timestamp":1.7571540641143916e+09,"_step":0}