{"EXP_104_N8_R5_E3_CLIENT_05_status":0,"_runtime":24,"_step":9,"_wandb":{"runtime":24},"train_loss":5.387202536224559,"_timestamp":1.7565738815161786e+09,"evaluate_accuracy":0.3944,"evaluate_loss":1.6456471264362336}