{"EXP_109_N8_R5_E4_CLIENT_02_status":0,"_runtime":71,"_timestamp":1.7571488707459538e+09,"_wandb":{"runtime":71},"evaluate_accuracy":0.1608,"evaluate_loss":2.166148728132248,"train_loss":7.3470221294718945,"_step":5}