{"train_loss":8.17564164505874,"_runtime":1742.251890189,"_step":5,"_timestamp":1.754212585150251e+09,"_wandb":{"runtime":1742},"evaluate_accuracy":0.39802039592081584,"evaluate_loss":1.6045871598379953}