{"_step":4,"_timestamp":1.7565475069420831e+09,"_wandb":{"runtime":17},"evaluate_accuracy":0.2568,"_runtime":17,"evaluate_loss":1.8955237537622451,"train_loss":8.831061054946511,"EXP_086_N8_R4_E5_CLIENT_06_status":0}