{"_wandb":{"runtime":39},"accuracy":0.40625,"_timestamp":1.745860615225219e+09,"_runtime":38.502499039,"_step":1874,"loss":1.6225030422210693,"epoch":2}