{"_step":8,"_timestamp":1.7565721247285194e+09,"_runtime":8,"_wandb":{"runtime":8},"evaluate_accuracy":0.3944,"evaluate_loss":1.6183129787445067,"train_loss":5.742465562121883,"EXP_100_N8_R4_E3_CLIENT_07_status":0}