{"_step":0,"_wandb":{"runtime":37},"train_loss":9.502399790782137,"_timestamp":1.7542189426519396e+09,"_runtime":37.215611161}