{"evaluate_loss":1.5754527004459236,"train_loss":7.986315847204897,"_runtime":51852.29047522,"_step":10,"_timestamp":1.7542192924112988e+09,"_wandb":{"runtime":51852},"evaluate_accuracy":0.414}