{"_step":1,"_timestamp":1.7542178595837522e+09,"_wandb":{"runtime":67},"train_loss":8.9033229693818,"evaluate_loss":2.370415959177138,"evaluate_accuracy":0.0952,"_runtime":67.905832882}