{"_runtime":68.328101083,"_step":2,"_timestamp":1.7571554353088253e+09,"_wandb":{"runtime":68},"evaluate_accuracy":0.0952,"evaluate_loss":2.5381705462932587,"train_loss":9.95535816736282}