{"_wandb":{"runtime":146},"evaluate_accuracy":0.128,"evaluate_loss":2.2222169280052184,"train_loss":9.080336043029833,"_runtime":146.122671637,"_step":4,"_timestamp":1.7571555329279473e+09}