{"evaluate_accuracy":0.0986,"evaluate_loss":2.30373759178599,"train_loss":4.607787951278686,"_runtime":218.77207907,"_step":3,"_timestamp":1.7494609763040495e+09,"_wandb":{"runtime":218}}