{"evaluate_accuracy":0.1572,"evaluate_loss":2.087572506711453,"train_loss":8.818008314306363,"_runtime":341.964620186,"_step":3,"_timestamp":1.7541764391946633e+09,"_wandb":{"runtime":342}}