{"_timestamp":1.7545869923822417e+09,"_wandb":{"runtime":4398},"evaluate_accuracy":0.3749250149970006,"evaluate_loss":1.6712321380399309,"train_loss":9.77936779654197,"_runtime":4398.42411139,"_step":6}