{"_wandb":{"runtime":852},"evaluate_accuracy":0.1576,"evaluate_loss":2.0967438492593886,"train_loss":8.473672826069231,"_runtime":852.14928279,"_step":4,"_timestamp":1.75417649132203e+09}