{"_timestamp":1.7541719720163755e+09,"_wandb":{"runtime":9655},"evaluate_accuracy":0.4388,"evaluate_loss":1.5464004338926571,"train_loss":7.723587648391724,"_runtime":9655.06688391,"_step":7}