{"_step":1,"_timestamp":1.7541304066757846e+09,"_wandb":{"runtime":69},"train_loss":5.843431038284302,"evaluate_loss":2.3115497470661333,"evaluate_accuracy":0.114,"_runtime":69.074663688}