{"_wandb":{"runtime":56},"train_loss":7.470889969305559,"_timestamp":1.7545846649228194e+09,"_runtime":56.125567513,"_step":0}