{"_wandb":{"runtime":333},"evaluate_accuracy":0.22,"evaluate_loss":1.8933932185173037,"train_loss":8.689333712219433,"_runtime":333.826240639,"_step":4,"_timestamp":1.7571543017976315e+09}