{"_runtime":0,"_step":3,"_timestamp":1.7571488726966724e+09,"_wandb":{"runtime":0},"evaluate_accuracy":0.1552,"evaluate_loss":2.143870359659195,"EXP_109_N8_R5_E4_CLIENT_07_status":0}