{"_runtime":16,"_wandb":{"runtime":16},"evaluate_loss":1.8450203997748238,"train_loss":3.8383955669631775,"EXP_092_N3_R3_E2_CLIENT_03_status":0,"_step":4,"_timestamp":1.7565681856036596e+09,"evaluate_accuracy":0.2996400719856029}