{"evaluate_loss":1.6161198581968035,"train_loss":4.914174757415442,"_runtime":18774.291267808,"_step":9,"_timestamp":1.7542114608949077e+09,"_wandb":{"runtime":18774},"evaluate_accuracy":0.40941811637672465}