{"train_loss":6.9180960759781955,"_timestamp":1.7564905408582406e+09,"_wandb":{"runtime":10},"_runtime":10.331133761,"_step":0}