{"_timestamp":1.7541792586958778e+09,"_wandb":{"runtime":282739},"evaluate_accuracy":0.4828,"evaluate_loss":1.4512924401065972,"train_loss":10.305888676033994,"_runtime":282739.889232826,"_step":12}