{"evaluate_loss":2.3010928812481106,"train_loss":3.982092049196184,"_runtime":3.1910478242181784e+08,"_step":23,"_timestamp":1.7478335702040877e+09,"_wandb":{"runtime":319104783},"evaluate_accuracy":0.11007798440311937}