{"evaluate_accuracy":0.10857828434313137,"_step":1,"_timestamp":1.7492149390509179e+09,"_wandb":{"runtime":46},"train_loss":5.946821793377828,"_runtime":46.157276749,"evaluate_loss":2.3715975307282946}