{"_step":0,"EXP_104_N8_R5_E3_CLIENT_04_status":0,"_timestamp":1.7565737171800704e+09,"train_loss":6.909726701724302,"_wandb":{"runtime":16},"_runtime":16}