{"_timestamp":1.7541522541213171e+09,"_wandb":{"runtime":23},"_runtime":23.104654301,"_step":0,"train_loss":3.829608860397339}