{"_wandb":{"runtime":32},"evaluate_accuracy":0.3,"_runtime":32,"_step":8,"_timestamp":1.7565738596003523e+09,"evaluate_loss":1.8181509017944335,"train_loss":5.079224154448053,"EXP_104_N8_R5_E3_CLIENT_08_status":0}