{"_timestamp":1.7542158736736717e+09,"_wandb":{"runtime":338570},"evaluate_accuracy":0.4430113977204559,"evaluate_loss":1.56322287718455,"train_loss":10.049604057693939,"_runtime":338570.150308851,"_step":12}