{"_wandb":{"runtime":284},"evaluate_accuracy":0.2416,"evaluate_loss":1.90048485994339,"train_loss":8.770177261844562,"_runtime":284.317839447,"_step":6,"_timestamp":1.7571557087672496e+09}