{"_wandb":{"runtime":37},"evaluate_loss":2.0246641278266906,"train_loss":7.223846127273171,"EXP_085_N8_R4_E4_CLIENT_04_status":0,"_timestamp":1.756547125109533e+09,"evaluate_accuracy":0.2032,"_runtime":37,"_step":6}