{"_timestamp":1.7541716887516541e+09,"_runtime":49.168891605,"_step":0,"train_loss":8.918616770553589,"_wandb":{"runtime":49}}