{"EXP_105_N8_R4_E4_CLIENT_04_status":0,"_step":9,"_runtime":36,"_timestamp":1.7565743550744646e+09,"_wandb":{"runtime":36},"evaluate_accuracy":0.4136,"evaluate_loss":1.6235282272100449,"train_loss":6.4280784593266285}