{"EXP_084_N8_R4_E3_CLIENT_02_status":0,"_runtime":19,"_timestamp":1.7565467931779196e+09,"evaluate_accuracy":0.0952,"train_loss":6.913230209593561,"_step":5,"_wandb":{"runtime":19},"evaluate_loss":2.302799552679062}