{"evaluate_accuracy":0.14157168566286743,"evaluate_loss":2.221068816364936,"train_loss":7.328173129182113,"_runtime":522.989717691,"_step":4,"_timestamp":1.7563105294370747e+09,"_wandb":{"runtime":522}}