{"_wandb":{"runtime":20},"_step":0,"train_loss":3.7501508405685424,"_timestamp":1.7492052064013448e+09,"_runtime":20.179362863}