{"_wandb":{"runtime":24},"_timestamp":1.7542108139524949e+09,"_runtime":24.208176202,"_step":0,"train_loss":5.747920877927784}