{"_wandb":{"runtime":624},"evaluate_accuracy":0.1978,"evaluate_loss":2.0383309664999603,"train_loss":5.218958798599243,"_runtime":624.030110487,"_step":4,"_timestamp":1.7494617157706773e+09}