{"_runtime":79,"_timestamp":1.7565753634807978e+09,"_wandb":{"runtime":79},"_step":10,"evaluate_accuracy":0.4264,"evaluate_loss":1.60183325111866,"train_loss":8.028421859073031,"EXP_107_N8_R4_E5_CLIENT_07_status":0}