{"evaluate_loss":1.9036895956311908,"train_loss":5.987671602544167,"EXP_101_N9_R4_E3_CLIENT_01_status":0,"evaluate_accuracy":0.2760791366906475,"_runtime":16,"_step":7,"_timestamp":1.75657252112671e+09,"_wandb":{"runtime":16}}