{"evaluate_loss":2.3072414012182327,"evaluate_accuracy":0.10797840431913618,"_runtime":90.70020222,"_step":1,"_timestamp":1.754213453819464e+09,"_wandb":{"runtime":90},"train_loss":8.851241365611124}