{"_wandb":{"runtime":517},"evaluate_accuracy":0.26754649070185965,"evaluate_loss":1.9066170566486862,"train_loss":10.639461739211562,"_runtime":517.957848364,"_step":3,"_timestamp":1.7545868129057512e+09}