{"train_loss":8.019401963952062,"_runtime":14927.425467158,"_step":8,"_timestamp":1.7542131399406638e+09,"_wandb":{"runtime":14927},"evaluate_accuracy":0.3893221355728854,"evaluate_loss":1.6521316028776625}