{"_wandb":{"runtime":24},"_step":0,"train_loss":3.68975756187439,"_timestamp":1.7541315875161524e+09,"_runtime":24.898588483}