{"_timestamp":1.7565457375195007e+09,"_wandb":{"runtime":1},"evaluate_accuracy":0.23815236952609478,"evaluate_loss":1.941752258336769,"EXP_081_N6_R4_E4_CLIENT_04_status":0,"_runtime":1,"_step":3}