{"_step":0,"_wandb":{"runtime":38},"train_loss":9.19774203483289,"_timestamp":1.7541755182397838e+09,"_runtime":38.376773319}