{"evaluate_accuracy":0.4256148770245951,"evaluate_loss":1.5760596468335106,"train_loss":4.947344804267518,"_runtime":4646.407262881,"_step":7,"_timestamp":1.7542119351151848e+09,"_wandb":{"runtime":4646}}