{"_timestamp":1.7542184534046543e+09,"_wandb":{"runtime":783},"evaluate_accuracy":0.1408,"evaluate_loss":2.1543129592002193,"train_loss":8.875225024482313,"_runtime":783.196310079,"_step":4}