{"_step":3,"_timestamp":1.7564888569284377e+09,"_wandb":{"runtime":10},"evaluate_accuracy":0.3039568345323741,"evaluate_loss":1.804426223891122,"train_loss":5.386096865153141,"_runtime":10}