{"_timestamp":1.757171824845797e+09,"_wandb":{"runtime":12},"evaluate_accuracy":0.388,"evaluate_loss":1.6706714895036485,"train_loss":5.166835830688477,"_runtime":12,"_step":3}