{"_timestamp":1.756490557828215e+09,"_step":0,"evaluate_loss":2.354837392938548,"evaluate_accuracy":0.1001100110011001,"_wandb":{"runtime":0},"_runtime":0}