{"EXP_110_N8_R5_E4_CLIENT_04_status":0,"_timestamp":1.757149672484855e+09,"train_loss":7.255931226311216,"_runtime":173,"_step":7,"_wandb":{"runtime":173},"evaluate_accuracy":0.3856,"evaluate_loss":1.6704606741666794}