{"_wandb":{"runtime":470},"evaluate_accuracy":0.3648,"evaluate_loss":1.6466608881950378,"train_loss":8.203580888213626,"_runtime":470.728967837,"_step":7,"_timestamp":1.7571545360258687e+09}