{"train_loss":6.912153798303787,"EXP_084_N8_R4_E3_CLIENT_02_status":0,"_timestamp":1.756546848800861e+09,"evaluate_loss":2.30258167386055,"_runtime":29,"_step":10,"_wandb":{"runtime":29},"evaluate_accuracy":0.0944}