{"_timestamp":1.7494636810487382e+09,"_wandb":{"runtime":15},"_runtime":15.08788929,"_step":0,"train_loss":3.8077871422115845}