{"evaluate_accuracy":0.10146955913226031,"evaluate_loss":2.3020787398020426,"train_loss":7.826433231044748,"_runtime":142.892346044,"_step":2,"_timestamp":1.7563109903527262e+09,"_wandb":{"runtime":142}}