{"evaluate_loss":2.3449666727156866,"train_loss":5.320782120565145,"_runtime":135.031294374,"_step":2,"_timestamp":1.7542117940307152e+09,"_wandb":{"runtime":135},"evaluate_accuracy":0.09508098380323936}