{"_wandb":{"runtime":0},"_runtime":0,"EXP_087_N8_R4_E2_CLIENT_05_status":0,"_timestamp":1.7565484000990775e+09,"evaluate_loss":2.2438884735107423,"evaluate_accuracy":0.1272,"_step":1}