{"_wandb":{"runtime":528},"evaluate_accuracy":0.2218,"evaluate_loss":1.9819265102884571,"train_loss":3.6370032335281373,"_runtime":528.037382163,"_step":4,"_timestamp":1.7541314341231663e+09}