{"_runtime":23,"_timestamp":1.7565704718644764e+09,"_wandb":{"runtime":23},"evaluate_accuracy":0.35602879424115175,"train_loss":5.217826791804471,"EXP_096_N3_R4_E3_CLIENT_03_status":0,"_step":6,"evaluate_loss":1.7037068026406423}