{"_timestamp":1.756313893815186e+09,"_wandb":{"runtime":49},"train_loss":7.596823495797837,"_runtime":49.771726413,"evaluate_accuracy":0.0952,"evaluate_loss":2.314368884774703,"_step":1}