{"_timestamp":1.7494636991352024e+09,"_wandb":{"runtime":34},"evaluate_loss":2.361319503330049,"evaluate_accuracy":0.10527894421115777,"train_loss":3.967198529689432,"_runtime":34.151021747,"_step":1}