{"_runtime":273.138297692,"_step":2,"_timestamp":1.75421983014648e+09,"_wandb":{"runtime":273},"evaluate_accuracy":0.0896,"evaluate_loss":2.318217621573919,"train_loss":12.513394933919937}