{"_wandb":{"runtime":496},"evaluate_accuracy":0.172,"evaluate_loss":2.065659228403857,"train_loss":8.66623643283844,"_runtime":496.922709329,"_step":3,"_timestamp":1.7542083922673874e+09}