{"_wandb":{"runtime":20},"train_loss":4.505268458366394,"_timestamp":1.7477482130537212e+09,"_runtime":20.272941701,"_step":0}