{"_step":4,"_timestamp":1.7492035516892014e+09,"_wandb":{"runtime":442},"evaluate_accuracy":0.2698,"evaluate_loss":1.9613140836642808,"train_loss":3.431160711479187,"_runtime":442.334024744}