{"_step":0,"train_loss":7.8515629734148815,"_timestamp":1.7545852541996524e+09,"_wandb":{"runtime":50},"_runtime":50.585770292}