{"_wandb":{"runtime":5847},"evaluate_accuracy":0.3976,"evaluate_loss":1.6116699253677562,"train_loss":10.884169010162353,"_runtime":5847.259420051,"_step":6,"_timestamp":1.7542097680132453e+09}