{"evaluate_accuracy":0.0972,"_runtime":62.168014237,"_step":1,"_timestamp":1.754582126848592e+09,"_wandb":{"runtime":62},"train_loss":9.216501137699945,"evaluate_loss":2.334612933895256}