{"evaluate_loss":1.791069519519806,"EXP_085_N8_R4_E4_CLIENT_02_status":0,"_runtime":40,"_step":8,"_timestamp":1.7565471707693045e+09,"train_loss":7.04076082919054,"_wandb":{"runtime":40},"evaluate_accuracy":0.3264}