{"train_loss":5.606807494906785,"evaluate_accuracy":0.08698260347930414,"evaluate_loss":2.6450945195697604,"_runtime":27,"_step":1,"_timestamp":1.756463339410104e+09,"_wandb":{"runtime":27}}