{"_runtime":219,"_step":7,"_timestamp":1.7571557945955439e+09,"_wandb":{"runtime":219},"evaluate_accuracy":0.3696,"evaluate_loss":1.643750673532486,"train_loss":8.612714841866948}