{"evaluate_accuracy":0.331,"train_loss":5.634201577186585,"_step":8,"_timestamp":1.7565729501860611e+09,"evaluate_loss":1.788493324071169,"EXP_102_N10_R4_E3_CLIENT_03_status":0,"_runtime":28,"_wandb":{"runtime":28}}