{"_runtime":52,"_step":5,"_timestamp":1.7565752869077215e+09,"evaluate_accuracy":0.2424,"evaluate_loss":1.9668552249670028,"train_loss":8.42443698075167,"_wandb":{"runtime":52},"EXP_107_N8_R4_E5_CLIENT_03_status":0}