{"train_loss":4.016329058823875,"_runtime":30.382041492,"_step":1,"evaluate_loss":2.3127837120732173,"evaluate_accuracy":0.096,"_timestamp":1.7541541185648065e+09,"_wandb":{"runtime":30}}