{"_runtime":238.374424748,"_step":3,"_timestamp":1.7542108877855847e+09,"_wandb":{"runtime":238},"evaluate_accuracy":0.22795440911817635,"evaluate_loss":1.9771859952381678,"train_loss":5.443600760375281}