{"_step":5,"_timestamp":1.756482501395151e+09,"_wandb":{"runtime":56},"evaluate_accuracy":0.3192,"evaluate_loss":1.7697029506103903,"train_loss":5.332334556518652,"_runtime":56}