{"evaluate_loss":1.7036496832257226,"train_loss":3.3837164002928515,"_runtime":1402.337507231,"_step":6,"_timestamp":1.7494638242175882e+09,"_wandb":{"runtime":1402},"evaluate_accuracy":0.3557288542291542}