{"_timestamp":1.756311133329517e+09,"_wandb":{"runtime":1218},"evaluate_accuracy":0.30230930720783766,"evaluate_loss":1.8562667820188734,"train_loss":7.445543871911544,"_runtime":1218.13713011,"_step":5}