{"evaluate_loss":2.332967504670348,"train_loss":5.499670446490327,"_runtime":39.662095831,"_step":2,"_timestamp":1.7564824348228397e+09,"_wandb":{"runtime":39},"evaluate_accuracy":0.0952}