{"_wandb":{"runtime":84229518},"evaluate_accuracy":0.2450509898020396,"evaluate_loss":1.9010964439028786,"train_loss":3.67198984885959,"_runtime":8.422951845802929e+07,"_step":19,"_timestamp":1.7478336248294919e+09}