{"_step":6,"_timestamp":1.754176562373308e+09,"_wandb":{"runtime":3449},"evaluate_accuracy":0.3356,"evaluate_loss":1.7307928196991549,"train_loss":8.050192551490978,"_runtime":3449.178204857}