{"_wandb":{"runtime":1656},"evaluate_accuracy":0.3416,"evaluate_loss":1.7610851299913624,"train_loss":5.304531605479816,"_runtime":1656.988482012,"_step":6,"_timestamp":1.7542167302308888e+09}