{"_timestamp":1.756545400712284e+09,"evaluate_accuracy":0.40671865626874626,"train_loss":5.0568228090208684,"_runtime":34,"_wandb":{"runtime":34},"evaluate_loss":1.591759591732385,"EXP_080_N6_R4_E3_CLIENT_02_status":0,"_step":8}