{"evaluate_accuracy":0.105,"_timestamp":1.7565728606635215e+09,"_wandb":{"runtime":8},"train_loss":5.8961640100479125,"EXP_102_N10_R4_E3_CLIENT_04_status":0,"_runtime":8,"_step":2,"evaluate_loss":2.3068798258900642}