{"evaluate_accuracy":0.3846,"evaluate_loss":1.6419750611493542,"train_loss":11.446753578853608,"_runtime":690.970486458,"_step":3,"_timestamp":1.754210211963396e+09,"_wandb":{"runtime":690}}