{"_runtime":8607.811860048,"_step":7,"_timestamp":1.7541746941658013e+09,"_wandb":{"runtime":8607},"evaluate_accuracy":0.33413317336532694,"evaluate_loss":1.7619025324875455,"train_loss":8.83940546364305}