{"_runtime":39.517445934,"_step":2,"train_loss":8.698400520974664,"_timestamp":1.757154317766075e+09,"_wandb":{"runtime":39},"evaluate_accuracy":0.2128,"evaluate_loss":1.913047629594803}