{"_step":0,"train_loss":6.163978156290557,"_timestamp":1.7564905395028667e+09,"_wandb":{"runtime":9},"_runtime":9.962259823}