{"_wandb":{"runtime":7},"evaluate_loss":1.84789171900068,"evaluate_accuracy":0.26754649070185965,"_timestamp":1.747745154992021e+09,"_runtime":6.497307069,"_step":0}