{"_runtime":2,"_step":3,"_timestamp":1.7565711535982387e+09,"_wandb":{"runtime":2},"evaluate_accuracy":0.3708,"evaluate_loss":1.6702871217003352,"EXP_098_N4_R4_E3_CLIENT_03_status":0}