{"_step":9,"_wandb":{"runtime":27},"evaluate_accuracy":0.4337132573485303,"evaluate_loss":1.5829195031579935,"EXP_080_N6_R4_E3_CLIENT_01_status":0,"_timestamp":1.7565454428714867e+09,"train_loss":4.771667440827383,"_runtime":27}