{"_step":0,"_wandb":{"runtime":22},"train_loss":3.6761114212036134,"_timestamp":1.7478282228572657e+09,"_runtime":22.223372906}