{"EXP_080_N6_R4_E3_CLIENT_06_status":0,"_runtime":11,"_step":4,"_timestamp":1.756545380870048e+09,"_wandb":{"runtime":11},"evaluate_accuracy":0.29214157168566285,"evaluate_loss":1.8496596633263351,"train_loss":5.085972787090466}