{"_timestamp":1.7545834078970664e+09,"_wandb":{"runtime":409},"evaluate_accuracy":0.2936,"evaluate_loss":1.8978340293787703,"train_loss":10.897187586409595,"_runtime":409.823603566,"_step":3}