{"evaluate_loss":2.307701081037522,"train_loss":4.609047622680664,"_runtime":593.159760237,"_step":2,"_timestamp":1.7478321912157342e+09,"_wandb":{"runtime":593},"evaluate_accuracy":0.102}