{"train_loss":4.60666973271947,"_step":9,"_wandb":{"runtime":13},"evaluate_loss":1.7440534472465514,"EXP_090_N8_R4_E2_CLIENT_01_status":0,"_runtime":13,"_timestamp":1.7565509709417887e+09,"evaluate_accuracy":0.3432}