{"_timestamp":1.7477451305827694e+09,"_runtime":19.937700817,"_step":0,"_wandb":{"runtime":19},"train_loss":3.6280591302066685}