{"_wandb":{"runtime":14},"_runtime":14.725325138,"_step":0,"train_loss":3.688573710352397,"_timestamp":1.7477466085858831e+09}