{"evaluate_accuracy":0.1546,"_timestamp":1.747830526179585e+09,"_wandb":{"runtime":57},"train_loss":4.607910082244873,"_runtime":57.054554976,"_step":1,"evaluate_loss":2.232513456587579}