{"evaluate_accuracy":0.10287942411517696,"evaluate_loss":2.439816897256034,"train_loss":5.5386435288033615,"_runtime":125.014081713,"_step":2,"_timestamp":1.7542112708681886e+09,"_wandb":{"runtime":125}}