{"_step":1,"_timestamp":1.7541779801941953e+09,"_wandb":{"runtime":104},"train_loss":12.974165019135889,"_runtime":104.401495023,"evaluate_loss":2.327966545201555,"evaluate_accuracy":0.1008}