{"_step":9,"_timestamp":1.7545829033250856e+09,"_wandb":{"runtime":19639},"evaluate_accuracy":0.4272,"evaluate_loss":1.5590923315362086,"train_loss":6.4465216245895,"_runtime":19639.94678175}