{"evaluate_loss":2.518060620827011,"train_loss":9.079186848558177,"_runtime":193.103822159,"_step":2,"_timestamp":1.7541771208238046e+09,"_wandb":{"runtime":193},"evaluate_accuracy":0.0936}