{"_wandb":{"runtime":2945},"evaluate_accuracy":0.358,"evaluate_loss":1.7230040740363206,"train_loss":8.342845966259892,"_runtime":2945.415704771,"_step":6,"_timestamp":1.7542191509844546e+09}