{"evaluate_loss":1.5141768557684765,"train_loss":10.16462316258634,"_runtime":321911.022200185,"_step":12,"_timestamp":1.7542158821622345e+09,"_wandb":{"runtime":321911},"evaluate_accuracy":0.45830833833233353}