{"_timestamp":1.7571522705220988e+09,"_wandb":{"runtime":123},"evaluate_accuracy":0.096,"evaluate_loss":2.320491725206375,"train_loss":7.766323682608878,"_runtime":123.460874587,"_step":2}