{"evaluate_accuracy":0.2656,"evaluate_loss":1.9125163942575454,"train_loss":5.742465562121883,"EXP_100_N8_R4_E3_CLIENT_07_status":0,"_runtime":8,"_step":4,"_timestamp":1.7565720413104947e+09,"_wandb":{"runtime":8}}