{"_wandb":{"runtime":662},"evaluate_accuracy":0.2958,"evaluate_loss":1.848669739285852,"train_loss":5.320019174385071,"_runtime":662.108991285,"_step":4,"_timestamp":1.7541305249082055e+09}