{"_timestamp":1.7492057579803982e+09,"_wandb":{"runtime":1784},"evaluate_accuracy":0.3866,"evaluate_loss":1.6603654296534835,"train_loss":3.2818244331359865,"_runtime":1784.088135241,"_step":6}