{"_timestamp":1.7494610779014413e+09,"_wandb":{"runtime":3702},"evaluate_accuracy":0.104,"evaluate_loss":2.302916985408516,"train_loss":4.60804479637146,"_runtime":3702.928986714,"_step":7}