{"_timestamp":1.7565475825612817e+09,"_wandb":{"runtime":17},"evaluate_accuracy":0.3456,"evaluate_loss":1.69020072221756,"EXP_086_N8_R4_E5_CLIENT_08_status":0,"train_loss":8.36773794319979,"_runtime":17,"_step":6}