{"_runtime":164,"_wandb":{"runtime":164},"evaluate_loss":2.29759840965271,"train_loss":7.360254957417774,"_step":3,"_timestamp":1.7571495878049746e+09,"evaluate_accuracy":0.092,"EXP_110_N8_R5_E4_CLIENT_06_status":0}