{"train_loss":4.86694334833005,"_runtime":13809.988989189,"_step":9,"_timestamp":1.7542173730108042e+09,"_wandb":{"runtime":13810},"evaluate_accuracy":0.416,"evaluate_loss":1.5826847523073606}