{"_wandb":{"runtime":125},"evaluate_accuracy":0.1034,"evaluate_loss":2.317717550666469,"train_loss":3.7843818353652954,"_runtime":125.955341076,"_step":2,"_timestamp":1.7541313799056644e+09}