{"_runtime":40,"_step":5,"train_loss":8.553837466391789,"EXP_107_N8_R4_E5_CLIENT_01_status":0,"_timestamp":1.7565752808180563e+09,"_wandb":{"runtime":40},"evaluate_accuracy":0.2544,"evaluate_loss":1.9228750169277191}