{"_step":5,"_timestamp":1.7563111323132687e+09,"_wandb":{"runtime":1529},"evaluate_accuracy":0.2827151854443667,"evaluate_loss":1.8496283478207058,"train_loss":7.397874171507425,"_runtime":1529.708748767}