{"_wandb":{"runtime":223},"evaluate_accuracy":0.348,"evaluate_loss":1.6560572296380998,"train_loss":6.773080219129088,"_runtime":223,"_step":4,"_timestamp":1.757151429465235e+09}