{"_step":5,"_timestamp":1.7494660911613824e+09,"_wandb":{"runtime":1132},"evaluate_accuracy":0.34673065386922614,"evaluate_loss":1.7199928022566295,"train_loss":6.800655195467192,"_runtime":1132.352583909}