{"_step":4,"_timestamp":1.7478306169702592e+09,"_wandb":{"runtime":74},"evaluate_accuracy":0.347,"evaluate_loss":1.704246782193518,"train_loss":3.3370457010269163,"_runtime":74.435360525}