{"_runtime":135.749489668,"_step":1,"evaluate_loss":2.2981255546448724,"evaluate_accuracy":0.11,"_timestamp":1.7541736578800914e+09,"_wandb":{"runtime":135},"train_loss":9.762699727535248}