{"_wandb":{"runtime":35},"evaluate_loss":1.5736220002174377,"train_loss":9.297077587455702,"EXP_108_N8_R5_E5_CLIENT_05_status":0,"_timestamp":1.7565759686655788e+09,"evaluate_accuracy":0.4104,"_runtime":35,"_step":11}