{"_wandb":{"runtime":124},"train_loss":4.25675520324707,"_timestamp":1.7478320518678439e+09,"_runtime":124.316909343,"_step":0}