{"evaluate_loss":1.8138584683213053,"train_loss":6.915819553140635,"_runtime":1270.044836158,"_step":5,"_timestamp":1.7545827772413704e+09,"_wandb":{"runtime":1270},"evaluate_accuracy":0.322}