{"train_loss":9.727106767978395,"_timestamp":1.7541743497516348e+09,"_runtime":39.212850314,"_wandb":{"runtime":39},"_step":0}