{"evaluate_loss":1.7970249241796032,"train_loss":6.071186229848025,"_runtime":9,"_step":3,"_timestamp":1.756490643087164e+09,"_wandb":{"runtime":9},"evaluate_accuracy":0.3230769230769231}