{"evaluate_accuracy":0.09712230215827339,"train_loss":6.14882264818464,"_runtime":7,"_step":1,"_timestamp":1.7564910479786577e+09,"_wandb":{"runtime":7},"evaluate_loss":2.409863419002957}