{"_timestamp":1.7565438706526406e+09,"evaluate_accuracy":0.2495500899820036,"evaluate_loss":1.9586887089711316,"train_loss":3.8476862114582335,"EXP_078_N6_R3_E2_CLIENT_04_status":0,"_wandb":{"runtime":15},"_runtime":15,"_step":5}