{"_runtime":11712.836835434,"_step":7,"_timestamp":1.7542104330326934e+09,"_wandb":{"runtime":11712},"evaluate_accuracy":0.4126,"evaluate_loss":1.5672769576880583,"train_loss":10.86852649040222}