{"_timestamp":1.757171809507437e+09,"_wandb":{"runtime":26},"evaluate_accuracy":0.2255,"evaluate_loss":1.9909283793161785,"train_loss":5.231902559757232,"_runtime":26.76163464,"_step":3}