{"_timestamp":1.7565729507039464e+09,"evaluate_loss":1.8389186970889568,"train_loss":6.099608624458313,"_runtime":14,"_wandb":{"runtime":14},"evaluate_accuracy":0.315,"EXP_102_N10_R4_E3_CLIENT_05_status":0,"_step":6}