{"train_loss":9.587272287174395,"_timestamp":1.7571553528986025e+09,"_wandb":{"runtime":35},"_runtime":35.235705771,"_step":0}