{"evaluate_accuracy":0.09718056388722256,"evaluate_loss":2.3334692064321265,"train_loss":7.569108114288184,"_runtime":178.055791625,"_step":2,"_timestamp":1.754584725131034e+09,"_wandb":{"runtime":178}}