{"train_loss":3.4731539878845217,"_runtime":104.890027504,"_step":2,"_timestamp":1.7541563379726636e+09,"_wandb":{"runtime":104},"evaluate_accuracy":0.133,"evaluate_loss":2.257842833828774}