{"train_loss":7.252862197930733,"_runtime":851.469544502,"_step":4,"_timestamp":1.756310546294257e+09,"_wandb":{"runtime":851},"evaluate_accuracy":0.1295740851829634,"evaluate_loss":2.225396169806426}