{"_runtime":260912.089829788,"_step":12,"_timestamp":1.7541792496995008e+09,"_wandb":{"runtime":260912},"evaluate_accuracy":0.48,"evaluate_loss":1.4789106634598743,"train_loss":10.234594349853527}