{"train_loss":5.928805780925339,"_step":0,"_wandb":{"runtime":9},"_runtime":9,"EXP_101_N9_R4_E3_CLIENT_02_status":0,"_timestamp":1.7565724203556418e+09}