{"_runtime":252.198183931,"_step":3,"_timestamp":1.754211286949064e+09,"_wandb":{"runtime":252},"evaluate_accuracy":0.23875224955008997,"evaluate_loss":1.921900851385934,"train_loss":5.5386435288033615}