{"_timestamp":1.7494644544743772e+09,"_wandb":{"runtime":240},"evaluate_accuracy":0.21475704859028194,"evaluate_loss":2.1441118001937864,"train_loss":5.314220368433341,"_runtime":240.454305073,"_step":3}