{"_step":3,"_timestamp":1.756309967657974e+09,"_wandb":{"runtime":292},"evaluate_accuracy":0.2165,"evaluate_loss":2.0457886249300032,"train_loss":7.431533947467804,"_runtime":292.182199781}