{"train_loss":8.75543775224382,"EXP_108_N8_R5_E5_CLIENT_02_status":0,"_step":10,"_timestamp":1.756575912456418e+09,"evaluate_accuracy":0.3784,"_runtime":78,"_wandb":{"runtime":78},"evaluate_loss":1.6822245985269546}