{"evaluate_loss":2.143813467025757,"train_loss":7.222359771941118,"_runtime":146,"_step":3,"_timestamp":1.7571512905775409e+09,"_wandb":{"runtime":146},"evaluate_accuracy":0.1896}