{"_runtime":4.294967317098813e+09,"_step":38,"_timestamp":1.747920394470777e+09,"_wandb":{"runtime":4294967317},"evaluate_accuracy":0.3654,"evaluate_loss":1.7122121631719505,"train_loss":3.3634640367507935}