{"_wandb":{"runtime":30556},"evaluate_accuracy":0.4523095380923815,"evaluate_loss":1.5292756886709304,"train_loss":7.798249692082119,"_runtime":30556.334377462,"_step":9,"_timestamp":1.754213750897178e+09}