{"train_loss":10.026111388320558,"_runtime":1710.089749597,"_step":4,"_timestamp":1.7545869123487513e+09,"_wandb":{"runtime":1710},"evaluate_accuracy":0.28254349130173967,"evaluate_loss":1.940016899468764}