{"_wandb":{"runtime":38413},"evaluate_accuracy":0.424,"evaluate_loss":1.555006140395056,"train_loss":6.250683327642873,"_runtime":38413.069621166,"_step":10,"_timestamp":1.7545829459436378e+09}