{"_timestamp":1.7541774628370397e+09,"_wandb":{"runtime":183525},"evaluate_accuracy":0.4012,"evaluate_loss":1.604547318023971,"train_loss":7.7959920893461945,"_runtime":183525.140643403,"_step":12}