{"_step":1,"_timestamp":1.7541522720450542e+09,"_wandb":{"runtime":49},"evaluate_loss":2.674113777792378,"evaluate_accuracy":0.1012,"train_loss":3.829608860397339,"_runtime":48.98661391}