{"_wandb":{"runtime":6},"_runtime":6,"_step":0,"EXP_079_N6_R4_E2_CLIENT_02_status":0,"_timestamp":1.7565449993614905e+09,"train_loss":4.073953361032112}