{"evaluate_loss":2.302846348285675,"_timestamp":1.7565468081807315e+09,"_wandb":{"runtime":19},"evaluate_accuracy":0.0984,"train_loss":6.913230209593561,"EXP_084_N8_R4_E3_CLIENT_02_status":0,"_runtime":19,"_step":7}