{"train_loss":7.938542533796816,"_runtime":399158.187701421,"_step":13,"_timestamp":1.7542193818277073e+09,"_wandb":{"runtime":399158},"evaluate_accuracy":0.4232,"evaluate_loss":1.5641117639179472}