{"train_loss":8.54615918921817,"_runtime":24,"_wandb":{"runtime":24},"EXP_108_N8_R5_E5_CLIENT_07_status":0,"_step":8,"_timestamp":1.7565759120363858e+09,"evaluate_accuracy":0.3688,"evaluate_loss":1.6659356504678726}