{"train_loss":13.290992855263974,"_runtime":937.12901379,"_step":4,"_timestamp":1.7541781300347662e+09,"_wandb":{"runtime":937},"evaluate_accuracy":0.1704,"evaluate_loss":2.1743556276152405}