{"_timestamp":1.754208633281229e+09,"_wandb":{"runtime":16886},"evaluate_accuracy":0.4474,"evaluate_loss":1.5133655974819402,"train_loss":7.622242985439301,"_runtime":16886.323739968,"_step":8}