{"_step":3,"_timestamp":1.7564906445269322e+09,"_wandb":{"runtime":10},"evaluate_accuracy":0.31978021978021975,"evaluate_loss":1.8226498077655662,"train_loss":6.163978156290557,"_runtime":10}