{"train_loss":8.904011174583434,"_runtime":556.19263326,"_step":3,"_timestamp":1.7542078337177594e+09,"_wandb":{"runtime":556},"evaluate_accuracy":0.295,"evaluate_loss":1.8136322551472173}