{"_timestamp":1.756310034375137e+09,"_wandb":{"runtime":1212},"evaluate_accuracy":0.314,"evaluate_loss":1.8141906885873704,"train_loss":7.279972550868988,"_runtime":1212.081383555,"_step":5}