{"_step":9,"_timestamp":1.7542080998425086e+09,"_wandb":{"runtime":33802},"evaluate_accuracy":0.406,"evaluate_loss":1.587837440952374,"train_loss":7.973880578804016,"_runtime":33802.788303567}