{"train_loss":5.683752683230809,"_runtime":23,"_step":3,"_timestamp":1.7564911018241556e+09,"_wandb":{"runtime":23},"evaluate_accuracy":0.27218225419664266,"evaluate_loss":1.8998947320161041}