{"evaluate_loss":2.3241572470892042,"evaluate_accuracy":0.09448110377924415,"_timestamp":1.7494643959374373e+09,"_wandb":{"runtime":42},"train_loss":5.636254087054758,"_runtime":42.332849898,"_step":1}