{"_step":0,"_wandb":{"runtime":3},"evaluate_loss":2.239804332423362,"evaluate_accuracy":0.1968,"_timestamp":1.7477482906146896e+09,"_runtime":2.98509556}