{"train_loss":6.846877040377088,"_runtime":196,"_step":6,"EXP_110_N8_R5_E4_CLIENT_06_status":0,"_timestamp":1.7571496569278088e+09,"_wandb":{"runtime":196},"evaluate_accuracy":0.2568,"evaluate_loss":1.9012598395347595}