{"_wandb":{"runtime":1092},"evaluate_accuracy":0.2087582483503299,"evaluate_loss":2.185996314264693,"train_loss":6.935354561896986,"_runtime":1092.114790416,"_step":4,"_timestamp":1.7545854276090832e+09}