{"evaluate_loss":1.8894178642416901,"train_loss":11.63790708409542,"_runtime":1751.729619355,"_step":5,"_timestamp":1.7545862694367454e+09,"_wandb":{"runtime":1751},"evaluate_accuracy":0.2633473305338932}