{"train_loss":9.297077587455702,"EXP_108_N8_R5_E5_CLIENT_05_status":0,"_step":7,"_timestamp":1.7565758532339346e+09,"_wandb":{"runtime":35},"evaluate_accuracy":0.3384,"evaluate_loss":1.7229286581277847,"_runtime":35}