{"train_loss":10.871888525748368,"_runtime":6603.217528742,"_step":6,"_timestamp":1.7545863614904552e+09,"_wandb":{"runtime":6603},"evaluate_accuracy":0.23155368926214756,"evaluate_loss":1.924443247183314}