{"evaluate_loss":1.5832002049039124,"train_loss":3.2818244331359865,"_runtime":3571.253014842,"_step":7,"_timestamp":1.749205775616253e+09,"_wandb":{"runtime":3571},"evaluate_accuracy":0.4188}