{"_timestamp":1.7545853379206874e+09,"_wandb":{"runtime":259},"evaluate_accuracy":0.09598080383923216,"evaluate_loss":2.330409418861821,"train_loss":7.308791181687533,"_runtime":259.969386315,"_step":2}