{"_wandb":{"runtime":4700},"evaluate_accuracy":0.42861427714457107,"evaluate_loss":1.6021118697665986,"train_loss":4.872170003055097,"_runtime":4700.390981649,"_step":7,"_timestamp":1.7542119352707255e+09}