{"_wandb":{"runtime":815},"evaluate_accuracy":0.3143371325734853,"evaluate_loss":1.8984275966320399,"train_loss":10.688282581607693,"_runtime":815.748084267,"_step":3,"_timestamp":1.7545868142151191e+09}