{"_timestamp":1.756574197627615e+09,"evaluate_loss":2.312436509132385,"evaluate_accuracy":0.0944,"_wandb":{"runtime":0},"_runtime":0,"_step":1,"EXP_105_N8_R4_E4_CLIENT_07_status":0}