{"_runtime":16,"evaluate_loss":1.657339097559452,"train_loss":6.909726701724302,"EXP_104_N8_R5_E3_CLIENT_04_status":0,"_step":8,"_timestamp":1.756573879668733e+09,"_wandb":{"runtime":16},"evaluate_accuracy":0.3592}