{"_step":4,"_timestamp":1.754586879825558e+09,"_wandb":{"runtime":1087},"evaluate_accuracy":0.26754649070185965,"evaluate_loss":1.9066170566486864,"train_loss":10.196133460724752,"_runtime":1087.030840416}