{"_timestamp":1.7564830038628464e+09,"_step":0,"_wandb":{"runtime":279},"_runtime":279.610040384,"train_loss":5.868974269866944}