{"_step":6,"evaluate_accuracy":0.3528,"train_loss":9.00520780435793,"EXP_107_N8_R4_E5_CLIENT_08_status":0,"_runtime":25,"_timestamp":1.7565753064318914e+09,"_wandb":{"runtime":25},"evaluate_loss":1.6859956175088882}