{"_runtime":20.296767352,"_step":0,"_wandb":{"runtime":20},"train_loss":3.778559614753723,"client_name":"EXP_001_N2_R3_E2_CLIENT_02","partition_id":1,"_timestamp":1.754150078927516e+09}