{"train_loss":7.723387368925058,"EXP_109_N8_R5_E4_CLIENT_05_status":0,"_runtime":73,"_timestamp":1.757148938416849e+09,"_wandb":{"runtime":73},"_step":7,"evaluate_accuracy":0.3024,"evaluate_loss":1.8682402342557907}