{"_timestamp":1.7542090091702168e+09,"_runtime":83.051870062,"_step":0,"train_loss":12.502985084724425,"_wandb":{"runtime":83}}