{"_wandb":{"runtime":36342},"evaluate_accuracy":0.4316,"evaluate_loss":1.581301502034634,"train_loss":10.570450973015625,"_runtime":36342.226164479,"_step":9,"_timestamp":1.7541791045885944e+09}