{"_runtime":18,"_wandb":{"runtime":18},"evaluate_accuracy":0.3288,"train_loss":9.7630053348602,"EXP_108_N8_R5_E5_CLIENT_01_status":0,"_step":6,"_timestamp":1.7565758527623355e+09,"evaluate_loss":1.7486433178186416}