{"client_name":"EXP_001_Nunknown_R2_E2_CLIENT_02","train_loss":3.585289682197571,"evaluate_loss":1.790400299297017,"_wandb":{"runtime":214},"_timestamp":1.75414860146234e+09,"evaluate_accuracy":0.328,"_runtime":214.909231655,"_step":3,"partition_id":1}