{"_wandb":{"runtime":35},"evaluate_accuracy":0.1552,"evaluate_loss":2.143870359659195,"train_loss":7.205055630890427,"EXP_109_N8_R5_E4_CLIENT_07_status":0,"_runtime":35,"_step":4,"_timestamp":1.7571489221212912e+09}