{"_timestamp":1.7565454274912224e+09,"train_loss":4.771667440827383,"_wandb":{"runtime":26},"evaluate_accuracy":0.3797240551889622,"evaluate_loss":1.6568453514351036,"EXP_080_N6_R4_E3_CLIENT_01_status":0,"_runtime":26,"_step":7}