{"_runtime":24,"_timestamp":1.7565684403776944e+09,"_wandb":{"runtime":24},"_step":4,"evaluate_accuracy":0.29214157168566285,"evaluate_loss":1.8422554345357987,"train_loss":5.844081644245761,"EXP_093_N3_R3_E3_CLIENT_01_status":0}