{"_runtime":20.147192065,"_step":0,"_wandb":{"runtime":20},"train_loss":4.608413460922241,"_timestamp":1.7492053426126225e+09}