{"_timestamp":1.7494620287457325e+09,"_runtime":38.190256759,"_step":0,"_wandb":{"runtime":38},"train_loss":7.3633451148986815}