{"_step":5,"_timestamp":1.7545862699460645e+09,"_wandb":{"runtime":3195},"evaluate_accuracy":0.24595080983803239,"evaluate_loss":1.9136028469733473,"train_loss":11.475665557327453,"_runtime":3195.753235477}