{"EXP_090_N8_R4_E2_CLIENT_05_status":0,"_runtime":13,"_step":7,"_timestamp":1.756550933162354e+09,"train_loss":3.853171251382038,"_wandb":{"runtime":13},"evaluate_accuracy":0.2192,"evaluate_loss":1.9779918432235717}