{"_wandb":{"runtime":39},"train_loss":9.569868210786447,"_timestamp":1.754175519418135e+09,"_runtime":39.508774404,"_step":0}