{"_timestamp":1.754178321874251e+09,"_wandb":{"runtime":36656},"evaluate_accuracy":0.31,"evaluate_loss":1.7954142938686322,"train_loss":12.39191251402846,"_runtime":36656.438739512,"_step":9}