{"evaluate_accuracy":0.20155968806238753,"_timestamp":1.7477453300251381e+09,"_runtime":2.220613031,"_step":0,"_wandb":{"runtime":3},"evaluate_loss":2.0126621382577077}