{"_wandb":{"runtime":47},"evaluate_accuracy":0.4076,"train_loss":4.993811059683656,"_runtime":47,"_step":8,"_timestamp":1.7565712003859982e+09,"evaluate_loss":1.6017111404032647,"EXP_098_N4_R4_E3_CLIENT_01_status":0}