{"evaluate_accuracy":0.2016,"evaluate_loss":1.9591105618054354,"train_loss":3.797448514749448,"_runtime":392287.989784711,"_step":17,"_timestamp":1.747833016366586e+09,"_wandb":{"runtime":392288}}