{"evaluate_accuracy":0.14517096580683864,"evaluate_loss":2.241234320514607,"EXP_080_N6_R4_E3_CLIENT_04_status":0,"_runtime":12,"_step":2,"train_loss":5.339900313381944,"_timestamp":1.7565453407090676e+09,"_wandb":{"runtime":12}}