{"_wandb":{"runtime":39888092},"evaluate_accuracy":0.348,"evaluate_loss":1.7555174284343478,"train_loss":3.435840191932532,"_runtime":3.988809219803633e+07,"_step":20,"_timestamp":1.7478330958007286e+09}