{"_timestamp":1.7565464633526633e+09,"_wandb":{"runtime":12},"evaluate_loss":2.3700255274772646,"train_loss":3.815260631263636,"EXP_083_N8_R4_E2_CLIENT_04_status":0,"_step":3,"evaluate_accuracy":0.1024,"_runtime":12}