{"evaluate_accuracy":0.0952,"train_loss":7.632099215976727,"_runtime":50.073225964,"_step":1,"_timestamp":1.7563094400135422e+09,"_wandb":{"runtime":50},"evaluate_loss":2.472816678542125}