{"evaluate_accuracy":0.1096,"_runtime":38.256806403,"_step":1,"_timestamp":1.7542165844927268e+09,"_wandb":{"runtime":38},"train_loss":5.896159319831921,"evaluate_loss":2.3037661329100403}