{"_step":1,"_timestamp":1.7563090254728913e+09,"evaluate_loss":2.532010700589135,"evaluate_accuracy":0.11607678464307139,"_wandb":{"runtime":64},"train_loss":7.662158133028794,"_runtime":64.03032863}