{"_wandb":{"runtime":17},"_runtime":17,"train_loss":6.181494837353943,"_step":0,"EXP_104_N8_R5_E3_CLIENT_03_status":0,"_timestamp":1.756573717542758e+09}