{"_wandb":{"runtime":50889},"evaluate_accuracy":0.3884,"evaluate_loss":1.6661555706700193,"train_loss":7.926973275483226,"_runtime":50889.275754477,"_step":10,"_timestamp":1.7541773983651292e+09}