{"_runtime":51.237791837,"_step":0,"_wandb":{"runtime":51},"train_loss":13.25772386960709,"_timestamp":1.7542202556536007e+09}