{"_runtime":18,"_step":4,"_timestamp":1.7564897924385982e+09,"_wandb":{"runtime":18},"evaluate_accuracy":0.324032403240324,"evaluate_loss":1.8172710418701172,"train_loss":5.653042542848656}