{"_wandb":{"runtime":29},"_runtime":29.010818992,"_step":0,"train_loss":3.7355132097244264,"_timestamp":1.7477757625406501e+09}