{"_step":6,"_timestamp":1.756572948953963e+09,"_wandb":{"runtime":11},"evaluate_loss":1.8194929920136929,"train_loss":5.637020478248596,"_runtime":11,"evaluate_accuracy":0.31,"EXP_102_N10_R4_E3_CLIENT_09_status":0}