{"evaluate_loss":2.4503682064560226,"train_loss":10.730082677882255,"_runtime":241.964454726,"_step":2,"_timestamp":1.754586768781879e+09,"_wandb":{"runtime":241},"evaluate_accuracy":0.08938212357528494}