{"train_loss":5.304937758263509,"_step":9,"_timestamp":1.7565734942944055e+09,"evaluate_loss":1.6060312509536743,"EXP_103_N8_R4_E3_CLIENT_08_status":0,"_runtime":26,"_wandb":{"runtime":26},"evaluate_accuracy":0.4096}