{"_wandb":{"runtime":1407},"evaluate_accuracy":0.2265,"evaluate_loss":2.003434690218123,"train_loss":8.801185129642487,"_runtime":1407.062189974,"_step":4,"_timestamp":1.754173833683963e+09}