{"_timestamp":1.756546213965063e+09,"evaluate_loss":1.5501290537276358,"EXP_082_N6_R4_E5_CLIENT_02_status":0,"_runtime":69,"_wandb":{"runtime":69},"evaluate_accuracy":0.44991001799640074,"train_loss":7.874233913193479,"_step":11}