{"train_loss":8.72445451870513,"_runtime":730.046636157,"_step":4,"_timestamp":1.754177187592244e+09,"_wandb":{"runtime":730},"evaluate_accuracy":0.1916,"evaluate_loss":2.1992085583602328}