{"_step":4,"_timestamp":1.7571725632871835e+09,"_wandb":{"runtime":26},"evaluate_accuracy":0.4155,"evaluate_loss":1.579443617472573,"train_loss":8.807039120197295,"_runtime":26}