{"_runtime":65,"_timestamp":1.75657435442741e+09,"evaluate_accuracy":0.4096,"train_loss":6.55784530852251,"_step":10,"_wandb":{"runtime":65},"evaluate_loss":1.5907680064439773,"EXP_105_N8_R4_E4_CLIENT_08_status":0}