{"_timestamp":1.7545833158505704e+09,"_runtime":44.182182888,"_step":0,"_wandb":{"runtime":44},"train_loss":10.846107554131041}