{"train_loss":9.505045415494388,"_runtime":15779.116686531,"_step":8,"_timestamp":1.754584200848983e+09,"_wandb":{"runtime":15779},"evaluate_accuracy":0.4104,"evaluate_loss":1.586796703217905}