{"_wandb":{"runtime":306},"partition_id":1,"train_loss":5.077604137802124,"evaluate_accuracy":0.3644,"_timestamp":1.7541513310081935e+09,"_step":3,"evaluate_loss":1.7054423579744473,"_runtime":306.844960159,"client_name":"EXP_004_N2_R4_E3_CLIENT_02"}