{"_runtime":201.342008332,"_step":2,"_timestamp":1.7563104715248852e+09,"_wandb":{"runtime":201},"evaluate_accuracy":0.10137972405518896,"evaluate_loss":2.373903908819522,"train_loss":7.5649802034551445}