{"evaluate_loss":1.9190879627397863,"train_loss":5.21316931438446,"_runtime":841.360740492,"_step":4,"_timestamp":1.754206349151502e+09,"_wandb":{"runtime":841},"evaluate_accuracy":0.2742}