{"train_loss":7.8125463253373555,"_timestamp":1.757152205061374e+09,"_step":0,"_wandb":{"runtime":99},"_runtime":99.196313086}