{"evaluate_loss":1.6747999973357863,"train_loss":5.044759128952026,"_runtime":1529.619858064,"_step":5,"_timestamp":1.7542059917912729e+09,"_wandb":{"runtime":1529},"evaluate_accuracy":0.3812}