{"_step":4,"_timestamp":1.7545869142283347e+09,"_wandb":{"runtime":1692},"evaluate_accuracy":0.277744451109778,"evaluate_loss":1.9132640946586177,"train_loss":10.134222106500106,"_runtime":1692.976577985}