{"evaluate_loss":2.143813467025757,"train_loss":6.826950181821349,"_runtime":252.095311768,"_step":4,"_timestamp":1.7571514101365864e+09,"_wandb":{"runtime":252},"evaluate_accuracy":0.1896}