{"evaluate_loss":2.1369519960312617,"train_loss":12.640917894937438,"_runtime":676.44721873,"_step":3,"_timestamp":1.754214316278541e+09,"_wandb":{"runtime":676},"evaluate_accuracy":0.18446310737852428}