{"_step":0,"_wandb":{"runtime":18},"_runtime":18,"EXP_106_N8_R5_E4_CLIENT_03_status":0,"_timestamp":1.7565746790755525e+09,"train_loss":7.964825551221325}