{"_timestamp":1.757152322949706e+09,"_wandb":{"runtime":124},"evaluate_accuracy":0.1664,"evaluate_loss":2.116183486580849,"train_loss":7.632023459786822,"_runtime":124.736557227,"_step":3}