{"_step":16,"_timestamp":1.7478335520978577e+09,"_wandb":{"runtime":10528684},"evaluate_accuracy":0.3768,"evaluate_loss":1.682001193867454,"train_loss":3.9033093818371816,"_runtime":1.0528684451137805e+07}