{"train_loss":11.384841846561432,"_runtime":1444.321355369,"_step":4,"_timestamp":1.754209661676926e+09,"_wandb":{"runtime":1444},"evaluate_accuracy":0.1976,"evaluate_loss":2.101367257962561}