{"_timestamp":1.7494645090424476e+09,"_wandb":{"runtime":890},"evaluate_accuracy":0.39832033593281346,"evaluate_loss":1.6316316831679571,"train_loss":5.026435666518817,"_runtime":890.233871345,"_step":5}