{"_step":0,"_wandb":{"runtime":67},"train_loss":9.762699727535248,"_timestamp":1.75417364135311e+09,"_runtime":67.249226595}