{"_wandb":{"runtime":16},"train_loss":4.000736054470785,"_timestamp":1.7477469165993297e+09,"_runtime":16.276038058,"_step":0}