{"_runtime":48.149774686,"_step":1,"_timestamp":1.74946439659265e+09,"_wandb":{"runtime":48},"train_loss":5.556234921482827,"evaluate_loss":2.325968656085786,"evaluate_accuracy":0.10377924415116976}