{"evaluate_loss":1.9702943428507391,"EXP_079_N6_R4_E2_CLIENT_02_status":0,"_runtime":6,"_step":4,"_timestamp":1.7565450562659864e+09,"_wandb":{"runtime":6},"evaluate_accuracy":0.21775644871025795,"train_loss":4.073953361032112}