{"evaluate_accuracy":0.1064,"evaluate_loss":2.3467362225055695,"train_loss":5.954020862366743,"_runtime":9.009926897,"_step":1,"_timestamp":1.7564892634349155e+09,"_wandb":{"runtime":9}}