{"_step":4,"_timestamp":1.754211326401368e+09,"_wandb":{"runtime":578},"evaluate_accuracy":0.2426514697060588,"evaluate_loss":1.9332148892538887,"train_loss":5.180503193708918,"_runtime":578.041496754}