{"train_loss":11.51944890182367,"_timestamp":1.7542124053202224e+09,"_runtime":40.984916451,"_step":0,"_wandb":{"runtime":40}}