{"EXP_093_N3_R3_E3_CLIENT_03_status":0,"_step":5,"_timestamp":1.756568479574486e+09,"_wandb":{"runtime":43},"evaluate_loss":1.834857088043576,"_runtime":43,"evaluate_accuracy":0.2954409118176365,"train_loss":5.01080712282972}