{"evaluate_accuracy":0.1328,"evaluate_loss":2.215870279073715,"train_loss":9.218114437570996,"_runtime":137.676616326,"_step":4,"_timestamp":1.7571555276407208e+09,"_wandb":{"runtime":137}}