{"_runtime":5914.290746071,"_step":7,"_timestamp":1.7541757436830533e+09,"_wandb":{"runtime":5914},"evaluate_accuracy":0.4012,"evaluate_loss":1.6073692554160008,"train_loss":8.30658322401321}