{"train_loss":7.588663378338905,"_timestamp":1.7571522040276322e+09,"_wandb":{"runtime":99},"_runtime":99.427744368,"_step":0}