{"_step":1,"_timestamp":1.7571714448567708e+09,"_wandb":{"runtime":13},"train_loss":6.91280059337616,"evaluate_loss":2.352928282722594,"evaluate_accuracy":0.0895,"_runtime":13}