{"_timestamp":1.7565729485848565e+09,"evaluate_accuracy":0.299,"evaluate_loss":1.8543550409376621,"EXP_102_N10_R4_E3_CLIENT_06_status":0,"_runtime":8,"_step":6,"_wandb":{"runtime":8},"train_loss":5.908408618927002}