{"train_loss":6.0712342520428315,"EXP_084_N8_R4_E3_CLIENT_03_status":0,"evaluate_accuracy":0.0984,"evaluate_loss":2.3854438841342924,"_runtime":9,"_step":2,"_timestamp":1.756546719971305e+09,"_wandb":{"runtime":9}}