{"evaluate_loss":2.4687058085487004,"train_loss":3.694411040781785,"_runtime":4.29496731239351e+09,"_step":28,"_timestamp":1.7479231072032838e+09,"_wandb":{"runtime":4294967312},"evaluate_accuracy":0.09478104379124176}