{"_step":35,"_timestamp":1.7479203047757707e+09,"_wandb":{"runtime":4294967299},"evaluate_accuracy":0.2496,"evaluate_loss":2.0539974156458665,"train_loss":3.611091854476929,"_runtime":4.294967299121534e+09}