{"evaluate_loss":2.3276710027380836,"train_loss":4.241329789923403,"_runtime":311616.074286451,"_step":13,"_timestamp":1.747832922629323e+09,"_wandb":{"runtime":311616},"evaluate_accuracy":0.0952}