{"_wandb":{"runtime":62},"train_loss":5.449371767807007,"_runtime":62.884721181,"_step":1,"evaluate_loss":2.3214439935744946,"evaluate_accuracy":0.1084,"_timestamp":1.7542067161765785e+09}