{"_step":8,"_timestamp":1.7545855918062932e+09,"_wandb":{"runtime":17470},"evaluate_accuracy":0.3797240551889622,"evaluate_loss":1.685296335310306,"train_loss":6.250110726892663,"_runtime":17470.052847227}