{"_timestamp":1.7545827786517377e+09,"_wandb":{"runtime":1262},"evaluate_accuracy":0.3316,"evaluate_loss":1.8167520625681817,"train_loss":6.850593627070467,"_runtime":1262.17860836,"_step":5}