{"_step":1,"_timestamp":1.7541299469646158e+09,"_wandb":{"runtime":67},"evaluate_loss":2.2578688351212035,"evaluate_accuracy":0.139,"train_loss":5.5617735439300535,"_runtime":67.043970223}