{"_timestamp":1.7564910837278705e+09,"train_loss":5.716391869953701,"_wandb":{"runtime":14},"evaluate_accuracy":0.08393285371702638,"evaluate_loss":2.4054796121738575,"_runtime":14.990754634,"_step":1}