{"_runtime":2066.871772476,"_step":5,"_timestamp":1.7563111337683284e+09,"_wandb":{"runtime":2066},"evaluate_accuracy":0.26871938418474456,"evaluate_loss":1.8789739237891303,"train_loss":7.432071251576173}