{"_step":5,"_timestamp":1.7541730872689667e+09,"_wandb":{"runtime":1650},"evaluate_accuracy":0.332,"evaluate_loss":1.7731580749342712,"train_loss":8.382384755740912,"_runtime":1650.435092055}