{"_step":2,"_timestamp":1.7494660053411689e+09,"_wandb":{"runtime":134},"evaluate_accuracy":0.09508098380323936,"evaluate_loss":2.326960933776129,"train_loss":7.186017474968085,"_runtime":134.923260368}