{"evaluate_loss":2.322377997636795,"train_loss":4.60666973271947,"_wandb":{"runtime":13},"EXP_090_N8_R4_E2_CLIENT_01_status":0,"_runtime":13,"_step":3,"_timestamp":1.7565508810867121e+09,"evaluate_accuracy":0.0976}