{"evaluate_accuracy":0.34,"evaluate_loss":1.75894604151762,"train_loss":3.4961141797300344,"_runtime":2.555960993895912e+06,"_step":14,"_timestamp":1.747833095220117e+09,"_wandb":{"runtime":2555960}}