{"_runtime":7809.932428075,"_step":7,"_timestamp":1.7545863794727168e+09,"_wandb":{"runtime":7809},"evaluate_accuracy":0.29154169166166766,"evaluate_loss":1.7960023407666188,"train_loss":11.065318149242676}