{"evaluate_loss":1.8499448185875302,"train_loss":5.3505120208795125,"_runtime":75,"_step":5,"_timestamp":1.7564634532974625e+09,"_wandb":{"runtime":75},"evaluate_accuracy":0.3137372525494901}