{"_timestamp":1.7565749200237489e+09,"evaluate_loss":1.5826714366674424,"_wandb":{"runtime":46},"evaluate_accuracy":0.416,"train_loss":7.501430215349623,"EXP_106_N8_R5_E4_CLIENT_04_status":0,"_runtime":46,"_step":11}