{"evaluate_loss":2.279989803893657,"train_loss":7.435191551336465,"_runtime":624.957270237,"_step":4,"_timestamp":1.754582230962169e+09,"_wandb":{"runtime":624},"evaluate_accuracy":0.1456}