{"train_loss":3.5605801544029365,"_runtime":4.017125882774805e+08,"_step":27,"_timestamp":1.7478336771084106e+09,"_wandb":{"runtime":401712589},"evaluate_accuracy":0.32933413317336535,"evaluate_loss":1.7353626875650314}