{"_timestamp":1.7494621693746142e+09,"_wandb":{"runtime":841},"evaluate_accuracy":0.2248,"evaluate_loss":1.9814498060068504,"train_loss":7.002055437850952,"_runtime":841.149483803,"_step":4}