{"_wandb":{"runtime":156},"train_loss":11.886411215700033,"evaluate_loss":2.3262436344938457,"evaluate_accuracy":0.09598080383923216,"_runtime":156.287042452,"_step":1,"_timestamp":1.7545860487660434e+09}