{"_step":0,"_wandb":{"runtime":60},"train_loss":13.007469222985868,"_timestamp":1.754214673532775e+09,"_runtime":60.296083019}