{"evaluate_accuracy":0.3414,"_wandb":{"runtime":3},"_timestamp":1.7478282961714642e+09,"_runtime":3.303860491,"_step":0,"evaluate_loss":1.7614842319184807}