{"_step":1,"_timestamp":1.7541541195276604e+09,"_wandb":{"runtime":32},"train_loss":4.054505837230256,"evaluate_loss":2.3170508070837093,"evaluate_accuracy":0.0968,"_runtime":32.552729199}