{"evaluate_loss":2.1651808581774747,"train_loss":8.684712065294528,"_runtime":793.141405943,"_step":4,"_timestamp":1.754218450332294e+09,"_wandb":{"runtime":793},"evaluate_accuracy":0.1392}