{"_timestamp":1.7541297688006253e+09,"_wandb":{"runtime":3699},"evaluate_accuracy":0.3952,"evaluate_loss":1.6008776676882603,"train_loss":3.35402206363678,"_runtime":3699.106034607,"_step":7}