{"_wandb":{"runtime":1276419171},"evaluate_accuracy":0.2591481703659268,"evaluate_loss":1.8845910537810553,"train_loss":3.663960144674178,"_runtime":1.2764191704551952e+09,"_step":25,"_timestamp":1.747833626268353e+09}