{"_step":3,"_timestamp":1.7545853590793717e+09,"_wandb":{"runtime":312},"evaluate_accuracy":0.21295740851829634,"evaluate_loss":2.1228278268058345,"train_loss":7.414453773407274,"_runtime":312.124028245}