{"evaluate_accuracy":0.2624,"evaluate_loss":1.9825139235539042,"train_loss":3.77072895488739,"_runtime":212.749210668,"_step":3,"_timestamp":1.7494607304265146e+09,"_wandb":{"runtime":212}}