{"_step":1,"_timestamp":1.7492030604393344e+09,"_wandb":{"runtime":44},"train_loss":3.9355146869659423,"evaluate_accuracy":0.1122,"evaluate_loss":2.281569505193431,"_runtime":44.820369442}