{"_wandb":{"runtime":150902},"evaluate_accuracy":0.4448110377924415,"evaluate_loss":1.5421172289621263,"train_loss":4.640932632293061,"_runtime":150902.888025032,"_step":12,"_timestamp":1.7542120917801404e+09}