{"train_loss":8.766749949881826,"_runtime":1456.207745372,"_step":5,"_timestamp":1.7542191039275804e+09,"_wandb":{"runtime":1456},"evaluate_accuracy":0.358,"evaluate_loss":1.7230040740363206}