{"train_loss":6.111240864935375,"_wandb":{"runtime":268},"_runtime":268.336667498,"_timestamp":1.756464005538824e+09,"_step":0}