{"train_loss":4.60902717928536,"_runtime":1.246492336005769e+06,"_step":15,"_timestamp":1.7478329711355634e+09,"_wandb":{"runtime":1246493},"evaluate_accuracy":0.1064,"evaluate_loss":2.304585239555262}