{"EXP_090_N8_R4_E2_CLIENT_06_status":0,"_step":8,"evaluate_loss":1.949788546562195,"_runtime":17,"_timestamp":1.7565509543490713e+09,"_wandb":{"runtime":17},"evaluate_accuracy":0.2384,"train_loss":3.6449014434389246}