{"evaluate_accuracy":0.2927414517096581,"evaluate_loss":1.8042097721459731,"EXP_082_N6_R4_E5_CLIENT_06_status":0,"_runtime":0,"_step":3,"_timestamp":1.7565461186803892e+09,"_wandb":{"runtime":0}}