{"_runtime":264,"_step":11,"_timestamp":1.757149905921343e+09,"train_loss":6.369674981779354,"EXP_110_N8_R5_E4_CLIENT_06_status":0,"_wandb":{"runtime":264},"evaluate_accuracy":0.4128,"evaluate_loss":1.5726765364408493}