{"evaluate_accuracy":0.146,"_timestamp":1.7477758451651938e+09,"_runtime":6.058154001,"_wandb":{"runtime":7},"_step":0,"evaluate_loss":2.5959423271713744}