{"train_loss":6.800655195467192,"_runtime":565.888416811,"_step":4,"_timestamp":1.7494660662266757e+09,"_wandb":{"runtime":565},"evaluate_accuracy":0.23695260947810437,"evaluate_loss":1.9830390192213512}