{"_wandb":{"runtime":660},"evaluate_accuracy":0.26454709058188364,"evaluate_loss":1.9220634619394936,"train_loss":6.694837289748432,"_runtime":660.050898544,"_step":4,"_timestamp":1.7563091300215793e+09}