{"_runtime":14,"_step":6,"_timestamp":1.756571632992165e+09,"_wandb":{"runtime":14},"evaluate_accuracy":0.4085,"evaluate_loss":1.6395984717777796,"EXP_099_N5_R4_E3_CLIENT_03_status":0,"train_loss":4.961384204387665}