{"_step":0,"_wandb":{"runtime":14},"_runtime":14.710624783,"train_loss":6.0091567153022405,"_timestamp":1.7564910318913438e+09}