{"_wandb":{"runtime":646},"evaluate_accuracy":0.1841631673665267,"evaluate_loss":2.0327685276667276,"train_loss":6.840705738079062,"_runtime":646.972811449,"_step":4,"_timestamp":1.7492163715041718e+09}