{"_runtime":14.859109682,"train_loss":5.943643316768465,"_timestamp":1.7564910320048509e+09,"_step":0,"_wandb":{"runtime":14}}