{"_runtime":436.167746238,"_step":4,"_timestamp":1.7492054809766383e+09,"_wandb":{"runtime":436},"evaluate_accuracy":0.3866,"evaluate_loss":1.658189053748064,"train_loss":3.336549821472168}