{"_step":3,"_timestamp":1.7565758007093868e+09,"_wandb":{"runtime":0},"evaluate_accuracy":0.14,"evaluate_loss":2.2121744751930237,"EXP_108_N8_R5_E5_CLIENT_06_status":0,"_runtime":0}