{"train_loss":9.793808591251556,"_runtime":3273.238312533,"_step":6,"_timestamp":1.7545835352321339e+09,"_wandb":{"runtime":3273},"evaluate_accuracy":0.3708,"evaluate_loss":1.6726412607144705}