{"train_loss":12.391912514028459,"_runtime":18327.907547288,"_step":8,"_timestamp":1.7541783052015865e+09,"_wandb":{"runtime":18327},"evaluate_accuracy":0.2768,"evaluate_loss":1.884063664870926}