{"EXP_100_N8_R4_E3_CLIENT_04_status":0,"_runtime":19,"_step":7,"_timestamp":1.7565721065178695e+09,"_wandb":{"runtime":19},"evaluate_accuracy":0.3768,"evaluate_loss":1.7204018771648406,"train_loss":5.171684864979641}