{"_timestamp":1.7564910321482444e+09,"_step":0,"_wandb":{"runtime":14},"_runtime":14.425222468,"train_loss":5.920694917724246}