{"_timestamp":1.747739904110205e+09,"_runtime":5.68155953,"_step":0,"loss":2.056620336714245,"_wandb":{"runtime":7},"accuracy":0.21325734853029393}