{"evaluate_accuracy":0.103,"evaluate_loss":2.433411824475428,"train_loss":7.0828622556686405,"_runtime":194.269439728,"_step":2,"_timestamp":1.7494620992411735e+09,"_wandb":{"runtime":194}}