{"_wandb":{"runtime":80},"train_loss":4.787563906299124,"EXP_096_N3_R4_E3_CLIENT_01_status":0,"_step":9,"evaluate_accuracy":0.35392921415716855,"evaluate_loss":1.7028733037766957,"_runtime":80,"_timestamp":1.7565705050548234e+09}