{"evaluate_accuracy":0.361,"evaluate_loss":1.7058234971667092,"train_loss":9.15913863992691,"_runtime":23,"_step":3,"_timestamp":1.757172184413076e+09,"_wandb":{"runtime":23}}