{"_wandb":{"runtime":894},"evaluate_accuracy":0.1476,"evaluate_loss":2.2407140248938453,"train_loss":8.350176031216265,"_runtime":894.180949826,"_step":4,"_timestamp":1.7541730642053795e+09}