{"_step":5,"_timestamp":1.7541765087883003e+09,"_wandb":{"runtime":1452},"evaluate_accuracy":0.3592,"evaluate_loss":1.6982256641870812,"train_loss":8.447599065951264,"_runtime":1452.07539066}