{"EXP_091_N8_R4_E5_CLIENT_04_status":0,"_runtime":32,"_step":9,"_wandb":{"runtime":32},"evaluate_accuracy":0.3928,"evaluate_loss":1.6178411215543747,"_timestamp":1.756551373707593e+09,"train_loss":8.233513731865367}