{"EXP_086_N8_R4_E5_CLIENT_06_status":0,"_runtime":16,"_step":2,"_timestamp":1.7565474908606465e+09,"train_loss":8.831061054946511,"_wandb":{"runtime":16},"evaluate_accuracy":0.0944,"evaluate_loss":2.364155513048172}