{"evaluate_accuracy":0.4385,"evaluate_loss":1.5647018409910656,"train_loss":4.881422026634216,"_runtime":50,"_step":7,"_timestamp":1.7571719166001856e+09,"_wandb":{"runtime":50}}