{"_wandb":{"runtime":44},"_timestamp":1.7541729289955926e+09,"_runtime":44.049634728,"_step":0,"train_loss":9.704357817150152}