{"_runtime":33.493243676,"_step":1874,"loss":1.4543209075927734,"epoch":2,"_wandb":{"runtime":34},"accuracy":0.5,"_timestamp":1.7458606803343637e+09}