{"_wandb":{"runtime":15},"train_loss":3.9780308471309196,"_timestamp":1.7492144716354105e+09,"_runtime":15.021942431,"_step":0}