{"_wandb":{"runtime":66},"train_loss":11.519413136064816,"_runtime":66.055076294,"_step":1,"_timestamp":1.7542189601633346e+09,"evaluate_loss":2.32095744941808,"evaluate_accuracy":0.0952}