{"_runtime":18.124721733,"_step":0,"train_loss":4.0027924487344935,"_wandb":{"runtime":18},"_timestamp":1.749463052959804e+09}