{"_runtime":3085.242971441,"_step":6,"_timestamp":1.7541306125812252e+09,"_wandb":{"runtime":3085},"evaluate_accuracy":0.3336,"evaluate_loss":1.7706174455630552,"train_loss":5.177636545562744}