{"_runtime":79.891267443,"_step":1,"_timestamp":1.754174393333487e+09,"evaluate_loss":2.3225400087968358,"evaluate_accuracy":0.09718056388722256,"_wandb":{"runtime":79},"train_loss":9.727106767978396}