{"_runtime":48.355224211,"_step":1,"_timestamp":1.7542108303672934e+09,"_wandb":{"runtime":48},"evaluate_loss":2.2999427409399122,"evaluate_accuracy":0.10527894421115777,"train_loss":5.6582334959249705}