{"_wandb":{"runtime":2311},"evaluate_accuracy":0.2615476904619076,"evaluate_loss":1.8836120074650027,"train_loss":7.376952145088232,"_runtime":2311.826315901,"_step":5,"_timestamp":1.7545848541919792e+09}