{"train_loss":7.336998155242519,"_runtime":1150.958726146,"_step":4,"_timestamp":1.7545848386013124e+09,"_wandb":{"runtime":1150},"evaluate_accuracy":0.20995800839832032,"evaluate_loss":2.096200259226673}