{"_runtime":20,"evaluate_loss":2.019985791295767,"train_loss":5.5481648387908935,"EXP_102_N10_R4_E3_CLIENT_01_status":0,"_step":5,"_timestamp":1.7565729290375786e+09,"_wandb":{"runtime":20},"evaluate_accuracy":0.208}