{"evaluate_accuracy":0.099,"_step":1,"_timestamp":1.7571717303676815e+09,"_wandb":{"runtime":13},"train_loss":5.519599137306213,"_runtime":13,"evaluate_loss":2.3624431632813954}