{"train_loss":9.983483300422328,"_runtime":6950.008987561,"_step":7,"_timestamp":1.754583558928712e+09,"_wandb":{"runtime":6950},"evaluate_accuracy":0.3864,"evaluate_loss":1.6367255539833745}