{"_timestamp":1.7494617326689513e+09,"_wandb":{"runtime":1250},"evaluate_accuracy":0.3668,"evaluate_loss":1.6788024051933532,"train_loss":5.218958798599243,"_runtime":1250.826828933,"_step":5}