{"evaluate_loss":2.3183900275320375,"evaluate_accuracy":0.10437912417516497,"_step":1,"_wandb":{"runtime":0},"_runtime":0,"EXP_078_N6_R3_E2_CLIENT_05_status":0,"_timestamp":1.756543811632078e+09}