{"_runtime":169.549619337,"_step":8,"_timestamp":1.7571524374058244e+09,"_wandb":{"runtime":169},"evaluate_accuracy":0.3248,"evaluate_loss":1.7785379946231843,"train_loss":6.958197260358531}