{"_step":2,"_timestamp":1.7565747319643812e+09,"train_loss":7.612800985384899,"_wandb":{"runtime":18},"evaluate_accuracy":0.0864,"evaluate_loss":2.3118489265441893,"EXP_106_N8_R5_E4_CLIENT_06_status":0,"_runtime":18}