{"_step":4,"_timestamp":1.7565704224772773e+09,"_wandb":{"runtime":24},"evaluate_accuracy":0.3788242351529694,"evaluate_loss":1.6883743229366484,"train_loss":5.801079806378134,"EXP_096_N3_R4_E3_CLIENT_02_status":0,"_runtime":24}