{"evaluate_loss":1.5456707320123348,"train_loss":6.29772192496432,"_runtime":85739.911975397,"_step":11,"_timestamp":1.7545856920972338e+09,"_wandb":{"runtime":85739},"evaluate_accuracy":0.41811637672465507}