{"EXP_103_N8_R4_E3_CLIENT_06_status":0,"_runtime":26,"_timestamp":1.7565734465468254e+09,"_wandb":{"runtime":26},"evaluate_accuracy":0.2384,"evaluate_loss":1.9647900193929673,"train_loss":5.50316415394947,"_step":7}