{"_runtime":14.833569473,"_wandb":{"runtime":14},"_step":0,"train_loss":3.536623510239507,"_timestamp":1.7477466604700465e+09}