{"_timestamp":1.7545829682683165e+09,"_wandb":{"runtime":82528},"evaluate_accuracy":0.4368,"evaluate_loss":1.5356641917289058,"train_loss":6.253065453550686,"_runtime":82528.263042137,"_step":11}