{"evaluate_accuracy":0.3672,"evaluate_loss":1.720609363913536,"EXP_100_N8_R4_E3_CLIENT_08_status":0,"_runtime":0,"_step":5,"_timestamp":1.7565720852166407e+09,"_wandb":{"runtime":0}}