{"_timestamp":1.7541562779126494e+09,"_wandb":{"runtime":20},"_runtime":20.935654148,"_step":0,"train_loss":3.7585602628707884}