{"_timestamp":1.7564905858310795e+09,"_wandb":{"runtime":19},"evaluate_accuracy":0.0956043956043956,"evaluate_loss":2.36663818359375,"train_loss":5.727049147873594,"_runtime":19.076212422,"_step":2}