{"EXP_107_N8_R4_E5_CLIENT_03_status":0,"_timestamp":1.7565751726010458e+09,"train_loss":9.223655538953793,"_step":0,"_wandb":{"runtime":25},"_runtime":25}