{"_wandb":{"runtime":0},"_runtime":0,"_step":1,"EXP_101_N9_R4_E3_CLIENT_08_status":0,"_timestamp":1.75657243892806e+09,"evaluate_loss":2.3091533184051514,"evaluate_accuracy":0.11061151079136691}