{"train_loss":12.074935924892609,"_runtime":932.99887548,"_step":4,"_timestamp":1.7542204189016762e+09,"_wandb":{"runtime":932},"evaluate_accuracy":0.2224,"evaluate_loss":1.9424665064751347}