{"_timestamp":1.7563090057741468e+09,"_runtime":34.375407041,"_step":0,"_wandb":{"runtime":34},"train_loss":7.22639544175969}