{"train_loss":12.40174261449625,"_timestamp":1.7541787565329254e+09,"_wandb":{"runtime":51},"_runtime":51.008859687,"_step":0}