{"_step":3,"_timestamp":1.7565737693513224e+09,"evaluate_accuracy":0.0976,"train_loss":5.810608740824803,"_wandb":{"runtime":31},"evaluate_loss":2.3042493879795076,"EXP_104_N8_R5_E3_CLIENT_03_status":0,"_runtime":31}