{"evaluate_loss":1.6682668225780417,"train_loss":7.72526680431366,"_runtime":4223.143824481,"_step":6,"_timestamp":1.754171949278058e+09,"_wandb":{"runtime":4223},"evaluate_accuracy":0.3698}