{"_wandb":{"runtime":19},"evaluate_accuracy":0.2336,"EXP_106_N8_R5_E4_CLIENT_03_status":0,"_step":4,"_timestamp":1.756574757074361e+09,"evaluate_loss":1.987734216451645,"train_loss":7.964825551221325,"_runtime":19}