{"_runtime":9138.238135367,"_step":7,"_timestamp":1.7541782385444562e+09,"_wandb":{"runtime":9138},"evaluate_accuracy":0.2768,"evaluate_loss":1.8840636648709261,"train_loss":13.034055982534875}