{"_step":1,"_timestamp":1.7542142175827065e+09,"_wandb":{"runtime":110},"evaluate_loss":2.3051385970342726,"evaluate_accuracy":0.12207558488302339,"train_loss":12.58477042676162,"_runtime":110.397822224}