{"train_loss":6.91213653755188,"_runtime":74.946666192,"_step":1,"_timestamp":1.7542067166003168e+09,"evaluate_loss":2.328258181833158,"evaluate_accuracy":0.1024,"_wandb":{"runtime":74}}