{"_timestamp":1.7565453823841078e+09,"evaluate_loss":1.8304683959709025,"train_loss":5.0568228090208684,"_runtime":34,"_step":6,"_wandb":{"runtime":34},"evaluate_accuracy":0.29994001199760045,"EXP_080_N6_R4_E3_CLIENT_02_status":0}