{"_runtime":0,"_step":3,"_timestamp":1.7565438498549347e+09,"_wandb":{"runtime":0},"evaluate_accuracy":0.24055188962207558,"evaluate_loss":1.9690019117211395,"EXP_078_N6_R3_E2_CLIENT_06_status":0}