{"_step":0,"_wandb":{"runtime":20},"train_loss":3.7935885526657103,"_timestamp":1.7541313182377145e+09,"_runtime":20.156301557}