{"_runtime":31,"_timestamp":1.756551327407228e+09,"evaluate_accuracy":0.3472,"train_loss":8.793770077122245,"EXP_091_N8_R4_E5_CLIENT_07_status":0,"_step":7,"_wandb":{"runtime":31},"evaluate_loss":1.7809903889894485}