{"_runtime":506.035841747,"_step":4,"_timestamp":1.7563100117890325e+09,"_wandb":{"runtime":506},"evaluate_accuracy":0.2355,"evaluate_loss":2.0334090221495855,"train_loss":7.442883804798126}