{"_step":0,"_wandb":{"runtime":3},"evaluate_loss":2.3793723902125268,"evaluate_accuracy":0.0998,"_timestamp":1.7477482368232677e+09,"_runtime":2.9463904}