{"evaluate_loss":2.3446577753339497,"train_loss":5.517205893278693,"_runtime":139.131670686,"_step":2,"_timestamp":1.7542117995623667e+09,"_wandb":{"runtime":139},"evaluate_accuracy":0.10437912417516496}