{"train_loss":9.742761356056116,"EXP_107_N8_R4_E5_CLIENT_04_status":0,"_runtime":25,"_step":2,"_timestamp":1.7565751882614443e+09,"evaluate_loss":2.3193143784999846,"evaluate_accuracy":0.0944,"_wandb":{"runtime":25}}