{"train_loss":5.596960571172426,"_runtime":127.026745147,"_step":2,"_timestamp":1.7542117983272257e+09,"_wandb":{"runtime":127},"evaluate_accuracy":0.10287942411517696,"evaluate_loss":2.3525779565175373}