{"_runtime":1440.328060293,"_step":4,"_timestamp":1.754173834735356e+09,"_wandb":{"runtime":1440},"evaluate_accuracy":0.2305,"evaluate_loss":1.99756529974559,"train_loss":8.805569877624512}