{"_timestamp":1.7564897746739464e+09,"_wandb":{"runtime":8},"evaluate_accuracy":0.1863186318631863,"evaluate_loss":2.149760348456246,"train_loss":5.709451679703143,"_runtime":8.722847984,"_step":2}