{"train_loss":7.540331624116108,"_runtime":115.239313776,"_step":1,"_timestamp":1.757151271416302e+09,"_wandb":{"runtime":115},"evaluate_accuracy":0.1152,"evaluate_loss":2.377893775701523}