{"_timestamp":1.757149086591982e+09,"_wandb":{"runtime":150},"evaluate_accuracy":0.4104,"evaluate_loss":1.5948911368846894,"train_loss":6.65820720393187,"EXP_109_N8_R5_E4_CLIENT_07_status":0,"_step":9,"_runtime":150}