{"evaluate_accuracy":0.4245,"evaluate_loss":1.5741987228393555,"train_loss":8.155974510669708,"_runtime":48,"_step":5,"_timestamp":1.7571725644833665e+09,"_wandb":{"runtime":48}}