{"_step":9,"_timestamp":1.754218609319132e+09,"_wandb":{"runtime":25780},"evaluate_accuracy":0.4076,"evaluate_loss":1.6191188459154926,"train_loss":8.081375568057782,"_runtime":25780.527234472}