{"_step":1,"_wandb":{"runtime":0},"_runtime":0,"EXP_102_N10_R4_E3_CLIENT_07_status":0,"_timestamp":1.7565728647243276e+09,"evaluate_loss":2.3014609962701797,"evaluate_accuracy":0.1}