{"_runtime":10,"_step":1,"_timestamp":1.7564892364847744e+09,"_wandb":{"runtime":10},"train_loss":6.057835607771661,"evaluate_loss":2.37202730178833,"evaluate_accuracy":0.104}