{"evaluate_loss":1.9167810530889602,"train_loss":7.030799392887729,"_runtime":304.329629486,"_step":3,"_timestamp":1.7563090842897277e+09,"_wandb":{"runtime":304},"evaluate_accuracy":0.2606478704259148}