{"EXP_103_N8_R4_E3_CLIENT_04_status":0,"_runtime":16,"_timestamp":1.7565734004509437e+09,"evaluate_loss":2.2989649772644043,"_step":4,"_wandb":{"runtime":16},"evaluate_accuracy":0.1256,"train_loss":5.8744966839529145}