{"_timestamp":1.7571725107165575e+09,"_wandb":{"runtime":25},"evaluate_accuracy":0.4095,"evaluate_loss":1.620714539573306,"train_loss":8.807039120197295,"_runtime":25,"_step":3}