{"_runtime":14,"_step":9,"_wandb":{"runtime":14},"_timestamp":1.7565451367827368e+09,"evaluate_accuracy":0.3755248950209958,"evaluate_loss":1.6815015999776013,"train_loss":3.5061242757231423,"EXP_079_N6_R4_E2_CLIENT_05_status":0}