{"_step":2,"_timestamp":1.7542129152284741e+09,"_wandb":{"runtime":212},"evaluate_accuracy":0.10827834433113376,"evaluate_loss":2.311005249477568,"train_loss":9.329330385160103,"_runtime":212.928898547}