{"_wandb":{"runtime":1520},"evaluate_accuracy":0.115,"evaluate_loss":2.2690327167510986,"train_loss":4.121289978981018,"_runtime":1519.486211991,"_step":9,"_timestamp":1.7478322173372421e+09}