{"_step":0,"train_loss":3.5312769676208497,"_timestamp":1.747775825581425e+09,"_wandb":{"runtime":27},"_runtime":27.111568113}