{"evaluate_accuracy":0.377,"evaluate_loss":1.6961955055594444,"EXP_102_N10_R4_E3_CLIENT_03_status":0,"_runtime":36,"_step":11,"train_loss":5.276380580902099,"_timestamp":1.756572993260276e+09,"_wandb":{"runtime":36}}