{"train_loss":6.546471799255177,"_timestamp":1.7571498100634341e+09,"_wandb":{"runtime":154},"evaluate_accuracy":0.3632,"evaluate_loss":1.6862772166728974,"EXP_110_N8_R5_E4_CLIENT_08_status":0,"_runtime":154,"_step":7}