{"_runtime":74.341260293,"evaluate_loss":2.3804816988450064,"evaluate_accuracy":0.096,"_step":1,"_timestamp":1.7542178585716946e+09,"_wandb":{"runtime":74},"train_loss":9.674850628017998}