{"_wandb":{"runtime":123},"train_loss":9.85273313408263,"evaluate_loss":2.3335419780803175,"evaluate_accuracy":0.10077984403119376,"_runtime":123.892341197,"_step":1,"_timestamp":1.7541743919133966e+09}