{"_timestamp":1.7571522851313748e+09,"_wandb":{"runtime":26},"evaluate_accuracy":0.1808,"evaluate_loss":2.094623011350632,"train_loss":7.807831135525066,"_runtime":26,"_step":2}