{"_timestamp":1.7541545201111186e+09,"_wandb":{"runtime":28},"train_loss":4.06951140165329,"_runtime":28.075540327,"_step":1,"evaluate_loss":2.4240334942227317,"evaluate_accuracy":0.109}