{"_timestamp":1.7545871105929034e+09,"_wandb":{"runtime":17646},"evaluate_accuracy":0.4367126574685063,"evaluate_loss":1.5521694669183694,"train_loss":9.260876442827106,"_runtime":17646.548199955,"_step":8}