{"_wandb":{"runtime":8},"train_loss":6.916281797409058,"EXP_102_N10_R4_E3_CLIENT_02_status":0,"evaluate_loss":2.306838348507881,"evaluate_accuracy":0.097,"_runtime":8,"_step":2,"_timestamp":1.7565728620354826e+09}