{"_wandb":{"runtime":35},"train_loss":9.753077532917548,"_timestamp":1.7542189389320393e+09,"_runtime":35.274533812,"_step":0}