{"evaluate_accuracy":0.3756,"evaluate_loss":1.628670810144159,"train_loss":5.162790571157925,"_runtime":868.007004427,"_step":5,"_timestamp":1.7542172611439734e+09,"_wandb":{"runtime":868}}