{"evaluate_accuracy":0.4391121775644871,"evaluate_loss":1.5711978026798794,"train_loss":7.639567397767119,"_runtime":55267.078326384,"_step":10,"_timestamp":1.7542138054149966e+09,"_wandb":{"runtime":55267}}