{"_runtime":41.994336424,"_wandb":{"runtime":41},"_step":0,"train_loss":5.526923077011109,"_timestamp":1.7542062177308042e+09}