{"_step":1,"_timestamp":1.75631389206826e+09,"_wandb":{"runtime":74},"train_loss":7.440282035940371,"evaluate_loss":2.3243968516965454,"evaluate_accuracy":0.0968,"_runtime":74.204440212}