{"evaluate_accuracy":0.3642,"evaluate_loss":1.7157770721775711,"train_loss":5.285909525489807,"_runtime":365.074470478,"_step":3,"_timestamp":1.7542059259210901e+09,"_wandb":{"runtime":365}}