{"_timestamp":1.7571488439033103e+09,"_wandb":{"runtime":48},"evaluate_accuracy":0.088,"evaluate_loss":2.328071826696396,"train_loss":7.856821309988666,"_runtime":48,"_step":3,"EXP_109_N8_R5_E4_CLIENT_03_status":0}