{"_runtime":113.742317732,"evaluate_loss":2.3457830806948103,"evaluate_accuracy":0.10077984403119376,"_step":1,"_timestamp":1.7545846839858825e+09,"_wandb":{"runtime":113},"train_loss":9.216205725829568}