{"evaluate_accuracy":0.099,"evaluate_loss":2.3291089269849987,"train_loss":4.12509411907196,"_runtime":131.876442643,"_step":3,"_timestamp":1.754154575259282e+09,"_wandb":{"runtime":131}}