{"evaluate_accuracy":0.4336,"evaluate_loss":1.5388383608830125,"train_loss":4.774055137801856,"_runtime":60902.318443746,"_step":11,"_timestamp":1.7542174261692216e+09,"_wandb":{"runtime":60902}}