{"train_loss":3.787221112983118,"_timestamp":1.7541537200320237e+09,"_runtime":18.502264893,"_step":0,"_wandb":{"runtime":18}}