{"_wandb":{"runtime":16},"evaluate_accuracy":0.2501499700059988,"EXP_081_N6_R4_E4_CLIENT_01_status":0,"_timestamp":1.7565457375166335e+09,"evaluate_loss":1.9191701322231653,"train_loss":7.373692767471788,"_runtime":16,"_step":4}