{"EXP_099_N5_R4_E3_CLIENT_03_status":0,"_runtime":3,"_step":5,"_timestamp":1.756571607802616e+09,"_wandb":{"runtime":3},"evaluate_accuracy":0.4085,"evaluate_loss":1.6395984717777796}