{"_wandb":{"runtime":6900},"evaluate_accuracy":0.3672,"evaluate_loss":1.7062631936012944,"train_loss":8.050192551490978,"_runtime":6900.314913704,"_step":7,"_timestamp":1.7541765791787906e+09}