{"_runtime":4.294967317925445e+09,"_step":32,"_timestamp":1.7479202349493656e+09,"_wandb":{"runtime":4294967317},"evaluate_accuracy":0.39532093581283745,"evaluate_loss":1.6354734182357789,"train_loss":3.796146521949768}