{"evaluate_loss":2.220844759259905,"train_loss":6.914683997202262,"_runtime":15,"_step":3,"_timestamp":1.75648881625514e+09,"_wandb":{"runtime":15},"evaluate_accuracy":0.1566156615661566}