{"_step":15,"_timestamp":1.7478331136392705e+09,"_wandb":{"runtime":5264334},"evaluate_accuracy":0.3768,"evaluate_loss":1.682001193867454,"train_loss":3.4298661836800863,"_runtime":5.264334098388444e+06}