{"_step":5,"_timestamp":1.7571715795377653e+09,"_wandb":{"runtime":26},"evaluate_accuracy":0.368,"evaluate_loss":1.6701809016485063,"train_loss":5.535883045196533,"_runtime":26}