{"_timestamp":1.7477459397251902e+09,"_runtime":13.872744308,"_step":0,"_wandb":{"runtime":13},"train_loss":3.4230087283703923}