{"_runtime":915.115782572,"_step":5,"_timestamp":1.7494610273675888e+09,"_wandb":{"runtime":915},"evaluate_accuracy":0.1,"evaluate_loss":2.303195927553116,"train_loss":4.608213318252563}