{"_timestamp":1.7565474586407363e+09,"_wandb":{"runtime":16},"train_loss":9.831867566533909,"EXP_086_N8_R4_E5_CLIENT_01_status":0,"_runtime":16,"_step":2,"evaluate_loss":2.395428717136383,"evaluate_accuracy":0.084}