{"_wandb":{"runtime":188052},"evaluate_accuracy":0.4226,"evaluate_loss":1.5568646670906408,"train_loss":10.638122272109984,"_runtime":188052.898144797,"_step":11,"_timestamp":1.754210674203198e+09}