{"EXP_087_N8_R4_E2_CLIENT_02_status":0,"_timestamp":1.7565483839162216e+09,"train_loss":3.9817576059110604,"_wandb":{"runtime":8},"_runtime":8,"_step":0}