{"_wandb":{"runtime":20},"_timestamp":1.7541315828222349e+09,"_runtime":20.11116652,"_step":0,"train_loss":3.9060877573013304}