{"_runtime":580.900888986,"_step":4,"_timestamp":1.7542118542861652e+09,"_wandb":{"runtime":580},"evaluate_accuracy":0.21655668866226752,"evaluate_loss":1.9822430803662257,"train_loss":5.102708020084481}