{"_timestamp":1.7542117397730827e+09,"_runtime":27.046157527,"_wandb":{"runtime":27},"_step":0,"train_loss":5.642428874683609}