{"evaluate_loss":1.9136028469733473,"train_loss":11.129923428074594,"_runtime":6469.397031979,"_step":6,"_timestamp":1.7545863627653213e+09,"_wandb":{"runtime":6469},"evaluate_accuracy":0.2459508098380324}