{"evaluate_loss":1.731086728686378,"train_loss":3.466404317380141,"_runtime":700.329498478,"_step":5,"_timestamp":1.7492141615042915e+09,"_wandb":{"runtime":700},"evaluate_accuracy":0.36472705458908217}