{"evaluate_accuracy":0.3608278344331134,"evaluate_loss":1.6833126692544846,"train_loss":6.777588906905634,"_runtime":1288.359749247,"_step":5,"_timestamp":1.7492163887853138e+09,"_wandb":{"runtime":1288}}