{"evaluate_accuracy":0.0972,"train_loss":9.14241569605879,"_runtime":79.061270895,"_step":1,"_timestamp":1.7541729474839673e+09,"_wandb":{"runtime":79},"evaluate_loss":2.5322105824192866}