{"_wandb":{"runtime":10676},"evaluate_accuracy":0.38662267546490703,"evaluate_loss":1.595455414908273,"train_loss":11.45522216898646,"_runtime":10676.803413811,"_step":7,"_timestamp":1.754215627396161e+09}