{"_wandb":{"runtime":16},"evaluate_loss":1.7602078527212144,"_runtime":16,"_step":8,"evaluate_accuracy":0.3344,"train_loss":3.632967538135067,"EXP_083_N8_R4_E2_CLIENT_02_status":0,"_timestamp":1.7565465145452797e+09}