{"train_loss":9.70748501218808,"_timestamp":1.757154056717068e+09,"_step":0,"_wandb":{"runtime":164},"_runtime":164.052994912}