{"train_loss":6.9652797736619645,"_runtime":4651.240214174,"_step":6,"_timestamp":1.7545849801758273e+09,"_wandb":{"runtime":4651},"evaluate_accuracy":0.26094781043791243,"evaluate_loss":1.8963077540667552}