{"_step":3,"_timestamp":1.7571514136901915e+09,"_wandb":{"runtime":222},"evaluate_accuracy":0.176,"evaluate_loss":2.1498347252607344,"train_loss":6.773080219129088,"_runtime":222.726674954}