{"_timestamp":1.7492163894463696e+09,"_wandb":{"runtime":1294},"evaluate_accuracy":0.373125374925015,"evaluate_loss":1.658959278606233,"train_loss":6.840705738079062,"_runtime":1294.320416073,"_step":5}