{"evaluate_loss":2.2337325237974337,"train_loss":9.254465135903404,"_runtime":338.078783447,"_step":3,"_timestamp":1.7541771401613781e+09,"_wandb":{"runtime":338},"evaluate_accuracy":0.1772}