{"train_loss":8.454289537326545,"EXP_108_N8_R5_E5_CLIENT_01_status":0,"_runtime":34,"evaluate_loss":1.686323657631874,"_step":9,"_timestamp":1.7565759106400676e+09,"_wandb":{"runtime":34},"evaluate_accuracy":0.3888}