{"_step":1,"_timestamp":1.7564910475739079e+09,"_wandb":{"runtime":14},"train_loss":5.920694917724246,"evaluate_loss":2.4086655687402794,"evaluate_accuracy":0.07673860911270983,"_runtime":14}