{"_step":5,"_timestamp":1.756574812775146e+09,"_wandb":{"runtime":0},"evaluate_accuracy":0.3624,"evaluate_loss":1.719830146431923,"EXP_106_N8_R5_E4_CLIENT_08_status":0,"_runtime":0}