{"evaluate_accuracy":0.4373125374925015,"evaluate_loss":1.570719067255656,"train_loss":7.782438479024443,"_runtime":7562.301164576,"_step":7,"_timestamp":1.7542136785127642e+09,"_wandb":{"runtime":7562}}