{"_runtime":643.934940663,"_step":4,"_timestamp":1.7492163683389177e+09,"_wandb":{"runtime":643},"evaluate_accuracy":0.1718656268746251,"evaluate_loss":2.0598927895228067,"train_loss":6.777588906905634}