{"train_loss":9.449984995422849,"_runtime":95.497389523,"_step":2,"_timestamp":1.7571554480357792e+09,"_wandb":{"runtime":95},"evaluate_accuracy":0.0944,"evaluate_loss":2.4914292633533477}