{"_timestamp":1.7545871542575734e+09,"_wandb":{"runtime":54965},"evaluate_accuracy":0.41631673665266944,"evaluate_loss":1.564398857782472,"train_loss":9.340303243062143,"_runtime":54965.859325085,"_step":9}