{"_timestamp":1.7477453601096606e+09,"_runtime":14.841049439,"_wandb":{"runtime":14},"_step":0,"train_loss":3.7402559453063158}