{"_timestamp":1.7541791039415607e+09,"_wandb":{"runtime":35310},"evaluate_accuracy":0.4628,"evaluate_loss":1.497139118894746,"train_loss":10.770337664662078,"_runtime":35310.241081509,"_step":9}