{"_step":1,"_timestamp":1.7541304041575828e+09,"_wandb":{"runtime":64},"train_loss":5.849933955001831,"_runtime":64.759867999,"evaluate_loss":2.3101482938049704,"evaluate_accuracy":0.1096}