{"_step":7,"_timestamp":1.7542130872171738e+09,"_wandb":{"runtime":7233},"evaluate_accuracy":0.3869226154769046,"evaluate_loss":1.6307683978761947,"train_loss":8.315905153322563,"_runtime":7232.97808967}