{"_wandb":{"runtime":1385},"evaluate_accuracy":0.34433113377324537,"evaluate_loss":1.7150681243752532,"train_loss":6.976554043555374,"_runtime":1385.767667293,"_step":5,"_timestamp":1.754585443078895e+09}