{"evaluate_loss":2.3016663908958437,"EXP_107_N8_R4_E5_CLIENT_02_status":0,"_runtime":37,"_step":3,"_timestamp":1.7565752218005397e+09,"_wandb":{"runtime":37},"train_loss":9.279826056425739,"evaluate_accuracy":0.1152}