{"_timestamp":1.757149609417019e+09,"train_loss":7.54603966937703,"EXP_110_N8_R5_E4_CLIENT_03_status":0,"_runtime":172,"_wandb":{"runtime":172},"evaluate_accuracy":0.2592,"evaluate_loss":1.9237797796726226,"_step":5}