{"train_loss":3.7854774892807006,"_runtime":256.937207424,"_step":3,"_timestamp":1.754129407124524e+09,"_wandb":{"runtime":256},"evaluate_accuracy":0.289,"evaluate_loss":1.8681760046892106}