{"evaluate_accuracy":0.1234,"_timestamp":1.7541485490351753e+09,"evaluate_loss":2.227376108716248,"_runtime":45.080670055,"_wandb":{"runtime":45},"client_name":"EXP_001_Nunknown_R2_E2_CLIENT_01","_step":1,"partition_id":0,"train_loss":3.835470059967041}