{"_step":1,"evaluate_loss":2.4538833420231656,"evaluate_accuracy":0.09598080383923216,"_timestamp":1.7545866983421917e+09,"_wandb":{"runtime":162},"train_loss":11.176341654581316,"_runtime":162.083978031}