{"EXP_097_N3_R4_E3_CLIENT_02_status":0,"evaluate_loss":1.6861904132933845,"_runtime":78,"_step":9,"_timestamp":1.7565708629180677e+09,"_wandb":{"runtime":78},"evaluate_accuracy":0.36262747450509897,"train_loss":5.138254492402934}