{"_runtime":70.316573421,"_wandb":{"runtime":70},"_step":0,"train_loss":11.514448868751526,"_timestamp":1.754173644018416e+09}