{"EXP_084_N8_R4_E3_CLIENT_02_status":0,"_timestamp":1.756546704958674e+09,"train_loss":5.906496700967193,"_step":0,"_wandb":{"runtime":9},"_runtime":9}