{"_timestamp":1.7545833309898982e+09,"_wandb":{"runtime":82},"train_loss":13.823984523931632,"_runtime":82.283835568,"_step":1,"evaluate_loss":2.3807474178603933,"evaluate_accuracy":0.0952}