{"_wandb":{"runtime":48},"train_loss":5.835619703471232,"evaluate_loss":2.3034333796728226,"evaluate_accuracy":0.1214757048590282,"_runtime":48.380190048,"_step":1,"_timestamp":1.7542108290273054e+09}