{"evaluate_loss":1.9390849697178807,"train_loss":5.412705968346512,"_runtime":19.74512796,"_step":3,"_timestamp":1.7564906240131752e+09,"_wandb":{"runtime":19},"evaluate_accuracy":0.2464246424642464}