{"_runtime":4797.479142684,"_step":7,"_timestamp":1.7478320734346795e+09,"_wandb":{"runtime":4798},"evaluate_accuracy":0.108,"evaluate_loss":2.3106922656297684,"train_loss":4.6079445133209225}