{"_timestamp":1.754154090312246e+09,"_runtime":13.901260029,"_step":0,"_wandb":{"runtime":13},"train_loss":3.9621408138031398}