{"_step":5,"_timestamp":1.7545848548807979e+09,"_wandb":{"runtime":1507},"evaluate_accuracy":0.2489502099580084,"evaluate_loss":1.8770890618270297,"train_loss":7.352223714002582,"_runtime":1507.916142014}