{"_step":0,"_wandb":{"runtime":24},"train_loss":7.596823495797837,"_timestamp":1.756313861932802e+09,"_runtime":24.180020289}