{"evaluate_loss":1.6239143621353875,"train_loss":8.107789306046008,"_runtime":1642.239682555,"_step":5,"_timestamp":1.7542125836130145e+09,"_wandb":{"runtime":1642},"evaluate_accuracy":0.39652069586082783}