{"_wandb":{"runtime":888},"evaluate_accuracy":0.4084,"evaluate_loss":1.6073587145774988,"train_loss":3.391548689842224,"_runtime":888.880274755,"_step":5,"_timestamp":1.749460780612448e+09}