{"_step":1,"_timestamp":1.7542202724707198e+09,"evaluate_loss":2.354325246207322,"evaluate_accuracy":0.1016,"_wandb":{"runtime":90},"train_loss":12.415492712499235,"_runtime":90.098638994}