{"evaluate_loss":1.9490742336345623,"train_loss":10.415854492507425,"_runtime":1988.618980146,"_step":5,"_timestamp":1.7545840662966747e+09,"_wandb":{"runtime":1988},"evaluate_accuracy":0.2424}