{"_runtime":31,"_step":6,"_timestamp":1.7571496732268345e+09,"_wandb":{"runtime":31},"evaluate_loss":1.6862772166728974,"evaluate_accuracy":0.3632,"train_loss":6.8719615435144705,"EXP_110_N8_R5_E4_CLIENT_08_status":0}