{"_runtime":13901.95009858,"_step":7,"_timestamp":1.7545870448230636e+09,"_wandb":{"runtime":13901},"evaluate_accuracy":0.4175164967006599,"evaluate_loss":1.5888782008638922,"train_loss":9.832151905201268}