{"evaluate_loss":1.5998360930748703,"train_loss":9.340303243062143,"_runtime":27482.034244515,"_step":8,"_timestamp":1.7545871347900834e+09,"_wandb":{"runtime":27482},"evaluate_accuracy":0.4019196160767846}