{"_wandb":{"runtime":1500},"evaluate_accuracy":0.2416,"evaluate_loss":1.9728416294991216,"train_loss":9.339666739439432,"_runtime":1500.196540469,"_step":5,"_timestamp":1.7542180054744449e+09}