{"evaluate_accuracy":0.096,"_timestamp":1.757152225279302e+09,"_wandb":{"runtime":95},"train_loss":8.018205049690927,"_runtime":95,"_step":1,"evaluate_loss":2.320491725206375}