{"_runtime":0,"evaluate_accuracy":0.1016,"_timestamp":1.7571553739379396e+09,"_step":0,"evaluate_loss":2.5514587998390197,"_wandb":{"runtime":0}}