{"_wandb":{"runtime":1224},"evaluate_accuracy":0.107,"evaluate_loss":2.266224466264248,"train_loss":4.1657144689559935,"_runtime":1223.574316607,"_step":3,"_timestamp":1.7478322206176674e+09}