{"evaluate_loss":1.9987033817503188,"train_loss":7.826433231044748,"_runtime":285.783315725,"_step":3,"_timestamp":1.7563110320607712e+09,"_wandb":{"runtime":285},"evaluate_accuracy":0.23932820153953813}