{"evaluate_accuracy":0.3964,"evaluate_loss":1.6428657663855584,"train_loss":5.033467558860779,"_runtime":353.07618532,"_step":3,"_timestamp":1.7541300201504717e+09,"_wandb":{"runtime":353}}