{"evaluate_loss":2.2176858524106584,"train_loss":11.26385415855207,"_runtime":777.664287046,"_step":3,"_timestamp":1.7545861581999228e+09,"_wandb":{"runtime":777},"evaluate_accuracy":0.15476904619076184}