{"_timestamp":1.756571652203249e+09,"evaluate_accuracy":0.4325,"train_loss":4.961384204387665,"EXP_099_N5_R4_E3_CLIENT_03_status":0,"_runtime":15,"_step":8,"_wandb":{"runtime":15},"evaluate_loss":1.5733422892434257}