{"train_loss":5.678015524414694,"_runtime":19,"_step":4,"_timestamp":1.7564893177015328e+09,"_wandb":{"runtime":19},"evaluate_accuracy":0.2784,"evaluate_loss":1.8682960450649262}