{"evaluate_accuracy":0.3208,"evaluate_loss":1.7788384288549424,"train_loss":9.424702016411311,"_runtime":311,"_step":4,"_timestamp":1.7571543353857934e+09,"_wandb":{"runtime":311}}