{"evaluate_accuracy":0.4476,"evaluate_loss":1.5298153765593905,"train_loss":10.253932674471944,"_runtime":284731.02980237,"_step":12,"_timestamp":1.7542214587714653e+09,"_wandb":{"runtime":284731}}