{"_timestamp":1.7542174263355808e+09,"_wandb":{"runtime":55281},"evaluate_accuracy":0.44,"evaluate_loss":1.538637733157677,"train_loss":4.735596213097009,"_runtime":55281.949340702,"_step":11}