{"evaluate_accuracy":0.258,"evaluate_loss":1.989160401911675,"train_loss":5.162790571157925,"_runtime":433.939546508,"_step":4,"_timestamp":1.7542172385538476e+09,"_wandb":{"runtime":433}}