{"_step":8,"_timestamp":1.7541782997324784e+09,"_wandb":{"runtime":15235},"evaluate_accuracy":0.2876,"evaluate_loss":1.850423743453207,"train_loss":12.317083571284723,"_runtime":15235.18253674}