{"_wandb":{"runtime":26},"evaluate_accuracy":0.4405,"EXP_099_N5_R4_E3_CLIENT_05_status":0,"_step":9,"_timestamp":1.7565716507175498e+09,"evaluate_loss":1.562199418506925,"train_loss":4.958114835739136,"_runtime":26}