{"train_loss":8.14279629278183,"_runtime":11733.836724626,"_step":7,"_timestamp":1.7541739865477684e+09,"_wandb":{"runtime":11733},"evaluate_accuracy":0.394,"evaluate_loss":1.604108551191905}