{"train_loss":9.07007148361206,"_runtime":625.603438742,"_step":3,"_timestamp":1.7542074467434669e+09,"_wandb":{"runtime":625},"evaluate_accuracy":0.2378,"evaluate_loss":1.948632371653417}