{"_wandb":{"runtime":36270},"evaluate_accuracy":0.324,"evaluate_loss":1.769720819931996,"train_loss":12.40825743682849,"_runtime":36270.060609358,"_step":9,"_timestamp":1.7541783208035882e+09}