{"_timestamp":1.7571715360297706e+09,"_wandb":{"runtime":31},"evaluate_accuracy":0.36,"evaluate_loss":1.7271846097613137,"train_loss":5.701277230739594,"_runtime":31,"_step":4}