{"evaluate_loss":2.051650913934859,"train_loss":7.279972550868988,"_runtime":605.443563245,"_step":4,"_timestamp":1.7563100149921887e+09,"_wandb":{"runtime":605},"evaluate_accuracy":0.2315}