{"_runtime":30,"_timestamp":1.7565474913329034e+09,"evaluate_accuracy":0.1,"evaluate_loss":2.361515301465988,"train_loss":9.057308079330785,"_step":3,"_wandb":{"runtime":30},"EXP_086_N8_R4_E5_CLIENT_04_status":0}