{"train_loss":7.632023459786822,"_runtime":124,"_step":5,"_timestamp":1.7571524069334037e+09,"_wandb":{"runtime":124},"evaluate_accuracy":0.336,"evaluate_loss":1.755280429124832}