{"_wandb":{"runtime":170},"client_name":"EXP_003_N2_R3_E3_CLIENT_01","_runtime":170.165336228,"_timestamp":1.7541509223322332e+09,"evaluate_accuracy":0.1422,"partition_id":0,"train_loss":5.339052787780762,"evaluate_loss":2.2634504555137296,"_step":2}