{"_wandb":{"runtime":56},"_timestamp":1.754171694592507e+09,"_runtime":56.221833247,"_step":0,"train_loss":8.993892480850219}