{"_wandb":{"runtime":24},"evaluate_accuracy":0.3312,"evaluate_loss":1.780299261212349,"train_loss":5.387202536224559,"EXP_104_N8_R5_E3_CLIENT_05_status":0,"_runtime":24,"_step":7,"_timestamp":1.7565738331039004e+09}