{"_step":6,"_timestamp":1.7545849807324069e+09,"_wandb":{"runtime":4671},"evaluate_accuracy":0.27234553089382124,"evaluate_loss":1.899988201429259,"train_loss":7.0519039910375785,"_runtime":4671.241372083}