{"_runtime":144.030800075,"_step":2,"_timestamp":1.7545821698455787e+09,"_wandb":{"runtime":144},"evaluate_accuracy":0.104,"evaluate_loss":2.329351443278638,"train_loss":7.865095728121626}