{"evaluate_accuracy":0.18075539568345322,"evaluate_loss":2.152234922136579,"_runtime":0,"_step":1,"_timestamp":1.756489748395707e+09,"_wandb":{"runtime":0}}