{"_wandb":{"runtime":70},"evaluate_accuracy":0.3824,"train_loss":8.194086907775539,"_runtime":70,"evaluate_loss":1.673250111937523,"EXP_107_N8_R4_E5_CLIENT_05_status":0,"_step":8,"_timestamp":1.756575340243815e+09}