{"_runtime":26,"_step":8,"_timestamp":1.7565721058082612e+09,"_wandb":{"runtime":26},"evaluate_accuracy":0.3808,"evaluate_loss":1.7267374336719512,"train_loss":5.051893270699082,"EXP_100_N8_R4_E3_CLIENT_02_status":0}