{"evaluate_accuracy":0.4516,"evaluate_loss":1.5357640257364586,"train_loss":10.253932674471944,"_runtime":569464.333741756,"_step":13,"_timestamp":1.754221478575375e+09,"_wandb":{"runtime":569464}}