{"_timestamp":1.754176437676918e+09,"_wandb":{"runtime":382},"evaluate_accuracy":0.1544,"evaluate_loss":2.1045842049997066,"train_loss":8.77828593680653,"_runtime":382.549483851,"_step":3}