{"_wandb":{"runtime":41442},"evaluate_accuracy":0.4430113977204559,"evaluate_loss":1.5394955237706502,"train_loss":10.837157337356814,"_runtime":41442.259683574,"_step":9,"_timestamp":1.754215068392101e+09}