{"_runtime":2349.925571791,"_step":6,"_timestamp":1.7542119191793416e+09,"_wandb":{"runtime":2349},"evaluate_accuracy":0.3878224355128974,"evaluate_loss":1.6823531343823388,"train_loss":4.872170003055097}