{"_step":3,"_timestamp":1.7545821859993021e+09,"_wandb":{"runtime":289},"evaluate_accuracy":0.1532,"evaluate_loss":2.279007036474687,"train_loss":7.865095728121626,"_runtime":289.864381452}