{"evaluate_accuracy":0.1853629274145171,"evaluate_loss":2.0147559260422327,"train_loss":9.545160159539948,"_runtime":401.963664712,"_step":3,"_timestamp":1.754174490600475e+09,"_wandb":{"runtime":402}}