{"_wandb":{"runtime":7},"evaluate_loss":1.9141403824090957,"train_loss":3.95732900063703,"EXP_087_N8_R4_E2_CLIENT_01_status":0,"evaluate_accuracy":0.2384,"_runtime":7,"_step":4,"_timestamp":1.7565484379214323e+09}