{"evaluate_loss":2.443638563156128,"evaluate_accuracy":0.084,"_runtime":17,"_step":1,"_timestamp":1.7571511371929617e+09,"_wandb":{"runtime":17},"train_loss":7.559446940756148}