{"evaluate_loss":2.672170967053456,"evaluate_accuracy":0.1134,"_wandb":{"runtime":11},"_timestamp":1.747775786992549e+09,"_runtime":11.159705112,"_step":0}