{"_step":9,"_timestamp":1.7545829056563847e+09,"_wandb":{"runtime":20616},"evaluate_accuracy":0.4304,"evaluate_loss":1.5730221437502512,"train_loss":6.3490567626282814,"_runtime":20616.400306413}