{"_step":0,"EXP_082_N6_R4_E5_CLIENT_03_status":0,"_timestamp":1.75654604923329e+09,"_wandb":{"runtime":16},"_runtime":16,"train_loss":9.522655938230633}