{"train_loss":3.5983397903488124,"_runtime":692.596129722,"_step":5,"_timestamp":1.7494637926417415e+09,"_wandb":{"runtime":692},"evaluate_accuracy":0.3557288542291542,"evaluate_loss":1.7036496832257226}