{"evaluate_accuracy":0.09658068386322737,"evaluate_loss":2.320690447429441,"train_loss":7.416258516494167,"_runtime":254.983218843,"_step":2,"_timestamp":1.754585336963542e+09,"_wandb":{"runtime":254}}