{"_timestamp":1.7541736269717817e+09,"_runtime":50.245755276,"_step":0,"_wandb":{"runtime":50},"train_loss":9.484167395591736}