{"_step":1,"_timestamp":1.757172134236991e+09,"_wandb":{"runtime":1},"evaluate_accuracy":0.247,"evaluate_loss":2.040439108061412,"_runtime":1}