{"_step":10,"_timestamp":1.7478322537768257e+09,"_wandb":{"runtime":3059},"evaluate_accuracy":0.115,"evaluate_loss":2.269032716751098,"train_loss":3.9356824560165404,"_runtime":3059.242074367}