{"_wandb":{"runtime":3482},"evaluate_accuracy":0.3596,"evaluate_loss":1.7171543142463588,"train_loss":8.046715194805742,"_runtime":3482.19605834,"_step":6,"_timestamp":1.7541731383000884e+09}