{"_step":3,"_timestamp":1.756308812174554e+09,"_wandb":{"runtime":163},"evaluate_accuracy":0.20755848830233953,"evaluate_loss":1.978279371488662,"train_loss":3.78748455636507,"_runtime":163.166856985}