{"_step":4,"_timestamp":1.7542179865874474e+09,"_wandb":{"runtime":785},"evaluate_accuracy":0.2092,"evaluate_loss":2.092830357672293,"train_loss":9.315339833783646,"_runtime":785.002190627}