{"_timestamp":1.7565738309738982e+09,"evaluate_loss":1.8007303297519683,"_wandb":{"runtime":16},"evaluate_accuracy":0.3264,"train_loss":6.909726701724302,"EXP_104_N8_R5_E3_CLIENT_04_status":0,"_runtime":16,"_step":6}