{"train_loss":8.200992130170203,"EXP_085_N8_R4_E4_CLIENT_01_status":0,"_runtime":12,"_step":2,"_timestamp":1.756547054770988e+09,"_wandb":{"runtime":12},"evaluate_loss":2.296916902065277,"evaluate_accuracy":0.1}