{"_step":3,"_timestamp":1.7542135315424516e+09,"_wandb":{"runtime":452},"evaluate_accuracy":0.2456508698260348,"evaluate_loss":2.017456235204424,"train_loss":8.960893910279948,"_runtime":452.311349144}