{"_wandb":{"runtime":12},"train_loss":3.780404623147029,"EXP_090_N8_R4_E2_CLIENT_04_status":0,"_runtime":12,"_step":7,"_timestamp":1.7565509327897174e+09,"evaluate_accuracy":0.2576,"evaluate_loss":1.9673689424991607}