{"EXP_084_N8_R4_E3_CLIENT_03_status":0,"_runtime":18,"_step":5,"_wandb":{"runtime":18},"evaluate_accuracy":0.1,"evaluate_loss":2.3038644790649414,"_timestamp":1.756546770502333e+09,"train_loss":6.915814619914741}