{"_timestamp":1.756575745142719e+09,"_wandb":{"runtime":0},"_runtime":0,"evaluate_loss":2.5326011300086977,"evaluate_accuracy":0.096,"_step":1,"EXP_108_N8_R5_E5_CLIENT_06_status":0}