{"_runtime":16,"_step":4,"_timestamp":1.7565737851535397e+09,"evaluate_accuracy":0.216,"evaluate_loss":2.0210071951150894,"train_loss":6.909726701724302,"_wandb":{"runtime":16},"EXP_104_N8_R5_E3_CLIENT_04_status":0}