{"_step":7,"_timestamp":1.7571719155604885e+09,"_wandb":{"runtime":45},"evaluate_accuracy":0.4145,"evaluate_loss":1.5976556596301852,"train_loss":4.9781892910003664,"_runtime":45}