{"evaluate_loss":1.7081566752901503,"train_loss":3.4711878633499147,"_runtime":914.90152583,"_step":5,"_timestamp":1.7541297136966066e+09,"_wandb":{"runtime":914},"evaluate_accuracy":0.3454}