{"_runtime":2.901666537,"_step":0,"evaluate_loss":1.688688288069075,"_wandb":{"runtime":4},"evaluate_accuracy":0.3822,"_timestamp":1.747747077097035e+09}