{"evaluate_accuracy":0.0984,"evaluate_loss":2.3767176308209383,"train_loss":7.481648432561003,"_runtime":140.907010499,"_step":2,"_timestamp":1.7545826921744084e+09,"_wandb":{"runtime":140}}