{"loss":1.7326506262733823,"accuracy":0.35452909418116374,"_timestamp":1.7477399572900844e+09,"_runtime":8.537909357,"_wandb":{"runtime":9},"_step":0}