{"evaluate_accuracy":0.3719256148770246,"evaluate_loss":1.7092252163659958,"train_loss":6.565295026742583,"_runtime":2532.227028475,"_step":6,"_timestamp":1.749467011757488e+09,"_wandb":{"runtime":2532}}