{"train_loss":6.758195829239621,"EXP_109_N8_R5_E4_CLIENT_04_status":0,"_runtime":161,"_step":8,"_timestamp":1.757149071202419e+09,"_wandb":{"runtime":161},"evaluate_accuracy":0.2776,"evaluate_loss":1.8916550874710083}