{"_wandb":{"runtime":140},"evaluate_accuracy":0.32003599280143974,"evaluate_loss":1.8266993749709357,"train_loss":3.6556339787064696,"_runtime":140.394322655,"_step":3,"_timestamp":1.74921453993252e+09}