{"_timestamp":1.7565471010385284e+09,"_wandb":{"runtime":0},"evaluate_accuracy":0.204,"evaluate_loss":2.0079647451639175,"EXP_085_N8_R4_E4_CLIENT_06_status":0,"_runtime":0,"_step":3}