{"EXP_086_N8_R4_E5_CLIENT_02_status":0,"_timestamp":1.756547440431373e+09,"train_loss":9.201154064220987,"_step":0,"_wandb":{"runtime":13},"_runtime":13}