{"_runtime":250,"_step":5,"_timestamp":1.7571514288600616e+09,"_wandb":{"runtime":250},"evaluate_accuracy":0.356,"evaluate_loss":1.6611798763275147,"train_loss":6.769493436357777}