{"evaluate_accuracy":0.3504,"evaluate_loss":1.6985516130924223,"train_loss":6.471788896117241,"_runtime":281.972943407,"_step":5,"_timestamp":1.7571514999460697e+09,"_wandb":{"runtime":281}}