{"evaluate_loss":1.5233202248811721,"train_loss":6.456825643588024,"_timestamp":1.7565749221392019e+09,"EXP_106_N8_R5_E4_CLIENT_07_status":0,"_runtime":55,"_step":12,"_wandb":{"runtime":55},"evaluate_accuracy":0.4376}