{"evaluate_accuracy":0.4154,"evaluate_loss":1.5755811557648287,"train_loss":3.3026273303985594,"_runtime":4.294967298787429e+09,"_step":41,"_timestamp":1.7479204646230814e+09,"_wandb":{"runtime":4294967298}}