{"_timestamp":1.754174391713822e+09,"_wandb":{"runtime":91},"train_loss":9.569404321994508,"evaluate_loss":2.3428197896705485,"evaluate_accuracy":0.09598080383923216,"_runtime":91.789677527,"_step":1}