{"EXP_090_N8_R4_E2_CLIENT_02_status":0,"_runtime":7,"_step":2,"_timestamp":1.7565508568828125e+09,"_wandb":{"runtime":7},"evaluate_loss":2.331408625841141,"evaluate_accuracy":0.1,"train_loss":4.101731625332195}