{"_timestamp":1.7478323508709507e+09,"_wandb":{"runtime":2564},"evaluate_accuracy":0.107,"evaluate_loss":2.266224466264248,"train_loss":3.954230767250061,"_runtime":2564.1840221,"_step":4}