{"client_name":"EXP_004_N2_R4_E3_CLIENT_02","train_loss":5.507965596008301,"partition_id":1,"_timestamp":1.7541512633343253e+09,"evaluate_loss":2.092706481362604,"evaluate_accuracy":0.2182,"_wandb":{"runtime":62},"_runtime":62.785243903,"_step":1}