{"evaluate_accuracy":0.4028,"evaluate_loss":1.6052567807933953,"train_loss":8.188118064365447,"_runtime":23726.249710133,"_step":9,"_timestamp":1.7541773483977227e+09,"_wandb":{"runtime":23726}}