{"_wandb":{"runtime":2858},"evaluate_accuracy":0.304,"evaluate_loss":1.846640962588636,"train_loss":8.436329795910527,"_runtime":2858.024556005,"_step":6,"_timestamp":1.7542185166899128e+09}