{"_runtime":23.095056849,"_step":0,"_wandb":{"runtime":23},"train_loss":5.922907262111454,"_timestamp":1.7494643779473565e+09}