{"_step":6,"_timestamp":1.7494617765086887e+09,"_wandb":{"runtime":2501},"evaluate_accuracy":0.3658,"evaluate_loss":1.684590260693981,"train_loss":4.8970723741531375,"_runtime":2501.0452974}