{"_timestamp":1.754211287181233e+09,"_wandb":{"runtime":264},"evaluate_accuracy":0.23785242951409719,"evaluate_loss":1.920968138603937,"train_loss":5.43545728621723,"_runtime":264.836390717,"_step":3}