{"evaluate_accuracy":0.0928,"_step":1,"_wandb":{"runtime":0},"_runtime":0,"EXP_086_N8_R4_E5_CLIENT_08_status":0,"_timestamp":1.7565474627667274e+09,"evaluate_loss":2.3662647783756254}