{"train_loss":3.824315691737534,"_wandb":{"runtime":15},"_timestamp":1.7492140334570847e+09,"_runtime":15.131939708,"_step":0}