{"train_loss":5.8342455739428285,"EXP_104_N8_R5_E3_CLIENT_02_status":0,"_runtime":31,"_timestamp":1.756573785873103e+09,"evaluate_accuracy":0.196,"_step":5,"_wandb":{"runtime":31},"evaluate_loss":2.058031737804413}