{"_step":3,"_timestamp":1.7542143155801315e+09,"_wandb":{"runtime":558},"evaluate_accuracy":0.1868626274745051,"evaluate_loss":2.1166370618911015,"train_loss":12.400507940376976,"_runtime":558.340656418}