{"train_loss":6.914683997202262,"_runtime":15.214815044,"_step":2,"_timestamp":1.7564887967948585e+09,"_wandb":{"runtime":15},"evaluate_accuracy":0.0972097209720972,"evaluate_loss":2.3276285443987166}