{"_timestamp":1.754177416990565e+09,"_wandb":{"runtime":94970},"evaluate_accuracy":0.4268,"evaluate_loss":1.536156735842741,"train_loss":7.947606116057204,"_runtime":94970.319000627,"_step":11}