{"_wandb":{"runtime":22},"train_loss":7.771574869680633,"_timestamp":1.7563103641942346e+09,"_runtime":22.13886856,"_step":0}