{"_runtime":50.614560158,"_step":1,"_timestamp":1.7542108308378296e+09,"_wandb":{"runtime":50},"evaluate_loss":2.3006534962427048,"evaluate_accuracy":0.11607678464307139,"train_loss":5.747920877927784}