{"_wandb":{"runtime":1488},"evaluate_accuracy":0.3492,"evaluate_loss":1.7443126394778867,"train_loss":8.671437091720751,"_runtime":1488.120226642,"_step":5,"_timestamp":1.7541756741207e+09}