{"train_loss":9.127394002437592,"_timestamp":1.7571723801995122e+09,"_wandb":{"runtime":19},"_runtime":19.322092278,"_step":0}