{"evaluate_accuracy":0.4097180563887223,"evaluate_loss":1.5945917299815586,"train_loss":3.2687662499699948,"_runtime":2802.357046447,"_step":7,"_timestamp":1.7492146412018564e+09,"_wandb":{"runtime":2802}}