{"_step":5,"_timestamp":1.7542155362691615e+09,"_wandb":{"runtime":2480},"evaluate_accuracy":0.33053389322135573,"evaluate_loss":1.7021181935355776,"train_loss":12.068882540833178,"_runtime":2480.439602756}