{"_wandb":{"runtime":107},"evaluate_accuracy":0.3088,"evaluate_loss":1.8483589500188828,"_step":8,"train_loss":7.019297262665573,"EXP_109_N8_R5_E4_CLIENT_01_status":0,"_runtime":107,"_timestamp":1.7571489393673277e+09}