{"train_loss":6.058355001236895,"_timestamp":1.7564838596157887e+09,"_step":0,"_wandb":{"runtime":275},"_runtime":275.927903091}