{"_step":0,"_wandb":{"runtime":60},"train_loss":9.290921809000261,"_timestamp":1.7541743714410725e+09,"_runtime":60.016724368}