{"train_loss":5.468788153828142,"_runtime":110.041704829,"_step":2,"_timestamp":1.7542171851476798e+09,"_wandb":{"runtime":110},"evaluate_accuracy":0.0976,"evaluate_loss":2.4248236070705365}