{"evaluate_loss":1.4521759680554838,"train_loss":10.330912006548798,"_runtime":241829.920193246,"_step":12,"_timestamp":1.75417924657236e+09,"_wandb":{"runtime":241829},"evaluate_accuracy":0.4704}