{"_timestamp":1.7565500220566957e+09,"_wandb":{"runtime":13},"evaluate_accuracy":0.0984,"train_loss":3.8478881287726625,"EXP_088_N8_R4_E2_CLIENT_03_status":0,"_runtime":13,"_step":3,"evaluate_loss":2.314787286520004}