{"_wandb":{"runtime":846},"evaluate_accuracy":0.2658,"evaluate_loss":1.9294550585898624,"train_loss":6.789146953010559,"_runtime":846.394008754,"_step":4,"_timestamp":1.74946265684512e+09}