{"evaluate_accuracy":0.0905,"train_loss":9.208946972370148,"_runtime":93.941930158,"_step":1,"_timestamp":1.7541736603237786e+09,"_wandb":{"runtime":93},"evaluate_loss":2.303086269469488}