{"train_loss":7.3777437506208,"EXP_109_N8_R5_E4_CLIENT_06_status":0,"evaluate_loss":2.3142339527606963,"_runtime":67,"_step":3,"_timestamp":1.7571488537304366e+09,"_wandb":{"runtime":67},"evaluate_accuracy":0.0992}