{"evaluate_accuracy":0.3564,"evaluate_loss":1.753612456442435,"train_loss":5.292236322412095,"_runtime":1649.070026807,"_step":6,"_timestamp":1.7542167303320038e+09,"_wandb":{"runtime":1649}}