{"_wandb":{"runtime":6},"_runtime":6,"EXP_089_N8_R4_E2_CLIENT_04_status":0,"_timestamp":1.7565506191177707e+09,"train_loss":4.058871119644992,"_step":0}