{"_timestamp":1.7542180049174376e+09,"_wandb":{"runtime":1412},"evaluate_accuracy":0.2492,"evaluate_loss":1.9958178272730187,"train_loss":9.437201502985848,"_runtime":1412.183653303,"_step":5}