{"evaluate_accuracy":0.4152,"evaluate_loss":1.5823236175730258,"train_loss":6.3490567626282814,"_runtime":10307.013647593,"_step":8,"_timestamp":1.7545828886772742e+09,"_wandb":{"runtime":10307}}