{"_runtime":18,"evaluate_loss":1.7339488200421602,"EXP_081_N6_R4_E4_CLIENT_06_status":0,"_step":8,"_timestamp":1.756545828381379e+09,"_wandb":{"runtime":18},"evaluate_accuracy":0.355128974205159,"train_loss":7.154718313490945}