{"_step":2,"_timestamp":1.7565500229231648e+09,"_wandb":{"runtime":7},"train_loss":3.911532346610051,"evaluate_accuracy":0.0944,"evaluate_loss":2.308136838674545,"EXP_088_N8_R4_E2_CLIENT_07_status":0,"_runtime":7}