{"evaluate_accuracy":0.1952609478104379,"evaluate_loss":2.255159936632429,"train_loss":3.533192285244985,"_runtime":4.294967315232186e+09,"_step":30,"_timestamp":1.747923161382813e+09,"_wandb":{"runtime":4294967315}}