{"evaluate_loss":2.4935216179376916,"evaluate_accuracy":0.0968,"_runtime":52.363267261,"_step":1,"_timestamp":1.7563094405051632e+09,"_wandb":{"runtime":52},"train_loss":7.466337804596264}