{"_timestamp":1.7492163266318216e+09,"_wandb":{"runtime":308},"evaluate_accuracy":0.1718656268746251,"evaluate_loss":2.0598927895228067,"train_loss":7.110312321489092,"_runtime":308.063055688,"_step":3}