{"evaluate_loss":2.472816678542125,"train_loss":7.210781901027448,"_runtime":127.050619102,"_step":2,"_timestamp":1.7563094812485876e+09,"_wandb":{"runtime":127},"evaluate_accuracy":0.0952}