{"_timestamp":1.7478282418993423e+09,"_runtime":3.036330419,"_step":0,"evaluate_loss":1.872864705741785,"evaluate_accuracy":0.3018,"_wandb":{"runtime":3}}