{"train_loss":3.6401446990966795,"_runtime":448.224963854,"_step":4,"_timestamp":1.7541294392815564e+09,"_wandb":{"runtime":448},"evaluate_accuracy":0.2814,"evaluate_loss":1.8770244630279056}