{"_wandb":{"runtime":1617},"evaluate_accuracy":0.3708,"evaluate_loss":1.6726412607144705,"train_loss":10.185336791288355,"_runtime":1617.883740964,"_step":5,"_timestamp":1.7545834824918613e+09}