{"evaluate_accuracy":0.20972097209720972,"evaluate_loss":2.094190767833165,"EXP_101_N9_R4_E3_CLIENT_05_status":0,"_runtime":0,"_step":3,"_timestamp":1.7565724780056734e+09,"_wandb":{"runtime":0}}