{"_wandb":{"runtime":29372},"evaluate_accuracy":0.4292,"evaluate_loss":1.5710965742038776,"train_loss":9.577744568498751,"_runtime":29372.219942262,"_step":9,"_timestamp":1.7545842198572867e+09}