{"_step":3,"_timestamp":1.7565747577474868e+09,"_wandb":{"runtime":0},"evaluate_accuracy":0.248,"evaluate_loss":1.9463351875543595,"EXP_106_N8_R5_E4_CLIENT_07_status":0,"_runtime":0}