{"_step":42,"_timestamp":1.7479208996042273e+09,"_wandb":{"runtime":4294967318},"evaluate_accuracy":0.4086,"evaluate_loss":1.581033767408626,"train_loss":3.7087501766204833,"_runtime":4.294967318276358e+09}