{"_runtime":407194.090509322,"_step":13,"_timestamp":1.754177484688579e+09,"_wandb":{"runtime":407194},"evaluate_accuracy":0.4164,"evaluate_loss":1.5943969518323489,"train_loss":7.789820510358475}