{"_wandb":{"runtime":18},"evaluate_accuracy":0.0976,"train_loss":6.915814619914741,"_step":9,"_timestamp":1.7565468490728548e+09,"evaluate_loss":2.3032734632492065,"EXP_084_N8_R4_E3_CLIENT_03_status":0,"_runtime":18}