{"_wandb":{"runtime":9},"evaluate_loss":2.121286109515599,"train_loss":5.928805780925339,"_runtime":9,"_timestamp":1.7565724796831026e+09,"evaluate_accuracy":0.21492805755395683,"EXP_101_N9_R4_E3_CLIENT_02_status":0,"_step":4}