{"_runtime":3545.093516937,"_step":6,"_timestamp":1.7541725032539897e+09,"_wandb":{"runtime":3545},"evaluate_accuracy":0.40491901619676063,"evaluate_loss":1.648325438726516,"train_loss":7.838977935216981}