{"_timestamp":1.756488816352212e+09,"_wandb":{"runtime":0},"evaluate_accuracy":0.18001800180018002,"evaluate_loss":2.1914591108049666,"_runtime":0,"_step":1}