{"_runtime":13,"_step":2,"train_loss":7.734630482048509,"_timestamp":1.7565457188180847e+09,"_wandb":{"runtime":13},"evaluate_accuracy":0.09598080383923216,"evaluate_loss":2.3924626944200047,"EXP_081_N6_R4_E4_CLIENT_05_status":0}