{"_timestamp":1.7565758014190874e+09,"train_loss":9.323328898211194,"_wandb":{"runtime":55},"evaluate_accuracy":0.1536,"evaluate_loss":2.215088498592377,"EXP_108_N8_R5_E5_CLIENT_02_status":0,"_runtime":55,"_step":5}