{"_runtime":55,"_step":10,"train_loss":8.17494020340549,"_timestamp":1.7565753648205767e+09,"_wandb":{"runtime":55},"evaluate_accuracy":0.4008,"evaluate_loss":1.6197099030017852,"EXP_107_N8_R4_E5_CLIENT_02_status":0}