{"_step":5,"_timestamp":1.7565500601609256e+09,"evaluate_loss":2.1519631415605547,"train_loss":3.717097006026347,"EXP_088_N8_R4_E2_CLIENT_08_status":0,"_runtime":15,"_wandb":{"runtime":15},"evaluate_accuracy":0.1744}