{"_wandb":{"runtime":13},"_step":0,"evaluate_loss":1.7053616980838169,"evaluate_accuracy":0.36,"_timestamp":1.7477759067650049e+09,"_runtime":12.32854973}