{"_timestamp":1.7492058575219293e+09,"_runtime":20.265915218,"_wandb":{"runtime":20},"_step":0,"train_loss":4.6080857837677005}