{"_wandb":{"runtime":2529},"evaluate_accuracy":0.248,"evaluate_loss":1.917630702634401,"train_loss":7.1349768901404484,"_runtime":2529.987370993,"_step":6,"_timestamp":1.7545822953397374e+09}