{"_wandb":{"runtime":29},"evaluate_accuracy":0.3825,"evaluate_loss":1.6574398146735296,"train_loss":5.1856933302879336,"_runtime":29,"_step":4,"_timestamp":1.7571718239862337e+09}