{"_timestamp":1.7545826339623587e+09,"_runtime":29.924553826,"_step":0,"train_loss":7.215055382670686,"_wandb":{"runtime":29}}