{"_runtime":16.221675072,"_step":0,"train_loss":4.6081109252765025,"_timestamp":1.7477452521223576e+09,"_wandb":{"runtime":16}}