{"_wandb":{"runtime":13},"evaluate_accuracy":0.27114577084583086,"evaluate_loss":1.8870326168132279,"train_loss":5.91999692837017,"_runtime":13,"_timestamp":1.7565453557976801e+09,"EXP_080_N6_R4_E3_CLIENT_01_status":0,"_step":4}