{"_step":1,"_timestamp":1.7494651473311536e+09,"_wandb":{"runtime":42},"evaluate_loss":2.3093919186365035,"evaluate_accuracy":0.11937612477504499,"train_loss":5.689118540830178,"_runtime":42.849127686}