{"evaluate_loss":1.7150681243752532,"train_loss":6.610375207577025,"_runtime":2801.003670786,"_step":6,"_timestamp":1.754585491032871e+09,"_wandb":{"runtime":2801},"evaluate_accuracy":0.34433113377324537}