{"_step":3,"_timestamp":1.7541756054432006e+09,"_wandb":{"runtime":354},"evaluate_accuracy":0.1872,"evaluate_loss":2.0775317662878883,"train_loss":9.171334286086475,"_runtime":354.358785887}