{"EXP_101_N9_R4_E3_CLIENT_09_status":0,"_runtime":9,"_step":2,"train_loss":6.069376252538008,"_timestamp":1.7565724631947727e+09,"_wandb":{"runtime":9},"evaluate_accuracy":0.099009900990099,"evaluate_loss":2.3076750823429655}