{"evaluate_loss":2.2935464918613433,"evaluate_accuracy":0.1136,"train_loss":7.709822827084049,"EXP_110_N8_R5_E4_CLIENT_01_status":0,"_runtime":74,"_step":2,"_timestamp":1.7571494827941942e+09,"_wandb":{"runtime":74}}