{"evaluate_accuracy":0.1152,"EXP_107_N8_R4_E5_CLIENT_02_status":0,"_runtime":20,"_step":2,"_timestamp":1.7565751874872925e+09,"_wandb":{"runtime":20},"train_loss":10.089121052413988,"evaluate_loss":2.3016663908958437}