{"_runtime":243788.403260731,"_step":13,"_timestamp":1.7542174799384115e+09,"_wandb":{"runtime":243788},"evaluate_accuracy":0.424,"evaluate_loss":1.5469994650611394,"train_loss":4.606094905743584}