{"_runtime":1754.174396992,"_step":5,"_timestamp":1.7545840661071694e+09,"_wandb":{"runtime":1754},"evaluate_accuracy":0.236,"evaluate_loss":1.9416050141370749,"train_loss":10.45159290621456}