{"_wandb":{"runtime":6},"_runtime":6,"EXP_087_N8_R4_E2_CLIENT_04_status":0,"_timestamp":1.7565483828857641e+09,"train_loss":4.085166727661327,"_step":0}