{"evaluate_loss":2.3435883067903065,"evaluate_accuracy":0.104,"_timestamp":1.757171448757977e+09,"_step":0,"_wandb":{"runtime":0},"_runtime":0}