{"_step":4,"_timestamp":1.754205972163246e+09,"_wandb":{"runtime":632},"evaluate_accuracy":0.3554,"evaluate_loss":1.712155847033118,"train_loss":5.032110811042785,"_runtime":632.221984373}