{"_wandb":{"runtime":295},"_runtime":295.3708812,"_timestamp":1.7564640318799872e+09,"_step":0,"train_loss":6.911808695111956}