{"_wandb":{"runtime":3442},"evaluate_accuracy":0.397,"evaluate_loss":1.6173057510594653,"train_loss":11.553730458068848,"_runtime":3442.953547622,"_step":5,"_timestamp":1.754209685928571e+09}