{"_timestamp":1.7565741926831179e+09,"_wandb":{"runtime":26},"train_loss":7.950539209280803,"EXP_105_N8_R4_E4_CLIENT_05_status":0,"_runtime":26,"evaluate_loss":2.3199002623558043,"evaluate_accuracy":0.0984,"_step":2}