{"_runtime":50.204144358,"_step":1,"_timestamp":1.756313892442349e+09,"_wandb":{"runtime":50},"train_loss":7.48730567735605,"evaluate_loss":2.3147890326343004,"evaluate_accuracy":0.1096}