{"evaluate_accuracy":0.33773245350929815,"EXP_079_N6_R4_E2_CLIENT_01_status":0,"_step":7,"_wandb":{"runtime":16},"evaluate_loss":1.8122289360694166,"train_loss":3.6095431660921378,"_runtime":16,"_timestamp":1.7565450928075624e+09}