{"_runtime":293.404186744,"_timestamp":1.7564640277844393e+09,"_step":0,"train_loss":6.108011475063505,"_wandb":{"runtime":293}}