{"_timestamp":1.7541755825383751e+09,"_wandb":{"runtime":173},"evaluate_accuracy":0.1068,"evaluate_loss":2.320618282390546,"train_loss":9.087716750443553,"_runtime":173.126904695,"_step":2}