{"_step":4,"_timestamp":1.7492145727563443e+09,"_wandb":{"runtime":345},"evaluate_accuracy":0.3260347930413917,"evaluate_loss":1.8443051587967645,"train_loss":3.3925402816251027,"_runtime":345.197433051}