{"_timestamp":1.7477450717200358e+09,"_wandb":{"runtime":21},"_runtime":21.757404842,"_step":0,"train_loss":3.916814483612847}