{"train_loss":10.688282581607691,"_runtime":407.237099364,"_step":2,"_timestamp":1.7545867914109244e+09,"_wandb":{"runtime":407},"evaluate_accuracy":0.10077984403119376,"evaluate_loss":2.441188137486296}