{"evaluate_accuracy":0.4332,"evaluate_loss":1.5271632958062087,"train_loss":9.357864038060647,"_runtime":126332.493629455,"_step":11,"_timestamp":1.7545842949356222e+09,"_wandb":{"runtime":126332}}