{"_runtime":1266.781134301,"_step":5,"_timestamp":1.7542059887002914e+09,"_wandb":{"runtime":1266},"evaluate_accuracy":0.3806,"evaluate_loss":1.6690727168587363,"train_loss":5.032110811042785}