{"_timestamp":1.7542103233287194e+09,"_wandb":{"runtime":2894},"evaluate_accuracy":0.4024,"evaluate_loss":1.6005771494215462,"train_loss":11.079923539352418,"_runtime":2894.944074245,"_step":5}