{"evaluate_loss":2.5097801353358014,"evaluate_accuracy":0.0968,"_timestamp":1.7541763649621725e+09,"_wandb":{"runtime":82},"train_loss":8.950423007955948,"_runtime":82.37509417,"_step":1}