{"evaluate_loss":1.5491227850317955,"train_loss":7.115231718986657,"EXP_105_N8_R4_E4_CLIENT_03_status":0,"_runtime":63,"_step":10,"_timestamp":1.7565743584625545e+09,"_wandb":{"runtime":63},"evaluate_accuracy":0.4464}