{"EXP_081_N6_R4_E4_CLIENT_05_status":0,"_timestamp":1.7565456917383666e+09,"_wandb":{"runtime":0},"_runtime":0,"evaluate_loss":2.3924626944200047,"evaluate_accuracy":0.09598080383923216,"_step":1}