{"EXP_110_N8_R5_E4_CLIENT_02_status":0,"_timestamp":1.7571496101921577e+09,"_wandb":{"runtime":157},"evaluate_accuracy":0.2576,"_runtime":157,"_step":5,"evaluate_loss":1.906616312265396,"train_loss":7.425937165879899}