{"_runtime":11,"_step":4,"_wandb":{"runtime":11},"train_loss":5.817860194072602,"EXP_103_N8_R4_E3_CLIENT_06_status":0,"_timestamp":1.756573401241663e+09,"evaluate_accuracy":0.1344,"evaluate_loss":2.2984979152679443}