{"_wandb":{"runtime":19},"_runtime":19,"EXP_106_N8_R5_E4_CLIENT_01_status":0,"_timestamp":1.7565746780847495e+09,"train_loss":8.043611035984792,"_step":0}