{"_wandb":{"runtime":46},"evaluate_accuracy":0.356,"evaluate_loss":1.6917177110910415,"EXP_104_N8_R5_E3_CLIENT_08_status":0,"_step":11,"_timestamp":1.7565739124084706e+09,"train_loss":4.969120503231219,"_runtime":46}