{"evaluate_accuracy":0.1,"_wandb":{"runtime":12},"train_loss":6.189893237113953,"EXP_102_N10_R4_E3_CLIENT_01_status":0,"_runtime":12,"_step":2,"_timestamp":1.7565728609470227e+09,"evaluate_loss":2.3076645359396935}