{"_step":9,"_timestamp":1.7541758189834435e+09,"_wandb":{"runtime":23724},"evaluate_accuracy":0.4096,"evaluate_loss":1.5541548442236985,"train_loss":8.109027322107991,"_runtime":23724.23058042}