{"_step":3,"_timestamp":1.7542125042521167e+09,"_wandb":{"runtime":390},"evaluate_accuracy":0.28344331133773243,"evaluate_loss":1.8684829621087937,"train_loss":8.75186162600986,"_runtime":390.234621315}