{"_wandb":{"runtime":30},"_step":0,"train_loss":7.662158133028794,"_timestamp":1.7563090004656823e+09,"_runtime":30.075459754}