{"_step":9,"_timestamp":1.7542173717274065e+09,"_wandb":{"runtime":15214},"evaluate_accuracy":0.4268,"evaluate_loss":1.5783334563050089,"train_loss":4.8736249265579366,"_runtime":15214.179764841}