{"evaluate_loss":2.3128446987697058,"evaluate_accuracy":0.10071942446043165,"_step":1,"_wandb":{"runtime":0},"_runtime":0,"EXP_101_N9_R4_E3_CLIENT_07_status":0,"_timestamp":1.7565724387611184e+09}