{"_step":0,"_wandb":{"runtime":80},"train_loss":11.176341654581316,"_timestamp":1.754586680897486e+09,"_runtime":80.326611665}