{"_runtime":1076.039163795,"_step":4,"_timestamp":1.7545854269091804e+09,"_wandb":{"runtime":1076},"evaluate_accuracy":0.1841631673665267,"evaluate_loss":2.146623768896427,"train_loss":6.789747551297457}