{"evaluate_accuracy":0.4828,"evaluate_loss":1.4512924401065972,"train_loss":10.507081874833702,"_runtime":141342.257034047,"_step":11,"_timestamp":1.7541791849846983e+09,"_wandb":{"runtime":141342}}