{"train_loss":3.649113743400574,"_runtime":208.980076121,"_step":3,"_timestamp":1.749460335335756e+09,"_wandb":{"runtime":209},"evaluate_accuracy":0.3036,"evaluate_loss":1.8132880971689893}