{"_step":5,"_timestamp":1.7542162620733232e+09,"_wandb":{"runtime":892},"evaluate_accuracy":0.3048,"evaluate_loss":1.9437869757036619,"train_loss":5.347323979813451,"_runtime":892.33243362}