{"_runtime":226.196644369,"_step":3,"_timestamp":1.7492149961768863e+09,"_wandb":{"runtime":226},"evaluate_accuracy":0.09508098380323936,"evaluate_loss":2.542472625914074,"train_loss":5.688469817312502}