{"train_loss":13.823984523931632,"_timestamp":1.7545833109599774e+09,"_runtime":40.337181647,"_step":0,"_wandb":{"runtime":40}}