{"_timestamp":1.7565725201988032e+09,"_wandb":{"runtime":18},"evaluate_accuracy":0.32223222322232226,"evaluate_loss":1.8549493687493461,"train_loss":5.563390299570647,"_step":7,"EXP_101_N9_R4_E3_CLIENT_09_status":0,"_runtime":18}