{"evaluate_loss":1.6046725897561935,"train_loss":6.610727734131207,"_runtime":5788.312161133,"_step":7,"_timestamp":1.7494670285045538e+09,"_wandb":{"runtime":5788},"evaluate_accuracy":0.40401919616076787}