{"_wandb":{"runtime":60445},"evaluate_accuracy":0.458,"evaluate_loss":1.502449606038347,"train_loss":10.526108729001432,"_runtime":60445.230058142,"_step":10,"_timestamp":1.7541791636481144e+09}