{"_timestamp":1.7541756729818888e+09,"_wandb":{"runtime":1462},"evaluate_accuracy":0.3592,"evaluate_loss":1.7474718667283844,"train_loss":8.678612421114986,"_runtime":1462.270884144,"_step":5}