{"train_loss":11.28183392303412,"_runtime":154.34614948,"_step":1,"_timestamp":1.754586049061354e+09,"evaluate_loss":2.315003804440768,"evaluate_accuracy":0.09658068386322735,"_wandb":{"runtime":154}}