{"evaluate_accuracy":0.1856,"evaluate_loss":1.9861401826143263,"train_loss":7.115231718986657,"EXP_105_N8_R4_E4_CLIENT_03_status":0,"_runtime":63,"_step":6,"_timestamp":1.7565742840290277e+09,"_wandb":{"runtime":63}}