{"_timestamp":1.7565753647743726e+09,"_wandb":{"runtime":17},"evaluate_loss":1.5793471068143845,"EXP_107_N8_R4_E5_CLIENT_06_status":0,"_runtime":17,"evaluate_accuracy":0.4048,"train_loss":9.049971263879424,"_step":8}