{"_runtime":42.854290638,"_step":1,"_timestamp":1.7492049071904047e+09,"evaluate_loss":2.393913741324358,"evaluate_accuracy":0.1032,"_wandb":{"runtime":42},"train_loss":3.757460224151611}