{"EXP_107_N8_R4_E5_CLIENT_08_status":0,"_timestamp":1.756575191950136e+09,"evaluate_loss":2.316372036933899,"evaluate_accuracy":0.1,"_step":1,"_wandb":{"runtime":0},"_runtime":0}