{"train_loss":8.487863032722473,"_runtime":567.034558355,"_step":3,"_timestamp":1.7541717972999363e+09,"_wandb":{"runtime":567},"evaluate_accuracy":0.2458,"evaluate_loss":1.924434358906594}