{"_wandb":{"runtime":12},"_runtime":12.843157801,"_step":0,"train_loss":5.982156974494837,"_timestamp":1.7564892206825657e+09}