{"_timestamp":1.7541756570353813e+09,"_wandb":{"runtime":821},"evaluate_accuracy":0.178,"evaluate_loss":2.0853351973280123,"train_loss":8.56586991712308,"_runtime":821.135710141,"_step":4}