{"_timestamp":1.7477759018090858e+09,"_runtime":6.5863702360000005,"_step":0,"_wandb":{"runtime":7},"evaluate_loss":1.6948967078688797,"evaluate_accuracy":0.3562}