{"_step":7,"_wandb":{"runtime":19},"evaluate_accuracy":0.096,"evaluate_loss":2.303687161207199,"_timestamp":1.756546809309682e+09,"train_loss":6.913539488604115,"EXP_084_N8_R4_E3_CLIENT_01_status":0,"_runtime":19}