{"evaluate_loss":2.3114753901958465,"evaluate_accuracy":0.1,"_step":1,"_timestamp":1.757152223051435e+09,"_wandb":{"runtime":99},"train_loss":7.8125463253373555,"_runtime":99}