{"evaluate_accuracy":0.2411517696460708,"evaluate_loss":1.968263452393668,"train_loss":5.689946752372119,"_runtime":240.815035788,"_step":3,"_timestamp":1.7542108872304034e+09,"_wandb":{"runtime":240}}