{"_step":11,"_wandb":{"runtime":86},"evaluate_accuracy":0.4008,"train_loss":6.442012797495362,"EXP_106_N8_R5_E4_CLIENT_05_status":0,"_runtime":86,"_timestamp":1.7565749068901222e+09,"evaluate_loss":1.646648758649826}