{"_step":6,"evaluate_accuracy":0.228,"EXP_091_N8_R4_E5_CLIENT_03_status":0,"_runtime":47,"_timestamp":1.7565513099432044e+09,"_wandb":{"runtime":47},"evaluate_loss":2.029741868376732,"train_loss":8.79436844321573}