{"_runtime":21,"_step":4,"_wandb":{"runtime":21},"train_loss":7.544146285694875,"_timestamp":1.7565742514160395e+09,"evaluate_accuracy":0.1912,"evaluate_loss":2.010361546278,"EXP_105_N8_R4_E4_CLIENT_08_status":0}