{"evaluate_accuracy":0.103,"_runtime":9,"_step":1,"_timestamp":1.756490093454179e+09,"_wandb":{"runtime":9},"train_loss":6.919084934234619,"evaluate_loss":2.329448953270912}