{"_timestamp":1.7564888552157648e+09,"_wandb":{"runtime":8},"evaluate_accuracy":0.32194244604316546,"evaluate_loss":1.8144285815102714,"train_loss":6.193401286927916,"_runtime":8,"_step":3}