{"_timestamp":1.7564901673054414e+09,"_wandb":{"runtime":11},"evaluate_accuracy":0.204,"evaluate_loss":2.030223123729229,"train_loss":5.474529402732849,"_runtime":11.901687999,"_step":2}