{"_runtime":43,"_step":5,"evaluate_accuracy":0.1856,"train_loss":7.185660251386606,"_timestamp":1.7565742878810074e+09,"_wandb":{"runtime":43},"evaluate_loss":2.0187256962060927,"EXP_105_N8_R4_E4_CLIENT_06_status":0}