{"_runtime":11781.165997983,"_step":8,"_timestamp":1.7541766275606995e+09,"_wandb":{"runtime":11781},"evaluate_accuracy":0.3968,"evaluate_loss":1.6657913953443118,"train_loss":7.866130267278836}