{"EXP_086_N8_R4_E5_CLIENT_03_status":0,"_runtime":31,"_step":7,"_timestamp":1.7565475506858563e+09,"_wandb":{"runtime":31},"evaluate_accuracy":0.356,"evaluate_loss":1.6843856692314148,"train_loss":8.655202605921751}