{"_step":5,"evaluate_accuracy":0.3978,"partition_id":0,"train_loss":3.386947185897827,"_wandb":{"runtime":1061},"_runtime":1061.025342273,"_timestamp":1.7541502114662037e+09,"client_name":"EXP_001_N2_R3_E2_CLIENT_01","evaluate_loss":1.6289275155705252}