{"_step":6,"_timestamp":1.7542172988508322e+09,"_wandb":{"runtime":1896},"evaluate_accuracy":0.3608,"evaluate_loss":1.6805301995217046,"train_loss":4.976307101143054,"_runtime":1896.019057839}