{"_wandb":{"runtime":14},"train_loss":3.9129335162736814,"_timestamp":1.7494630474034061e+09,"_runtime":14.025573152,"_step":0}