{"EXP_101_N9_R4_E3_CLIENT_02_status":0,"_runtime":16,"_timestamp":1.7565725430993316e+09,"evaluate_loss":1.901480906350272,"train_loss":5.333013676910949,"_step":7,"_wandb":{"runtime":16},"evaluate_accuracy":0.302158273381295}