{"train_loss":3.784606919904645,"_runtime":10,"evaluate_loss":1.794002724143694,"EXP_079_N6_R4_E2_CLIENT_06_status":0,"_step":6,"_timestamp":1.7565450948584158e+09,"_wandb":{"runtime":10},"evaluate_accuracy":0.34133173365326935}