{"evaluate_accuracy":0.0984,"evaluate_loss":2.420165568590164,"train_loss":9.424702016411313,"_runtime":311.34055837,"_step":2,"_timestamp":1.757154244226916e+09,"_wandb":{"runtime":311}}