{"EXP_088_N8_R4_E2_CLIENT_04_status":0,"_runtime":20,"_step":8,"_timestamp":1.7565500747028549e+09,"_wandb":{"runtime":20},"evaluate_accuracy":0.2872,"evaluate_loss":1.8946640014648437,"train_loss":3.788771839658166}