{"train_loss":5.457011289657301,"_runtime":45,"_wandb":{"runtime":45},"EXP_104_N8_R5_E3_CLIENT_02_status":0,"_step":6,"_timestamp":1.7565738148222456e+09,"evaluate_accuracy":0.196,"evaluate_loss":2.058031737804413}