{"evaluate_loss":2.316372036933899,"EXP_107_N8_R4_E5_CLIENT_08_status":0,"train_loss":9.00520780435793,"_runtime":24,"_step":2,"_timestamp":1.7565752301800134e+09,"_wandb":{"runtime":24},"evaluate_accuracy":0.1}