{"_wandb":{"runtime":829},"evaluate_accuracy":0.4092,"evaluate_loss":1.5937380578107894,"train_loss":11.384792532348634,"_runtime":828.984439936,"_step":3,"_timestamp":1.7542091336984313e+09}