{"_step":0,"train_loss":6.159583413124085,"_wandb":{"runtime":10},"_runtime":10.957338949,"_timestamp":1.7564900769132771e+09}