{"evaluate_loss":2.302467664082845,"evaluate_accuracy":0.10257948410317937,"_runtime":34.845412689,"_step":1,"_timestamp":1.7541537370982454e+09,"_wandb":{"runtime":34},"train_loss":3.8471961507408454}