{"train_loss":11.281833923034121,"_timestamp":1.7545860318976164e+09,"_runtime":76.312252977,"_step":0,"_wandb":{"runtime":76}}