{"train_loss":3.447816349220276,"_runtime":208.774200948,"_step":3,"_timestamp":1.7492054468973114e+09,"_wandb":{"runtime":208},"evaluate_accuracy":0.3866,"evaluate_loss":1.658189053748064}