{"_step":2,"_timestamp":1.7565737361562955e+09,"_wandb":{"runtime":17},"train_loss":5.836359189574126,"EXP_104_N8_R5_E3_CLIENT_01_status":0,"_runtime":17,"evaluate_accuracy":0.1032,"evaluate_loss":2.3014403164386747}