{"evaluate_accuracy":0.3824,"evaluate_loss":1.6733790213548685,"train_loss":4.97699359887705,"_runtime":1720.263802903,"_step":6,"_timestamp":1.7542172976939604e+09,"_wandb":{"runtime":1720}}