{"_step":1,"evaluate_loss":2.362703039532616,"evaluate_accuracy":0.1095,"_timestamp":1.7571717310450785e+09,"_wandb":{"runtime":13},"train_loss":5.922738561630249,"_runtime":13}