{"EXP_085_N8_R4_E4_CLIENT_05_status":0,"_step":5,"train_loss":7.334556258408127,"_runtime":23,"_timestamp":1.7565471275948946e+09,"_wandb":{"runtime":23},"evaluate_accuracy":0.2088,"evaluate_loss":2.028503835201263}