{"_wandb":{"runtime":9},"EXP_101_N9_R4_E3_CLIENT_09_status":0,"evaluate_accuracy":0.24122412241224123,"evaluate_loss":2.0875670875821797,"train_loss":6.069376252538008,"_runtime":9,"_step":4,"_timestamp":1.7565724814766347e+09}