{"evaluate_loss":2.408364725112915,"train_loss":7.3416048607249165,"_runtime":149.128497588,"_step":2,"_timestamp":1.7571512735776103e+09,"_wandb":{"runtime":149},"evaluate_accuracy":0.0944}