{"_runtime":5.111922175362305e+06,"_step":15,"_timestamp":1.7478331148177886e+09,"_wandb":{"runtime":5111922},"evaluate_accuracy":0.3776,"evaluate_loss":1.6644175007373472,"train_loss":3.4961141797300344}