{"_wandb":{"runtime":20},"evaluate_accuracy":0.2685851318944844,"evaluate_loss":1.9155812484246713,"train_loss":5.37443634668986,"_runtime":20.077781462,"_step":2,"_timestamp":1.7564911385480428e+09}