{"train_loss":5.166835830688477,"_runtime":11.82659033,"_step":2,"_timestamp":1.7571718069109561e+09,"_wandb":{"runtime":11},"evaluate_accuracy":0.234,"evaluate_loss":1.968836025586204}