{"_wandb":{"runtime":25},"evaluate_accuracy":0.308,"_runtime":25,"_step":7,"evaluate_loss":1.807063701748848,"train_loss":6.956425388907172,"EXP_085_N8_R4_E4_CLIENT_07_status":0,"_timestamp":1.7565471675912046e+09}