{"evaluate_accuracy":0.4028,"evaluate_loss":1.5842302449141876,"train_loss":11.36576353760954,"_runtime":7558.410617436,"_step":7,"_timestamp":1.754220527454799e+09,"_wandb":{"runtime":7558}}