{"_timestamp":1.7541774861897042e+09,"_wandb":{"runtime":379948},"evaluate_accuracy":0.4164,"evaluate_loss":1.5424836255327057,"train_loss":7.8196058509448845,"_runtime":379948.180335071,"_step":13}