{"EXP_105_N8_R4_E4_CLIENT_03_status":0,"_timestamp":1.756574176228056e+09,"train_loss":7.692978248474704,"_step":0,"_wandb":{"runtime":25},"_runtime":25}