{"evaluate_loss":1.6465241984715537,"train_loss":5.701277230739594,"_runtime":32,"_step":5,"_timestamp":1.757171578747879e+09,"_wandb":{"runtime":32},"evaluate_accuracy":0.3775}