{"evaluate_accuracy":0.11217756448710257,"train_loss":3.739758946055131,"_runtime":30.570137987,"_step":1,"_timestamp":1.7541537358393447e+09,"_wandb":{"runtime":30},"evaluate_loss":2.3038712932949976}