{"train_loss":8.299449995824485,"EXP_086_N8_R4_E5_CLIENT_04_status":0,"_step":10,"_runtime":46,"_timestamp":1.75654759875846e+09,"_wandb":{"runtime":46},"evaluate_accuracy":0.3976,"evaluate_loss":1.6544726282358169}