{"_wandb":{"runtime":10},"train_loss":6.9180960759781955,"evaluate_loss":2.3693812140103043,"evaluate_accuracy":0.10231023102310231,"_runtime":10,"_step":1,"_timestamp":1.7564905556585782e+09}