{"train_loss":6.192963833808899,"_timestamp":1.7564830031360793e+09,"_step":0,"_wandb":{"runtime":278},"_runtime":278.802396922}