{"evaluate_accuracy":0.2338,"evaluate_loss":2.161131889956772,"train_loss":3.627882009124756,"_runtime":218.875229964,"_step":3,"_timestamp":1.7541296567360168e+09,"_wandb":{"runtime":218}}