{"_runtime":2569.634793696,"_step":5,"_timestamp":1.7541745934662006e+09,"_wandb":{"runtime":2569},"evaluate_accuracy":0.2615476904619076,"evaluate_loss":1.8671790968697026,"train_loss":9.075125990301798}