{"_runtime":7,"_wandb":{"runtime":7},"train_loss":3.9244612584448166,"_step":4,"_timestamp":1.7565484386266878e+09,"evaluate_accuracy":0.244,"evaluate_loss":1.9441334664821626,"EXP_087_N8_R4_E2_CLIENT_08_status":0}