{"_step":2,"_timestamp":1.7565499953302484e+09,"_wandb":{"runtime":6},"train_loss":4.117479604520615,"evaluate_loss":2.314787286520004,"evaluate_accuracy":0.0984,"EXP_088_N8_R4_E2_CLIENT_03_status":0,"_runtime":6}