{"_timestamp":1.7564906019792123e+09,"_wandb":{"runtime":11},"evaluate_accuracy":0.23322332233223322,"evaluate_loss":1.9332136203502785,"train_loss":6.9180960759781955,"_runtime":11,"_step":2}