{"_runtime":60,"_step":9,"_timestamp":1.756573866181445e+09,"train_loss":5.159842359791895,"_wandb":{"runtime":60},"evaluate_accuracy":0.324,"evaluate_loss":1.7937357276678083,"EXP_104_N8_R5_E3_CLIENT_02_status":0}