{"_wandb":{"runtime":444},"evaluate_accuracy":0.2224,"evaluate_loss":1.9424665064751347,"train_loss":12.380517359358816,"_runtime":444.318477325,"_step":3,"_timestamp":1.7542203576376777e+09}