{"train_loss":5.993786973953247,"_timestamp":1.7564900794098983e+09,"_wandb":{"runtime":12},"_runtime":12.092031814,"_step":0}