{"_runtime":902.802540898,"_step":5,"_wandb":{"runtime":902},"partition_id":1,"train_loss":3.504191340637207,"evaluate_loss":1.6636218075539655,"evaluate_accuracy":0.3666,"client_name":"EXP_001_Nunknown_R3_E2_CLIENT_01","_timestamp":1.7541483012388868e+09}