{"_step":7,"_timestamp":1.7565729922479851e+09,"_wandb":{"runtime":0},"evaluate_accuracy":0.341,"evaluate_loss":1.7111913487315178,"EXP_102_N10_R4_E3_CLIENT_08_status":0,"_runtime":0}