{"_step":0,"_wandb":{"runtime":15},"train_loss":3.8869181622704154,"_timestamp":1.7492140446422958e+09,"_runtime":15.389292941}