{"_step":2,"_timestamp":1.7541729999103236e+09,"_wandb":{"runtime":196},"evaluate_accuracy":0.0864,"evaluate_loss":2.5442535364175143,"train_loss":8.590282337734113,"_runtime":196.195221554}