{"EXP_090_N8_R4_E2_CLIENT_05_status":0,"_runtime":12,"_step":5,"_wandb":{"runtime":12},"_timestamp":1.7565509170795572e+09,"evaluate_accuracy":0.0952,"evaluate_loss":2.3040873646736144,"train_loss":3.853171251382038}