{"_runtime":35,"_timestamp":1.7571488703382938e+09,"EXP_109_N8_R5_E4_CLIENT_08_status":0,"_step":4,"_wandb":{"runtime":35},"evaluate_accuracy":0.172,"evaluate_loss":2.1427165031433106,"train_loss":7.231498508696344}