{"_wandb":{"runtime":1914},"evaluate_accuracy":0.2992,"evaluate_loss":1.78032402750812,"train_loss":11.83694526067557,"_runtime":1914.32859021,"_step":5,"_timestamp":1.7542204418431149e+09}