{"_wandb":{"runtime":6458},"evaluate_accuracy":0.3872,"evaluate_loss":1.642518695396713,"train_loss":8.33960803210164,"_runtime":6458.091598905,"_step":7,"_timestamp":1.7542191714309025e+09}