{"_timestamp":1.754214855214831e+09,"_wandb":{"runtime":1287},"evaluate_accuracy":0.22345530893821236,"evaluate_loss":1.9768848646254769,"train_loss":11.627257127984823,"_runtime":1287.960306781,"_step":4}