{"evaluate_accuracy":0.35,"evaluate_loss":1.6972532906109774,"train_loss":8.454410015965422,"_runtime":6338.193214282,"_step":7,"_timestamp":1.754177277495724e+09,"_wandb":{"runtime":6338}}