{"evaluate_loss":2.395413303375244,"train_loss":7.222359771941118,"_runtime":146.904384745,"_step":2,"_timestamp":1.7571512720615106e+09,"_wandb":{"runtime":146},"evaluate_accuracy":0.1}