{"evaluate_accuracy":0.08820882088208822,"evaluate_loss":2.316610642841884,"train_loss":6.1172211530397265,"_runtime":16.975293744,"_step":2,"_timestamp":1.7564897104274437e+09,"_wandb":{"runtime":16}}