{"_wandb":{"runtime":4451},"evaluate_accuracy":0.2932,"evaluate_loss":1.774168832392632,"train_loss":11.333606652558421,"_runtime":4451.950300198,"_step":6,"_timestamp":1.7542205096325483e+09}