{"_timestamp":1.7545862513750236e+09,"_wandb":{"runtime":1609},"evaluate_accuracy":0.14697060587882424,"evaluate_loss":2.214159808068905,"train_loss":11.425502324788765,"_runtime":1609.536916396,"_step":4}