{"_wandb":{"runtime":68},"evaluate_accuracy":0.1184,"evaluate_loss":2.2139151334762572,"train_loss":9.95535816736282,"_runtime":68,"_step":3,"_timestamp":1.757155465745453e+09}