{"_step":2,"_timestamp":1.7542179104105382e+09,"_wandb":{"runtime":167},"evaluate_accuracy":0.0952,"evaluate_loss":2.370415959177138,"train_loss":9.421946012935699,"_runtime":167.327224166}