{"_runtime":78,"_step":6,"_timestamp":1.7565758384425719e+09,"EXP_108_N8_R5_E5_CLIENT_02_status":0,"_wandb":{"runtime":78},"evaluate_accuracy":0.1536,"evaluate_loss":2.215088498592377,"train_loss":8.75543775224382}