{"evaluate_loss":2.221068816364936,"train_loss":7.466182524507696,"_runtime":248.484908152,"_step":3,"_timestamp":1.7563104887362611e+09,"_wandb":{"runtime":248},"evaluate_accuracy":0.14157168566286743}