{"_runtime":14,"_step":4,"_wandb":{"runtime":14},"evaluate_accuracy":0.2144,"train_loss":5.756051513799436,"_timestamp":1.756573785998746e+09,"evaluate_loss":2.030442330241203,"EXP_104_N8_R5_E3_CLIENT_06_status":0}