{"_runtime":2893.003360848,"_step":6,"_timestamp":1.7494670088700051e+09,"_wandb":{"runtime":2893},"evaluate_accuracy":0.3785242951409718,"evaluate_loss":1.6979224318549746,"train_loss":6.610727734131207}