{"_wandb":{"runtime":82},"evaluate_accuracy":0.09448110377924417,"evaluate_loss":2.3255111785162064,"train_loss":3.617097933801244,"_runtime":82.264793716,"_step":2,"_timestamp":1.7492140957108462e+09}