{"_timestamp":1.757149085948726e+09,"evaluate_loss":1.6524390697479248,"EXP_109_N8_R5_E4_CLIENT_02_status":0,"_step":10,"_wandb":{"runtime":106},"evaluate_accuracy":0.3784,"train_loss":7.000087054671755,"_runtime":106}