{"_runtime":44.077197042,"_step":0,"_wandb":{"runtime":44},"train_loss":11.203635625565013,"_timestamp":1.7545833160819938e+09}