{"_runtime":2815.989748893,"_step":5,"_timestamp":1.7541738524450872e+09,"_wandb":{"runtime":2816},"evaluate_accuracy":0.3445,"evaluate_loss":1.7259979910320706,"train_loss":8.801185129642487}