{"_wandb":{"runtime":26},"train_loss":7.4595577179385035,"_timestamp":1.7494668164468126e+09,"_runtime":26.920173117,"_step":0}