{"_timestamp":1.7541493671321359e+09,"_step":2,"evaluate_accuracy":0.1208,"partition_id":0,"train_loss":3.7702905048370363,"_runtime":144.315213765,"_wandb":{"runtime":144},"client_name":"EXP_002_Nunknown_R2_E2_CLIENT_01","evaluate_loss":2.273982207486584}