{"_timestamp":1.7563103831328173e+09,"_runtime":40.438158153,"_step":0,"_wandb":{"runtime":40},"train_loss":7.891447249782143}