{"EXP_083_N8_R4_E2_CLIENT_07_status":0,"_runtime":0,"_step":5,"_timestamp":1.756546515730432e+09,"_wandb":{"runtime":0},"evaluate_accuracy":0.3568,"evaluate_loss":1.6975521564483642}