{"_runtime":990.463040381,"_step":5,"_timestamp":1.7542166953269799e+09,"_wandb":{"runtime":990},"evaluate_accuracy":0.3384,"evaluate_loss":1.784212510797042,"train_loss":5.37898809155717}