{"_step":5,"_timestamp":1.7565500752712278e+09,"_wandb":{"runtime":0},"evaluate_accuracy":0.3176,"evaluate_loss":1.860553503036499,"EXP_088_N8_R4_E2_CLIENT_06_status":0,"_runtime":0}