{"EXP_086_N8_R4_E5_CLIENT_03_status":0,"_runtime":15,"_step":2,"_timestamp":1.7565474585437138e+09,"_wandb":{"runtime":15},"train_loss":10.07714464102581,"evaluate_loss":2.3824790358543395,"evaluate_accuracy":0.0984}