{"evaluate_accuracy":0.3556,"evaluate_loss":1.7160540019409567,"train_loss":8.550004927875896,"_runtime":1433.929444227,"_step":5,"_timestamp":1.7541765101005676e+09,"_wandb":{"runtime":1433}}