{"_step":3,"evaluate_loss":2.3020528078079225,"train_loss":7.501430215349623,"EXP_106_N8_R5_E4_CLIENT_04_status":0,"_runtime":45,"_timestamp":1.756574738156429e+09,"_wandb":{"runtime":45},"evaluate_accuracy":0.1128}