{"evaluate_loss":2.2128001272678377,"train_loss":9.297077587455702,"EXP_108_N8_R5_E5_CLIENT_05_status":0,"_step":5,"_wandb":{"runtime":35},"evaluate_accuracy":0.1616,"_runtime":35,"_timestamp":1.756575801904338e+09}