{"_step":10,"_timestamp":1.7542213748349783e+09,"_wandb":{"runtime":71169},"evaluate_accuracy":0.4172,"evaluate_loss":1.581533908843994,"train_loss":10.311922461080094,"_runtime":71169.104555687}