{"_step":3,"_timestamp":1.7565724776883385e+09,"_wandb":{"runtime":0},"evaluate_accuracy":0.22772277227722773,"evaluate_loss":2.09917117527553,"EXP_101_N9_R4_E3_CLIENT_06_status":0,"_runtime":0}