{"evaluate_loss":2.3432250885736376,"train_loss":7.201202494063252,"_runtime":153.91623677,"_step":2,"_timestamp":1.749216307404844e+09,"_wandb":{"runtime":153},"evaluate_accuracy":0.10287942411517696}