{"_wandb":{"runtime":489312},"evaluate_accuracy":0.46460707858428313,"evaluate_loss":1.4823649159499577,"train_loss":7.7059961514507265,"_runtime":489312.588329784,"_step":13,"_timestamp":1.7542138999489331e+09}