{"_wandb":{"runtime":8},"evaluate_accuracy":0.3609112709832134,"evaluate_loss":1.7261944744322035,"train_loss":6.148855244545709,"_runtime":8,"_step":3,"_timestamp":1.7564911528030782e+09}