{"_timestamp":1.7565758391939628e+09,"evaluate_accuracy":0.1584,"evaluate_loss":2.25387824177742,"_runtime":78,"_wandb":{"runtime":78},"train_loss":8.73364103068212,"EXP_108_N8_R5_E5_CLIENT_03_status":0,"_step":6}