{"evaluate_accuracy":0.1472,"evaluate_loss":2.2025679767131807,"train_loss":5.9507096451558885,"_runtime":9,"_step":2,"_timestamp":1.7564892802860355e+09,"_wandb":{"runtime":9}}