{"evaluate_accuracy":0.392,"evaluate_loss":1.637320452098605,"train_loss":8.408425407287792,"_runtime":6213.983244339,"_step":7,"_timestamp":1.7542191727724972e+09,"_wandb":{"runtime":6214}}