{"_timestamp":1.7542171319758286e+09,"_runtime":21.944120592,"_step":0,"_wandb":{"runtime":21},"train_loss":5.6500698899308714}