{"evaluate_loss":2.265864432997005,"train_loss":3.611091854476929,"_runtime":4.294967316919993e+09,"_step":34,"_timestamp":1.7479202876998584e+09,"_wandb":{"runtime":4294967316},"evaluate_accuracy":0.138}