{"train_loss":9.588805346731927,"_runtime":313,"_step":3,"_timestamp":1.757154263051719e+09,"_wandb":{"runtime":313},"evaluate_accuracy":0.2232,"evaluate_loss":1.9000384956598282}