{"train_loss":6.092822793942348,"EXP_104_N8_R5_E3_CLIENT_05_status":0,"_runtime":13,"_step":2,"_timestamp":1.7565737360036774e+09,"evaluate_loss":2.2953358829021453,"evaluate_accuracy":0.112,"_wandb":{"runtime":13}}