{"train_loss":5.058425127506256,"_runtime":56.235017661,"_step":6,"_timestamp":1.7571715639588354e+09,"_wandb":{"runtime":56},"evaluate_accuracy":0.3485,"evaluate_loss":1.737576789326138}