{"_step":4,"_timestamp":1.7494607666370456e+09,"_wandb":{"runtime":435},"evaluate_accuracy":0.2592,"evaluate_loss":1.9911589546568076,"train_loss":3.336270862197876,"_runtime":435.23019690900003}