{"EXP_085_N8_R4_E4_CLIENT_08_status":0,"_runtime":0,"_step":5,"_timestamp":1.7565471441808448e+09,"_wandb":{"runtime":0},"evaluate_accuracy":0.3264,"evaluate_loss":1.780209082365036}