{"evaluate_loss":2.281197491146269,"evaluate_accuracy":0.1187762447510498,"_timestamp":1.7565707293509045e+09,"_wandb":{"runtime":21},"train_loss":5.818847292618786,"EXP_097_N3_R4_E3_CLIENT_01_status":0,"_runtime":21,"_step":2}