{"train_loss":8.036539759605553,"_timestamp":1.756575952606054e+09,"evaluate_accuracy":0.372,"EXP_108_N8_R5_E5_CLIENT_08_status":0,"_runtime":91,"_step":11,"_wandb":{"runtime":91},"evaluate_loss":1.6980985790491103}