{"train_loss":3.3837164002928515,"_runtime":2806.443543455,"_step":7,"_timestamp":1.7494638405457816e+09,"_wandb":{"runtime":2806},"evaluate_accuracy":0.39652069586082783,"evaluate_loss":1.64264570190793}