{"evaluate_loss":1.4447476433802255,"train_loss":10.345765617327949,"_runtime":526788.017531198,"_step":13,"_timestamp":1.7542214785387974e+09,"_wandb":{"runtime":526788},"evaluate_accuracy":0.4644}