{"train_loss":5.612173816266532,"_timestamp":1.7542161365886583e+09,"_runtime":22.02745309,"_step":0,"_wandb":{"runtime":22}}