{"_step":0,"_wandb":{"runtime":0},"_runtime":0,"evaluate_loss":2.3467362225055695,"evaluate_accuracy":0.1064,"_timestamp":1.7564892409773898e+09}