{"evaluate_loss":2.3037606875101724,"evaluate_accuracy":0.08537438768369489,"_wandb":{"runtime":83},"train_loss":7.6955716057196675,"_runtime":83.658113716,"_step":1,"_timestamp":1.7563109213940208e+09}