{"evaluate_accuracy":0.2352,"evaluate_loss":1.919737207889557,"EXP_100_N8_R4_E3_CLIENT_05_status":0,"_runtime":10,"train_loss":5.2888280517736055,"_step":4,"_timestamp":1.7565720694697576e+09,"_wandb":{"runtime":10}}