{"_runtime":19,"_step":4,"_timestamp":1.7565461509423943e+09,"_wandb":{"runtime":19},"evaluate_accuracy":0.27894421115776846,"evaluate_loss":1.8114577644276169,"train_loss":8.31185640273482,"EXP_082_N6_R4_E5_CLIENT_05_status":0}