{"_timestamp":1.7564887984136305e+09,"_wandb":{"runtime":7},"evaluate_accuracy":0.08363309352517985,"evaluate_loss":2.3307549476623537,"_runtime":7.385802782,"train_loss":5.754683563177534,"_step":1}