{"evaluate_accuracy":0.45290941811637675,"evaluate_loss":1.5129122891516056,"EXP_082_N6_R4_E5_CLIENT_03_status":0,"_timestamp":1.7565462121852946e+09,"train_loss":8.209390067597896,"_runtime":52,"_step":10,"_wandb":{"runtime":52}}