{"_step":1,"_timestamp":1.7571542615672395e+09,"_wandb":{"runtime":0},"evaluate_accuracy":0.2128,"evaluate_loss":1.913047629594803,"_runtime":0}