{"train_loss":6.057835607771661,"_timestamp":1.7564892184654832e+09,"_wandb":{"runtime":10},"_runtime":10.174676853,"_step":0}