{"_timestamp":1.7542119722891288e+09,"_wandb":{"runtime":9423},"evaluate_accuracy":0.42861427714457107,"evaluate_loss":1.6021118697665986,"train_loss":4.747251775910814,"_runtime":9423.901282205,"_step":8}