{"evaluate_loss":2.363520073890686,"train_loss":9.215059345694863,"_runtime":315.196934453,"_step":2,"_timestamp":1.7571542423084264e+09,"_wandb":{"runtime":315},"evaluate_accuracy":0.1152}