{"_runtime":16,"_step":2,"evaluate_loss":2.3517329454422,"evaluate_accuracy":0.1008,"_timestamp":1.756551232730187e+09,"_wandb":{"runtime":16},"train_loss":9.321090512974248,"EXP_091_N8_R4_E5_CLIENT_03_status":0}