{"_step":3,"_timestamp":1.756309512258284e+09,"_wandb":{"runtime":232},"evaluate_accuracy":0.2584,"evaluate_loss":1.889618559728695,"train_loss":7.106984658363147,"_runtime":232.237839027}