{"_runtime":76.277009352,"_step":1,"_timestamp":1.7542189594113767e+09,"_wandb":{"runtime":76},"train_loss":9.502399790782135,"evaluate_loss":2.317274537267564,"evaluate_accuracy":0.1088}