{"_wandb":{"runtime":314},"evaluate_accuracy":0.10437912417516496,"evaluate_loss":2.6634015378497895,"train_loss":12.452175303614682,"_runtime":314.869652333,"_step":2,"_timestamp":1.7542154179951441e+09}