{"_runtime":26.081982317,"_step":1,"_timestamp":1.7541541176278222e+09,"evaluate_loss":2.3107223148587384,"evaluate_accuracy":0.1096,"_wandb":{"runtime":26},"train_loss":4.607686294153476}