{"_timestamp":1.7494644342917962e+09,"_wandb":{"runtime":105},"evaluate_accuracy":0.09448110377924417,"evaluate_loss":2.324157247089204,"train_loss":5.236037345813047,"_runtime":105.057596685,"_step":2}