{"train_loss":9.77936779654197,"_runtime":8798.697091728,"_step":7,"_timestamp":1.7545870459768023e+09,"_wandb":{"runtime":8798},"evaluate_accuracy":0.4367126574685063,"evaluate_loss":1.5521694669183694}