{"train_loss":3.515248951008566,"_runtime":662.336640555,"_step":5,"_timestamp":1.749463793177379e+09,"_wandb":{"runtime":662},"evaluate_accuracy":0.3587282543491302,"evaluate_loss":1.7150861036209832}