{"_step":6,"_timestamp":1.7541746753421412e+09,"_wandb":{"runtime":5203},"evaluate_accuracy":0.2615476904619076,"evaluate_loss":1.8671790968697024,"train_loss":8.74311969725139,"_runtime":5203.09585625}