{"_step":4,"_timestamp":1.756311109265902e+09,"_wandb":{"runtime":942},"evaluate_accuracy":0.2323303009097271,"evaluate_loss":2.0117531696955364,"train_loss":7.343143015600449,"_runtime":942.165474747}