{"_runtime":0,"_step":5,"_timestamp":1.7565509333219738e+09,"_wandb":{"runtime":0},"evaluate_accuracy":0.2592,"evaluate_loss":1.9705876260995865,"EXP_090_N8_R4_E2_CLIENT_08_status":0}