{"train_loss":7.888379914311175,"evaluate_loss":2.339686372612096,"evaluate_accuracy":0.0864,"_runtime":60.353133571,"_step":1,"_timestamp":1.7545821260577073e+09,"_wandb":{"runtime":60}}