{"_runtime":401.070078766,"_step":2,"_timestamp":1.7545867973975658e+09,"_wandb":{"runtime":401},"evaluate_accuracy":0.09658068386322737,"evaluate_loss":2.4228470055562146,"train_loss":10.672398340188716}