{"_runtime":14,"_step":3,"_timestamp":1.7564911515480168e+09,"_wandb":{"runtime":14},"evaluate_accuracy":0.381294964028777,"evaluate_loss":1.726097371843126,"train_loss":5.943643316768465}