{"evaluate_accuracy":0.29,"evaluate_loss":1.966721214825594,"train_loss":5.291891232085304,"_runtime":964.10408837,"_step":5,"_timestamp":1.7542162613508048e+09,"_wandb":{"runtime":964}}