{"evaluate_loss":2.384770792722702,"EXP_083_N8_R4_E2_CLIENT_01_status":0,"evaluate_accuracy":0.104,"train_loss":3.811387839590668,"_runtime":13,"_step":3,"_timestamp":1.7565464619572506e+09,"_wandb":{"runtime":13}}