{"_timestamp":1.75458691318925e+09,"_wandb":{"runtime":1696},"evaluate_accuracy":0.27174565086982605,"evaluate_loss":1.9209313640054664,"train_loss":9.99311556599357,"_runtime":1696.114657847,"_step":4}