{"_step":4,"_wandb":{"runtime":440},"train_loss":3.377792085647583,"evaluate_accuracy":0.301,"_runtime":440.15020725,"partition_id":1,"evaluate_loss":1.7991450045518815,"_timestamp":1.7541501879098015e+09,"client_name":"EXP_001_N2_R3_E2_CLIENT_02"}