{"evaluate_accuracy":0.4097180563887223,"evaluate_loss":1.6150760854993549,"train_loss":7.958015343268141,"_runtime":3639.929921726,"_step":6,"_timestamp":1.7541725075268214e+09,"_wandb":{"runtime":3639}}