{"_timestamp":1.7565729949234686e+09,"_wandb":{"runtime":11},"evaluate_accuracy":0.351,"evaluate_loss":1.7552625089883804,"train_loss":5.964358359336853,"EXP_102_N10_R4_E3_CLIENT_10_status":0,"_runtime":11,"_step":8}