{"_timestamp":1.7565454432511685e+09,"_wandb":{"runtime":37},"evaluate_loss":1.5659291811709135,"EXP_080_N6_R4_E3_CLIENT_03_status":0,"evaluate_accuracy":0.4337132573485303,"train_loss":4.793154378827109,"_runtime":37,"_step":10}