{"evaluate_accuracy":0.2568,"evaluate_loss":1.8955237537622451,"_runtime":32,"train_loss":8.464241939745131,"EXP_086_N8_R4_E5_CLIENT_06_status":0,"_step":5,"_timestamp":1.7565475364483695e+09,"_wandb":{"runtime":32}}