{"evaluate_accuracy":0.16376724655068986,"evaluate_loss":2.150621274732194,"train_loss":7.256884692958668,"_runtime":329.982393079,"_step":3,"_timestamp":1.754585358666024e+09,"_wandb":{"runtime":330}}