{"_timestamp":1.7541724487143395e+09,"_wandb":{"runtime":1752},"evaluate_accuracy":0.40491901619676063,"evaluate_loss":1.648325438726516,"train_loss":8.202231299677056,"_runtime":1752.260181218,"_step":5}