{"_wandb":{"runtime":236},"evaluate_accuracy":0.1092,"evaluate_loss":2.315560004379176,"train_loss":13.505090671225478,"_runtime":236.26465339,"_step":2,"_timestamp":1.754178039044033e+09}