{"evaluate_loss":1.5872613381428324,"evaluate_accuracy":0.4116,"_timestamp":1.7477471325190415e+09,"_runtime":2.726053885,"_step":0,"_wandb":{"runtime":4}}