{"_step":7,"_timestamp":1.7542130876887944e+09,"_wandb":{"runtime":7444},"evaluate_accuracy":0.3893221355728854,"evaluate_loss":1.6521316028776623,"train_loss":8.261174385496181,"_runtime":7444.627820713}