{"_timestamp":1.7565739089933379e+09,"evaluate_loss":1.6440632551908494,"EXP_104_N8_R5_E3_CLIENT_03_status":0,"_step":11,"_wandb":{"runtime":58},"evaluate_accuracy":0.3784,"train_loss":5.0445313408116625,"_runtime":58}