{"loss":1.7306345701217651,"epoch":1,"_wandb":{"runtime":27},"accuracy":0.28125,"_timestamp":1.7477429403684452e+09,"_runtime":26.022028224,"_step":1249}