{"evaluate_loss":2.2997263610363006,"train_loss":4.085547719791436,"_step":4,"_timestamp":1.756550895271262e+09,"EXP_090_N8_R4_E2_CLIENT_06_status":0,"_runtime":6,"_wandb":{"runtime":6},"evaluate_accuracy":0.1104}