{"_wandb":{"runtime":21},"train_loss":6.709130233260477,"EXP_106_N8_R5_E4_CLIENT_08_status":0,"_runtime":21,"_step":8,"_timestamp":1.7565748660085475e+09,"evaluate_accuracy":0.3864,"evaluate_loss":1.6357728600502015}