{"_runtime":28.234165507,"_step":1,"_timestamp":1.7541541183001213e+09,"_wandb":{"runtime":28},"train_loss":3.96214081380314,"evaluate_loss":2.309223974807353,"evaluate_accuracy":0.0952}