{"_runtime":1318.258955677,"_step":5,"_timestamp":1.7494660892861814e+09,"_wandb":{"runtime":1318},"evaluate_accuracy":0.3458308338332334,"evaluate_loss":1.7366840192249844,"train_loss":6.709959181664373}