{"EXP_088_N8_R4_E2_CLIENT_01_status":0,"_timestamp":1.756549980292828e+09,"train_loss":4.183286846822994,"_step":0,"_wandb":{"runtime":6},"_runtime":6}