{"_runtime":37718.907834448,"_step":10,"_timestamp":1.754212031700639e+09,"_wandb":{"runtime":37718},"evaluate_accuracy":0.4328134373125375,"evaluate_loss":1.5587056443804783,"train_loss":4.7094692237657325}