{"_runtime":9707.107490649,"_step":8,"_timestamp":1.7478321981389794e+09,"_wandb":{"runtime":9707},"evaluate_accuracy":0.108,"evaluate_loss":2.3106922656297684,"train_loss":4.14073668384552}