{"_step":5,"_timestamp":1.754131452509646e+09,"_wandb":{"runtime":1059},"evaluate_accuracy":0.3444,"evaluate_loss":1.7268179450065466,"train_loss":3.6370032335281377,"_runtime":1059.641538948}