{"_timestamp":1.756568371623195e+09,"train_loss":5.844081644245761,"_wandb":{"runtime":22},"_runtime":22,"_step":0,"EXP_093_N3_R3_E3_CLIENT_01_status":0}