{"train_loss":7.223846127273171,"_runtime":38,"_step":10,"_wandb":{"runtime":38},"evaluate_loss":1.7347973525524139,"EXP_085_N8_R4_E4_CLIENT_04_status":0,"_timestamp":1.7565471860885766e+09,"evaluate_accuracy":0.3368}