{"_runtime":8285.912415896,"_step":7,"_timestamp":1.7545870458189769e+09,"_wandb":{"runtime":8285},"evaluate_accuracy":0.40671865626874626,"evaluate_loss":1.6030654187472362,"train_loss":9.61519898238935}