{"_runtime":41121.016022373,"_step":8,"_timestamp":1.7478329525178125e+09,"_wandb":{"runtime":41121},"evaluate_accuracy":0.1096,"evaluate_loss":2.3260597367829914,"train_loss":3.9803554497587794}