{"train_loss":4.986727093906997,"_runtime":8972.148402428,"_step":8,"_timestamp":1.754211442106759e+09,"_wandb":{"runtime":8972},"evaluate_accuracy":0.3740251949610078,"evaluate_loss":1.6587686708995275}