{"evaluate_loss":1.7247348556035682,"train_loss":5.318631047257981,"_runtime":4005.988788066,"_step":7,"_timestamp":1.7542167484799578e+09,"_wandb":{"runtime":4006},"evaluate_accuracy":0.3612}