{"_step":6,"_timestamp":1.749462732232201e+09,"_wandb":{"runtime":3329},"evaluate_accuracy":0.3972,"evaluate_loss":1.6432664014731244,"train_loss":6.429187598609924,"_runtime":3329.166729917}