{"EXP_081_N6_R4_E4_CLIENT_05_status":0,"_timestamp":1.756545781924349e+09,"evaluate_accuracy":0.3209358128374325,"train_loss":7.254674273244502,"_runtime":27,"_step":7,"_wandb":{"runtime":27},"evaluate_loss":1.8301618301643516}