{"_step":1,"_timestamp":1.7494651473290896e+09,"_wandb":{"runtime":46},"train_loss":5.695895922555626,"_runtime":46.319915095,"evaluate_loss":2.312852107910883,"evaluate_accuracy":0.1235752849430114}