{"evaluate_accuracy":0.1877624475104979,"evaluate_loss":2.1178667365380055,"train_loss":7.311957823032397,"_runtime":1150.91999593,"_step":4,"_timestamp":1.7545848367169178e+09,"_wandb":{"runtime":1150}}