{"evaluate_loss":1.7738819867372513,"train_loss":5.460082283973694,"_runtime":31,"_step":5,"_timestamp":1.7564901822223027e+09,"_wandb":{"runtime":31},"evaluate_accuracy":0.327}