{"_timestamp":1.749215417033724e+09,"_wandb":{"runtime":122},"evaluate_accuracy":0.09988002399520096,"evaluate_loss":2.59608641124907,"train_loss":5.5499763517356895,"_runtime":122.925623157,"_step":2}