{"train_loss":6.1324133698348025,"_wandb":{"runtime":10},"_runtime":10,"_step":0,"EXP_100_N8_R4_E3_CLIENT_04_status":0,"_timestamp":1.7565719832963173e+09}