{"train_loss":3.708967646217346,"_timestamp":1.7492053787855642e+09,"_runtime":20.934709708,"_step":0,"_wandb":{"runtime":20}}