{"train_loss":8.128702814205766,"_runtime":5800.241586896,"_step":7,"_timestamp":1.7541765793295102e+09,"_wandb":{"runtime":5800},"evaluate_accuracy":0.3944,"evaluate_loss":1.6689077917533586}