{"_wandb":{"runtime":50},"evaluate_accuracy":0.08698260347930414,"evaluate_loss":2.6450945195697604,"train_loss":5.693313417388953,"_runtime":50.182449647,"_step":2,"_timestamp":1.7564633804407241e+09}