{"evaluate_accuracy":0.129874025194961,"_timestamp":1.7477458458957741e+09,"_wandb":{"runtime":3},"_runtime":2.203518765,"_step":0,"evaluate_loss":2.27804612886338}