{"EXP_097_N3_R4_E3_CLIENT_01_status":0,"_timestamp":1.7565707107623315e+09,"train_loss":5.818847292618786,"_wandb":{"runtime":20},"_runtime":20,"_step":0}