{"_timestamp":1.7541541660206444e+09,"_wandb":{"runtime":160},"evaluate_accuracy":0.2432,"evaluate_loss":1.9659688684004772,"train_loss":3.869675753596492,"_runtime":160.314425524,"_step":3}