{"_step":8,"_timestamp":1.756572127386347e+09,"evaluate_accuracy":0.384,"evaluate_loss":1.643483605980873,"EXP_100_N8_R4_E3_CLIENT_05_status":0,"_runtime":10,"_wandb":{"runtime":10},"train_loss":5.2888280517736055}