{"EXP_084_N8_R4_E3_CLIENT_01_status":0,"_runtime":19,"_timestamp":1.756546770158694e+09,"_wandb":{"runtime":19},"evaluate_accuracy":0.092,"evaluate_loss":2.3032293200492857,"train_loss":6.913539488604115,"_step":5}