{"_step":2,"_timestamp":1.756572435909446e+09,"evaluate_loss":2.310726751599993,"evaluate_accuracy":0.08992805755395683,"_wandb":{"runtime":7},"train_loss":6.03371604312238,"EXP_101_N9_R4_E3_CLIENT_01_status":0,"_runtime":7}