{"_step":5,"_timestamp":1.7565468090938334e+09,"_wandb":{"runtime":0},"evaluate_accuracy":0.1008,"evaluate_loss":2.303033357858658,"EXP_084_N8_R4_E3_CLIENT_05_status":0,"_runtime":0}