{"evaluate_accuracy":0.46040791841631673,"evaluate_loss":1.5109947420301892,"train_loss":4.640932632293061,"_runtime":301806.289510118,"_step":13,"_timestamp":1.7542121086410186e+09,"_wandb":{"runtime":301806}}