{"train_loss":4.943619156074524,"_runtime":1293.135469484,"_step":5,"_timestamp":1.7542068474814434e+09,"_wandb":{"runtime":1293},"evaluate_accuracy":0.394,"evaluate_loss":1.587715426068397}