{"evaluate_loss":2.0475892052054405,"train_loss":5.845536262512207,"_runtime":9,"_step":2,"_timestamp":1.7564901410081723e+09,"_wandb":{"runtime":9},"evaluate_accuracy":0.217}