{"evaluate_accuracy":0.35,"evaluate_loss":1.7388605251908302,"train_loss":6.919084934234619,"_runtime":9,"_step":3,"_timestamp":1.7564901822220085e+09,"_wandb":{"runtime":9}}