{"_step":4,"_timestamp":1.7545834652738442e+09,"_wandb":{"runtime":939},"evaluate_accuracy":0.2816,"evaluate_loss":1.9077750112436995,"train_loss":10.234469077076774,"_runtime":939.052126238}