{"_step":3,"_timestamp":1.7564888170432904e+09,"_wandb":{"runtime":17},"evaluate_accuracy":0.16097122302158273,"evaluate_loss":2.1934782232557026,"train_loss":6.108487936232588,"_runtime":17}