{"evaluate_loss":1.6587686708995275,"train_loss":5.065263000323618,"_runtime":4474.395697294,"_step":7,"_timestamp":1.7542114041871665e+09,"_wandb":{"runtime":4474},"evaluate_accuracy":0.3740251949610078}