{"evaluate_loss":1.803585335612297,"train_loss":7.364934684364659,"_runtime":36,"_wandb":{"runtime":36},"evaluate_accuracy":0.3272,"EXP_085_N8_R4_E4_CLIENT_01_status":0,"_step":8,"_timestamp":1.7565471430139892e+09}