{"_step":16,"_timestamp":1.7478330012953138e+09,"_wandb":{"runtime":2493000},"evaluate_accuracy":0.1064,"evaluate_loss":2.304585239555262,"train_loss":3.8637272881242795,"_runtime":2.493000997918252e+06}