{"_timestamp":1.7494612997080846e+09,"_wandb":{"runtime":306},"evaluate_accuracy":0.3444,"evaluate_loss":1.8353298431748797,"train_loss":5.162665850067139,"_runtime":306.773928547,"_step":3}