{"_runtime":701.026729304,"_step":4,"_timestamp":1.7492159352415621e+09,"_wandb":{"runtime":701},"evaluate_accuracy":0.28524295140971806,"evaluate_loss":1.8441167899540492,"train_loss":6.704385822053721}