{"_timestamp":1.7565475513939683e+09,"evaluate_loss":1.7121872186660767,"EXP_086_N8_R4_E5_CLIENT_01_status":0,"_step":7,"_wandb":{"runtime":32},"evaluate_accuracy":0.3592,"train_loss":9.076362856634104,"_runtime":32}