{"evaluate_loss":2.6358483824760293,"evaluate_accuracy":0.1072,"_wandb":{"runtime":100},"train_loss":9.180667684555054,"_runtime":100.906852974,"_step":1,"_timestamp":1.7542082994044392e+09}