{"_wandb":{"runtime":101},"train_loss":7.57813496966111,"_runtime":101.752493467,"_step":1,"_timestamp":1.7545852692516935e+09,"evaluate_loss":2.316407855951561,"evaluate_accuracy":0.10197960407918416}