{"_wandb":{"runtime":13},"evaluate_accuracy":0.092,"evaluate_loss":2.3082576632499694,"train_loss":4.60666973271947,"EXP_090_N8_R4_E2_CLIENT_01_status":0,"_runtime":13,"_step":5,"_timestamp":1.7565508967948756e+09}