{"train_loss":5.315452638289911,"_runtime":50,"_step":3,"_timestamp":1.7564633980262864e+09,"_wandb":{"runtime":50},"evaluate_accuracy":0.22825434913017398,"evaluate_loss":2.0308700413930985}