{"evaluate_loss":2.0681494599296935,"train_loss":3.466404317380141,"_runtime":349.035448116,"_step":4,"_timestamp":1.7492141439146836e+09,"_wandb":{"runtime":349},"evaluate_accuracy":0.17306538692261547}