{"_wandb":{"runtime":111},"train_loss":9.187126507186887,"evaluate_loss":2.745653225358125,"evaluate_accuracy":0.1112,"_runtime":111.005255489,"_step":1,"_timestamp":1.754207747351328e+09}