{"evaluate_accuracy":0.239,"evaluate_loss":1.9647254273295403,"train_loss":3.9715907964706423,"_runtime":5075.625147834,"_step":5,"_timestamp":1.7478323683017738e+09,"_wandb":{"runtime":5075}}