{"_runtime":28,"_wandb":{"runtime":28},"_step":6,"_timestamp":1.7565720687156322e+09,"evaluate_accuracy":0.2792,"evaluate_loss":1.8871191948652268,"train_loss":5.386438616521799,"EXP_100_N8_R4_E3_CLIENT_01_status":0}