{"_runtime":16,"_timestamp":1.7565512808093507e+09,"_wandb":{"runtime":16},"train_loss":9.47400486013692,"_step":4,"evaluate_accuracy":0.2304,"evaluate_loss":2.0186850130558014,"EXP_091_N8_R4_E5_CLIENT_06_status":0}