{"_timestamp":1.7492031118444839e+09,"_wandb":{"runtime":216},"evaluate_accuracy":0.3342,"evaluate_loss":1.8000778544480633,"train_loss":3.6694729921340943,"_runtime":216.879296893,"_step":3}