{"_timestamp":1.754582106577852e+09,"_runtime":26.075456065,"_step":0,"_wandb":{"runtime":26},"train_loss":9.216347416368917}