{"_timestamp":1.7478336066756022e+09,"_wandb":{"runtime":42114758},"evaluate_accuracy":0.11397720455908818,"evaluate_loss":2.3068432671683174,"train_loss":3.67198984885959,"_runtime":4.2114758434146725e+07,"_step":18}