{"_step":3,"_timestamp":1.7542135335083635e+09,"_wandb":{"runtime":404},"evaluate_accuracy":0.249250149970006,"evaluate_loss":2.018254088220142,"train_loss":8.93963126112803,"_runtime":404.65201102}