{"_timestamp":1.756568369789842e+09,"train_loss":5.74473359058801,"_step":0,"EXP_093_N3_R3_E3_CLIENT_02_status":0,"_wandb":{"runtime":20},"_runtime":20}