{"_wandb":{"runtime":37},"_runtime":37.282193776,"_step":0,"train_loss":9.74898764585993,"_timestamp":1.7571553569744833e+09}