{"EXP_078_N6_R3_E2_CLIENT_05_status":0,"_runtime":2,"_step":5,"_timestamp":1.7565438859036179e+09,"_wandb":{"runtime":2},"evaluate_accuracy":0.2861427714457109,"evaluate_loss":1.8788767895608578}