{"_runtime":50.564685662,"_step":1,"_timestamp":1.7542112328594563e+09,"_wandb":{"runtime":50},"train_loss":6.9119978648581375,"evaluate_loss":2.439816897256034,"evaluate_accuracy":0.10287942411517696}