{"_wandb":{"runtime":7},"_runtime":7,"EXP_089_N8_R4_E2_CLIENT_03_status":0,"_timestamp":1.7565506187743485e+09,"train_loss":4.087488020301625,"_step":0}