{"_wandb":{"runtime":329011},"evaluate_accuracy":0.2064,"evaluate_loss":1.9437536725515052,"train_loss":3.82050453969084,"_runtime":329010.184661571,"_step":11,"_timestamp":1.7478330173461087e+09}