{"_step":3,"_wandb":{"runtime":18},"evaluate_accuracy":0.1152,"_runtime":18,"_timestamp":1.75657202727513e+09,"evaluate_loss":2.2956182777881624,"train_loss":5.681512710395133,"EXP_100_N8_R4_E3_CLIENT_01_status":0}