{"_step":0,"train_loss":5.689118540830178,"_wandb":{"runtime":20},"_timestamp":1.7494651285505798e+09,"_runtime":20.220985935}