{"evaluate_loss":1.8395702254097417,"EXP_082_N6_R4_E5_CLIENT_02_status":0,"_runtime":36,"_step":5,"train_loss":8.802209263212943,"_timestamp":1.75654611773237e+09,"_wandb":{"runtime":36},"evaluate_accuracy":0.28674265146970607}