{"_wandb":{"runtime":13},"_timestamp":1.7565734481162553e+09,"evaluate_accuracy":0.2672,"evaluate_loss":1.95365871489048,"train_loss":6.140363232345338,"EXP_103_N8_R4_E3_CLIENT_02_status":0,"_runtime":13,"_step":6}