{"_timestamp":1.7542167840338016e+09,"_wandb":{"runtime":6649},"evaluate_accuracy":0.3652,"evaluate_loss":1.7083206584181967,"train_loss":5.167573170159191,"_runtime":6649.002033593,"_step":8}