{"_timestamp":1.756545444576475e+09,"evaluate_loss":1.5426371389964841,"_wandb":{"runtime":44},"evaluate_accuracy":0.4433113377324535,"train_loss":4.819520215668747,"EXP_080_N6_R4_E3_CLIENT_02_status":0,"_runtime":44,"_step":11}