{"_timestamp":1.7542117405344284e+09,"_runtime":27.995998712,"_step":0,"train_loss":5.6238581425280305,"_wandb":{"runtime":27}}