{"evaluate_loss":1.8427375805605748,"_timestamp":1.7541493851439111e+09,"partition_id":0,"_runtime":291.041409183,"_step":3,"client_name":"EXP_002_Nunknown_R2_E2_CLIENT_01","_wandb":{"runtime":291},"evaluate_accuracy":0.3006,"train_loss":3.770290504837036}