{"train_loss":7.709822827084049,"_wandb":{"runtime":74},"_runtime":74,"_step":0,"EXP_110_N8_R5_E4_CLIENT_01_status":0,"_timestamp":1.7571494615801957e+09}