{"evaluate_accuracy":0.46430713857228556,"evaluate_loss":1.5234954739516635,"EXP_082_N6_R4_E5_CLIENT_06_status":0,"_runtime":0,"_step":7,"_timestamp":1.756546211984844e+09,"_wandb":{"runtime":0}}