{"EXP_085_N8_R4_E4_CLIENT_04_status":0,"_runtime":38,"_step":8,"evaluate_accuracy":0.3056,"train_loss":7.223846127273171,"_timestamp":1.7565471436025581e+09,"_wandb":{"runtime":38},"evaluate_loss":1.8203159332275392}