{"evaluate_accuracy":0.14607078584283142,"evaluate_loss":2.124314670335679,"train_loss":7.2036866424180905,"_runtime":296.29189392,"_step":3,"_timestamp":1.7494669013859258e+09,"_wandb":{"runtime":296}}