{"_runtime":35,"_step":9,"evaluate_accuracy":0.3832,"evaluate_loss":1.6735291630029678,"_timestamp":1.7565759110749931e+09,"_wandb":{"runtime":35},"train_loss":9.297077587455702,"EXP_108_N8_R5_E5_CLIENT_05_status":0}