{"train_loss":5.6510329246521,"_runtime":14,"_step":2,"_timestamp":1.756491101208277e+09,"_wandb":{"runtime":14},"evaluate_accuracy":0.27697841726618705,"evaluate_loss":1.8937205208672419}