{"evaluate_accuracy":0.3255395683453237,"evaluate_loss":1.7536090101514543,"train_loss":5.754683563177534,"_runtime":7,"_step":3,"_timestamp":1.7564888557789447e+09,"_wandb":{"runtime":7}}