{"_timestamp":1.7563095523177342e+09,"_wandb":{"runtime":539},"evaluate_accuracy":0.2664,"evaluate_loss":1.8790404193009005,"train_loss":6.856836217660874,"_runtime":539.052943575,"_step":4}