{"_timestamp":1.754173813223191e+09,"_wandb":{"runtime":960},"evaluate_accuracy":0.212,"evaluate_loss":2.005590380184234,"train_loss":8.746311787128448,"_runtime":960.973771424,"_step":4}