{"_runtime":86,"_step":13,"_timestamp":1.7565749219033241e+09,"_wandb":{"runtime":86},"evaluate_loss":1.5896056443452835,"train_loss":6.442012797495362,"evaluate_accuracy":0.4176,"EXP_106_N8_R5_E4_CLIENT_05_status":0}