{"train_loss":5.688469817312502,"_runtime":112.150471478,"_step":2,"_timestamp":1.74921497708679e+09,"_wandb":{"runtime":112},"evaluate_accuracy":0.10857828434313135,"evaluate_loss":2.3715975307282946}