{"_timestamp":1.757155371577142e+09,"_wandb":{"runtime":37},"train_loss":9.74898764585993,"_runtime":37,"evaluate_accuracy":0.092,"evaluate_loss":2.5035918951034546,"_step":1}