{"evaluate_accuracy":0.45350929814037194,"evaluate_loss":1.482753855273837,"train_loss":7.7059961514507265,"_runtime":244655.337989515,"_step":12,"_timestamp":1.7542138768876734e+09,"_wandb":{"runtime":244655}}