{"_step":0,"_wandb":{"runtime":30},"train_loss":5.614748453330994,"_timestamp":1.7494612245542474e+09,"_runtime":30.004671619}