{"_timestamp":1.7494621670711396e+09,"_wandb":{"runtime":818},"evaluate_accuracy":0.2176,"evaluate_loss":1.9852808516496303,"train_loss":6.720140354728699,"_runtime":818.273678845,"_step":4}