{"_timestamp":1.7542124850709553e+09,"_wandb":{"runtime":207},"evaluate_accuracy":0.09478104379124176,"evaluate_loss":2.3288055874052502,"train_loss":8.451673175791184,"_runtime":207.979201104,"_step":2}