{"_timestamp":1.747923074949181e+09,"_wandb":{"runtime":4294967298},"evaluate_accuracy":0.09628074385122976,"evaluate_loss":2.4638358910878497,"train_loss":3.874860200664694,"_runtime":4.294967298355382e+09,"_step":49}