{"_wandb":{"runtime":15},"evaluate_accuracy":0.16046790641871625,"evaluate_loss":2.253209665843418,"EXP_092_N3_R3_E2_CLIENT_03_status":0,"_runtime":15,"_step":2,"_timestamp":1.7565681689930508e+09,"train_loss":3.8383955669631775}