{"train_loss":6.96260078329789,"EXP_081_N6_R4_E4_CLIENT_03_status":0,"_step":10,"_timestamp":1.756545828202577e+09,"evaluate_accuracy":0.3695260947810438,"evaluate_loss":1.7089913746096053,"_runtime":47,"_wandb":{"runtime":47}}