{"evaluate_accuracy":0.0976,"_step":1,"EXP_091_N8_R4_E5_CLIENT_05_status":0,"_timestamp":1.7565512349889362e+09,"_wandb":{"runtime":0},"_runtime":0,"evaluate_loss":2.3848374485969543}