{"_runtime":624.087606749,"_step":4,"_timestamp":1.7494669497660217e+09,"_wandb":{"runtime":624},"evaluate_accuracy":0.14607078584283142,"evaluate_loss":2.124314670335679,"train_loss":6.8560003531064915}