{"_step":1,"_timestamp":1.7564901417183294e+09,"_wandb":{"runtime":0},"evaluate_accuracy":0.204,"evaluate_loss":2.030223123729229,"_runtime":0}