{"_timestamp":1.7542157898974435e+09,"_wandb":{"runtime":84629},"evaluate_accuracy":0.4232153569286143,"evaluate_loss":1.574312026160104,"train_loss":10.31378066068073,"_runtime":84629.071906505,"_step":10}