{"_wandb":{"runtime":14},"_runtime":14.122409394,"_step":0,"train_loss":3.9352631666105715,"_timestamp":1.7492140319513528e+09}