{"_wandb":{"runtime":2443},"evaluate_accuracy":0.258,"evaluate_loss":1.9194060548951355,"train_loss":7.147316606280903,"_runtime":2443.973421959,"_step":6,"_timestamp":1.7545822932444463e+09}