{"_wandb":{"runtime":766},"evaluate_accuracy":0.14697060587882424,"evaluate_loss":2.214159808068905,"train_loss":12.788106127218766,"_runtime":766.749339045,"_step":3,"_timestamp":1.754586157197598e+09}