{"train_loss":7.398411513517459,"_runtime":150.073597693,"_step":2,"_timestamp":1.7545826981312196e+09,"_wandb":{"runtime":150},"evaluate_accuracy":0.0936,"evaluate_loss":2.387211630616007}