{"_timestamp":1.7565753651836483e+09,"evaluate_accuracy":0.412,"_runtime":70,"_wandb":{"runtime":70},"evaluate_loss":1.5813611418008804,"train_loss":8.194086907775539,"EXP_107_N8_R4_E5_CLIENT_05_status":0,"_step":10}