{"_wandb":{"runtime":14},"_runtime":14,"_step":0,"EXP_106_N8_R5_E4_CLIENT_02_status":0,"_timestamp":1.756574673544779e+09,"train_loss":7.9200558032199835}