{"_runtime":20500.110263326,"_step":9,"_timestamp":1.7545829055845706e+09,"_wandb":{"runtime":20500},"evaluate_accuracy":0.42,"evaluate_loss":1.5844402690477009,"train_loss":6.433968507443754}