{"evaluate_loss":2.25641753077507,"_runtime":13,"_wandb":{"runtime":13},"evaluate_accuracy":0.14,"train_loss":3.907353762608425,"EXP_087_N8_R4_E2_CLIENT_03_status":0,"_step":3,"_timestamp":1.7565484231509695e+09}