{"_runtime":169.070131613,"_step":2,"_timestamp":1.756309068754658e+09,"_wandb":{"runtime":169},"evaluate_accuracy":0.1172765446910618,"evaluate_loss":2.553301629566011,"train_loss":7.050469093471408}