{"evaluate_accuracy":0.24265146970605878,"evaluate_loss":1.9332148892538887,"train_loss":5.4176719811894625,"_runtime":276.618644609,"_step":3,"_timestamp":1.7542112868835511e+09,"_wandb":{"runtime":276}}