{"evaluate_loss":1.6952227612209927,"train_loss":3.5310144578933715,"_runtime":210.733546401,"_step":3,"_timestamp":1.7492056708045635e+09,"_wandb":{"runtime":210},"evaluate_accuracy":0.365}