{"_timestamp":1.7571557944395623e+09,"_wandb":{"runtime":180},"evaluate_accuracy":0.3824,"evaluate_loss":1.5766479909420013,"train_loss":8.102980918185725,"_runtime":180,"_step":8}