{"_timestamp":1.7492158063076026e+09,"_runtime":31.208754469,"_step":0,"_wandb":{"runtime":31},"train_loss":7.607992046456829}