{"_runtime":0,"_step":3,"_timestamp":1.7565467693614595e+09,"_wandb":{"runtime":0},"evaluate_accuracy":0.1,"evaluate_loss":2.3026640892028807,"EXP_084_N8_R4_E3_CLIENT_05_status":0}