{"_step":1,"_timestamp":1.7571522244790847e+09,"_wandb":{"runtime":101},"train_loss":8.040886138654818,"evaluate_loss":2.3291984617710115,"evaluate_accuracy":0.084,"_runtime":101}