{"_runtime":13806.348683914,"_step":8,"_timestamp":1.7542137343593466e+09,"_wandb":{"runtime":13806},"evaluate_accuracy":0.42651469706058787,"evaluate_loss":1.5776213396163214,"train_loss":7.731256334044093}