{"evaluate_accuracy":0.3272,"evaluate_loss":1.7425230650962154,"train_loss":11.794695098940938,"_runtime":2028.137159612,"_step":5,"_timestamp":1.754221140527852e+09,"_wandb":{"runtime":2028}}