{"_wandb":{"runtime":2070},"evaluate_accuracy":0.3028,"evaluate_loss":1.804804134972488,"train_loss":12.038822273476818,"_runtime":2070.064304761,"_step":5,"_timestamp":1.7542211415965278e+09}