{"_runtime":44.834128891,"evaluate_accuracy":0.1136,"evaluate_loss":2.3672744149615053,"_step":1,"_timestamp":1.7541296004801486e+09,"_wandb":{"runtime":44},"train_loss":3.750605313682556}