{"evaluate_accuracy":0.09718056388722256,"_timestamp":1.7545860497466667e+09,"_wandb":{"runtime":92},"train_loss":11.989257505065517,"_runtime":92.098193031,"_step":1,"evaluate_loss":2.3188032654096498}