{"_runtime":345.124190454,"_step":4,"_timestamp":1.7494637758636484e+09,"_wandb":{"runtime":345},"evaluate_accuracy":0.22975404919016196,"evaluate_loss":2.008303968111674,"train_loss":3.5983397903488124}