{"train_loss":8.380530268239518,"_runtime":3300.249168607,"_step":6,"_timestamp":1.7542191533611834e+09,"_wandb":{"runtime":3300},"evaluate_accuracy":0.3568,"evaluate_loss":1.7205699033375028}