{"evaluate_accuracy":0.36472705458908217,"evaluate_loss":1.6195254910666987,"EXP_082_N6_R4_E5_CLIENT_06_status":0,"_runtime":0,"_step":5,"_timestamp":1.7565461666880634e+09,"_wandb":{"runtime":0}}