{"_wandb":{"runtime":250},"evaluate_accuracy":0.1096,"evaluate_loss":2.379435569617399,"train_loss":8.928189433479309,"_runtime":250.205519891,"_step":2,"_timestamp":1.7542074069958766e+09}