{"train_loss":3.8351638461374176,"EXP_083_N8_R4_E2_CLIENT_02_status":0,"_runtime":10,"_timestamp":1.756546479464808e+09,"_wandb":{"runtime":10},"evaluate_accuracy":0.2512,"evaluate_loss":1.951457741856575,"_step":5}