{"epoch":1,"accuracy":0.375,"_timestamp":1.7458613106347735e+09,"_wandb":{"runtime":27},"_runtime":26.846058286,"_step":1249,"loss":1.9031336307525635}