{"_runtime":603.969374985,"_step":4,"_timestamp":1.754582225725362e+09,"_wandb":{"runtime":603},"evaluate_accuracy":0.1532,"evaluate_loss":2.279007036474687,"train_loss":7.434437225040155}