{"_step":7,"_timestamp":1.7542191740563614e+09,"_wandb":{"runtime":5892},"evaluate_accuracy":0.3956,"evaluate_loss":1.6257016190999671,"train_loss":8.342845966259892,"_runtime":5892.028606643}