{"_step":4,"_wandb":{"runtime":22},"train_loss":5.217826791804471,"EXP_096_N3_R4_E3_CLIENT_03_status":0,"_runtime":22,"_timestamp":1.7565704229145014e+09,"evaluate_accuracy":0.364127174565087,"evaluate_loss":1.716241863795689}