{"evaluate_loss":2.2778625351608177,"train_loss":3.639644038772583,"_runtime":882.858585489,"_step":5,"_timestamp":1.7541529938117387e+09,"_wandb":{"runtime":882},"evaluate_accuracy":0.1494}