{"_wandb":{"runtime":138652},"evaluate_accuracy":0.4349130173965207,"evaluate_loss":1.5358344648244246,"train_loss":6.323009611031655,"_runtime":138652.063297248,"_step":11,"_timestamp":1.754585691564005e+09}