{"_step":2,"_timestamp":1.7541541481004713e+09,"_wandb":{"runtime":75},"evaluate_accuracy":0.096,"evaluate_loss":2.3127837120732173,"train_loss":3.861817498557484,"_runtime":75.027260424}