{"_step":2,"_timestamp":1.7565474581542466e+09,"_wandb":{"runtime":13},"train_loss":9.201154064220988,"evaluate_loss":2.370461869239807,"evaluate_accuracy":0.096,"EXP_086_N8_R4_E5_CLIENT_02_status":0,"_runtime":13}