{"_timestamp":1.756572123566298e+09,"_wandb":{"runtime":26},"evaluate_accuracy":0.42,"evaluate_loss":1.6265892297029496,"EXP_100_N8_R4_E3_CLIENT_02_status":0,"_step":10,"train_loss":5.051893270699082,"_runtime":26}