{"_step":5,"_timestamp":1.7542191032578447e+09,"_wandb":{"runtime":1536},"evaluate_accuracy":0.3448,"evaluate_loss":1.7400689155240603,"train_loss":8.824169096855309,"_runtime":1536.200705689}