{"_runtime":309,"_wandb":{"runtime":309},"evaluate_loss":1.6009431153535842,"train_loss":6.622179035927839,"_step":11,"_timestamp":1.7571498236663156e+09,"evaluate_accuracy":0.4088,"EXP_110_N8_R5_E4_CLIENT_03_status":0}