{"_runtime":0,"EXP_102_N10_R4_E3_CLIENT_06_status":0,"_timestamp":1.7565728635243192e+09,"evaluate_loss":2.3071797862648964,"evaluate_accuracy":0.102,"_step":1,"_wandb":{"runtime":0}}