{"evaluate_loss":2.354325246207322,"train_loss":12.414946815076346,"_runtime":226.318948603,"_step":2,"_timestamp":1.7542203355418253e+09,"_wandb":{"runtime":226},"evaluate_accuracy":0.1016}