{"_wandb":{"runtime":86},"evaluate_accuracy":0.2816,"evaluate_loss":1.8420474588871003,"train_loss":7.234587581294357,"_runtime":86.319348777,"_step":5,"_timestamp":1.7571523901499567e+09}