{"_timestamp":1.7542202570506933e+09,"_runtime":53.077809967,"_step":0,"_wandb":{"runtime":53},"train_loss":12.902226189835766}