{"_step":1,"_timestamp":1.7563098996869988e+09,"_wandb":{"runtime":56},"train_loss":7.511968739032746,"evaluate_loss":2.285517643368433,"evaluate_accuracy":0.123,"_runtime":56.139415081}