{"_step":4,"_timestamp":1.7541724320940335e+09,"_wandb":{"runtime":854},"evaluate_accuracy":0.18056388722255548,"evaluate_loss":2.158266278675624,"train_loss":8.343141017200278,"_runtime":854.173248209}