{"_step":3,"_timestamp":1.7565461030491197e+09,"_wandb":{"runtime":35},"evaluate_loss":2.283103110655299,"train_loss":8.802209263212943,"evaluate_accuracy":0.12837432513497302,"EXP_082_N6_R4_E5_CLIENT_02_status":0,"_runtime":35}