{"train_loss":8.464882383331323,"_runtime":6578.385743315,"_step":7,"_timestamp":1.7541772765363781e+09,"_wandb":{"runtime":6578},"evaluate_accuracy":0.3628,"evaluate_loss":1.6858151985120169}