{"evaluate_accuracy":0.3328,"evaluate_loss":1.7695884823799133,"EXP_083_N8_R4_E2_CLIENT_06_status":0,"_runtime":0,"_step":5,"_timestamp":1.7565465166909094e+09,"_wandb":{"runtime":0}}