{"train_loss":5.718933304403998,"_runtime":11,"_step":3,"_timestamp":1.756489319598394e+09,"_wandb":{"runtime":11},"evaluate_accuracy":0.2808,"evaluate_loss":1.8788547337055206}