{"train_loss":5.564352454041406,"EXP_096_N3_R4_E3_CLIENT_01_status":0,"_runtime":21,"_step":2,"_timestamp":1.7565703685891824e+09,"_wandb":{"runtime":21},"evaluate_loss":2.38382617632548,"evaluate_accuracy":0.10167966406718656}