{"evaluate_accuracy":0.104,"evaluate_loss":2.343290721313863,"_timestamp":1.7545839128519676e+09,"_wandb":{"runtime":88},"train_loss":13.825238199660571,"_runtime":88.417072071,"_step":1}