{"_step":5,"_wandb":{"runtime":43},"evaluate_accuracy":0.1912,"train_loss":7.174327662795972,"_runtime":43,"_timestamp":1.7565742875315673e+09,"evaluate_loss":2.010361546278,"EXP_105_N8_R4_E4_CLIENT_08_status":0}