{"evaluate_loss":1.591759591732385,"train_loss":4.819520215668747,"_runtime":44,"_step":9,"_timestamp":1.7565454259325693e+09,"_wandb":{"runtime":44},"EXP_080_N6_R4_E3_CLIENT_02_status":0,"evaluate_accuracy":0.40671865626874626}