{"_runtime":53,"_step":7,"_wandb":{"runtime":53},"train_loss":8.42443698075167,"_timestamp":1.7565753059490006e+09,"evaluate_accuracy":0.3536,"evaluate_loss":1.6845316886901855,"EXP_107_N8_R4_E5_CLIENT_03_status":0}