{"train_loss":4.820879360182966,"_runtime":3576.311432571,"_step":7,"_timestamp":1.74946531793853e+09,"_wandb":{"runtime":3576},"evaluate_accuracy":0.4334133173365327,"evaluate_loss":1.542398332414173}