{"evaluate_accuracy":0.3636,"evaluate_loss":1.713766964377871,"train_loss":3.529676817893982,"_runtime":288.961137433,"_step":3,"_timestamp":1.7541534643337514e+09,"_wandb":{"runtime":289}}