{"_wandb":{"runtime":21},"evaluate_accuracy":0.10377924415116976,"evaluate_loss":2.390802122297741,"EXP_096_N3_R4_E3_CLIENT_03_status":0,"train_loss":5.217826791804471,"_runtime":21,"_step":2,"_timestamp":1.7565704070147965e+09}