{"_wandb":{"runtime":16},"evaluate_accuracy":0.3104,"evaluate_loss":1.791235026717186,"_timestamp":1.7565758523386893e+09,"train_loss":8.843240652874018,"EXP_108_N8_R5_E5_CLIENT_06_status":0,"_runtime":16,"_step":6}