{"_step":2,"_timestamp":1.7541717799347239e+09,"_wandb":{"runtime":282},"evaluate_accuracy":0.1018,"evaluate_loss":2.3109935575230107,"train_loss":8.487863032722473,"_runtime":282.99676131}