{"_step":6,"_timestamp":1.7545863622284188e+09,"_wandb":{"runtime":6516},"evaluate_accuracy":0.235752849430114,"evaluate_loss":1.9335765118868848,"train_loss":11.03514605161676,"_runtime":6516.172005333}