{"evaluate_accuracy":0.2615476904619076,"evaluate_loss":1.883612007465003,"train_loss":6.8971275513252,"_runtime":4672.971654857,"_step":6,"_timestamp":1.7545849821469526e+09,"_wandb":{"runtime":4672}}