{"train_loss":5.80152276063421,"_step":0,"EXP_103_N8_R4_E3_CLIENT_01_status":0,"_timestamp":1.756573322554158e+09,"_wandb":{"runtime":10},"_runtime":10}