{"train_loss":4.68169016160965,"_runtime":49817.241892032,"_step":10,"_timestamp":1.7542070508042777e+09,"_wandb":{"runtime":49817},"evaluate_accuracy":0.431,"evaluate_loss":1.5562206650995145}