{"_runtime":24.982713462,"_step":0,"_wandb":{"runtime":24},"train_loss":7.48730567735605,"_timestamp":1.7563138629425406e+09}