{"_step":4,"_timestamp":1.756568184981331e+09,"_wandb":{"runtime":16},"evaluate_accuracy":0.29634073185362925,"evaluate_loss":1.8693441266105288,"train_loss":3.993640780734787,"EXP_092_N3_R3_E2_CLIENT_01_status":0,"_runtime":16}