{"_step":4,"_wandb":{"runtime":725},"evaluate_accuracy":0.3702,"_runtime":725.176183042,"train_loss":5.1201117879867555,"_timestamp":1.7541509932541256e+09,"client_name":"EXP_003_N2_R3_E3_CLIENT_01","evaluate_loss":1.7227785549346049,"partition_id":0}