{"evaluate_accuracy":0.1,"EXP_084_N8_R4_E3_CLIENT_04_status":0,"_runtime":9,"_step":2,"_timestamp":1.7565467205265603e+09,"_wandb":{"runtime":9},"train_loss":5.943427842134123,"evaluate_loss":2.361729657649994}