{"_timestamp":1.7542153367079923e+09,"_runtime":65.217135627,"_wandb":{"runtime":65},"_step":0,"train_loss":12.389371927979466}