{"_runtime":45,"_step":5,"_timestamp":1.756574757807373e+09,"_wandb":{"runtime":45},"train_loss":7.737202084747849,"EXP_106_N8_R5_E4_CLIENT_05_status":0,"evaluate_accuracy":0.2384,"evaluate_loss":1.97438203394413}