{"evaluate_loss":2.67758233433678,"train_loss":12.352538555931988,"_runtime":294.94688489,"_step":2,"_timestamp":1.754215418351162e+09,"_wandb":{"runtime":294},"evaluate_accuracy":0.10047990401919615}