{"train_loss":6.204219352631342,"_timestamp":1.756480602236713e+09,"_step":0,"_wandb":{"runtime":285},"_runtime":285.476373778}