{"train_loss":3.9422437982559204,"_timestamp":1.7541293367138908e+09,"_runtime":25.172586976,"_wandb":{"runtime":25},"_step":0}