{"_step":1,"_timestamp":1.754205860458549e+09,"_wandb":{"runtime":60},"evaluate_loss":2.2309105942963035,"evaluate_accuracy":0.159,"train_loss":5.619812943458557,"_runtime":60.86658413}