{"evaluate_loss":1.675692466240895,"train_loss":8.417588429709975,"_runtime":6348.344295217,"_step":7,"_timestamp":1.7542185405057776e+09,"_wandb":{"runtime":6348},"evaluate_accuracy":0.3788}