{"evaluate_accuracy":0.3975,"evaluate_loss":1.623888617470151,"train_loss":8.487961091041566,"_runtime":42,"_step":5,"_timestamp":1.7571722381264024e+09,"_wandb":{"runtime":42}}