{"_runtime":26.228060346,"train_loss":7.654076069023959,"_step":1,"_timestamp":1.7571522668637462e+09,"_wandb":{"runtime":26},"evaluate_accuracy":0.0944,"evaluate_loss":2.3163268089294435}