{"_timestamp":1.756464031185106e+09,"_step":0,"train_loss":6.913404744012015,"_wandb":{"runtime":295},"_runtime":295.519925636}