{"_step":1,"_timestamp":1.7563104001683376e+09,"_wandb":{"runtime":78},"train_loss":8.172712259885797,"evaluate_loss":2.3739039088195226,"evaluate_accuracy":0.10137972405518897,"_runtime":78.164205706}