{"train_loss":5.663924418318386,"evaluate_loss":2.341678513756281,"evaluate_accuracy":0.0968,"_runtime":21,"_step":1,"_timestamp":1.7564824031365123e+09,"_wandb":{"runtime":21}}