{"_timestamp":1.7478323676168025e+09,"_wandb":{"runtime":5130},"evaluate_accuracy":0.229,"evaluate_loss":1.9589917585253716,"train_loss":3.954230767250061,"_runtime":5129.520136401,"_step":5}