{"evaluate_loss":1.6710633191333455,"train_loss":7.723587648391724,"_runtime":4826.934945773,"_step":6,"_timestamp":1.7541719544845252e+09,"_wandb":{"runtime":4826},"evaluate_accuracy":0.3798}