{"_timestamp":1.7565752292447188e+09,"_wandb":{"runtime":23},"evaluate_accuracy":0.0984,"evaluate_loss":2.3282885432243345,"train_loss":9.049669716768204,"EXP_107_N8_R4_E5_CLIENT_07_status":0,"_runtime":23,"_step":2}