{"_step":0,"_wandb":{"runtime":45},"train_loss":9.569404321994508,"_timestamp":1.754174374966008e+09,"_runtime":45.966009964}