{"_runtime":101,"_step":13,"_wandb":{"runtime":101},"evaluate_loss":1.5870695650577544,"train_loss":8.055619359016418,"_timestamp":1.7565759673496876e+09,"evaluate_accuracy":0.4,"EXP_108_N8_R5_E5_CLIENT_04_status":0}