{"_timestamp":1.7565738308148334e+09,"evaluate_loss":1.8181509017944335,"EXP_104_N8_R5_E3_CLIENT_08_status":0,"_runtime":21,"_step":7,"_wandb":{"runtime":21},"evaluate_accuracy":0.3,"train_loss":5.4010272010876115}