{"train_loss":7.586336867065187,"_runtime":26,"_step":5,"_timestamp":1.7565471005864418e+09,"evaluate_accuracy":0.2032,"evaluate_loss":2.0246641278266906,"EXP_085_N8_R4_E4_CLIENT_04_status":0,"_wandb":{"runtime":26}}