{"_timestamp":1.756491077913823e+09,"_wandb":{"runtime":24},"evaluate_accuracy":0.07673860911270983,"evaluate_loss":2.4086655687402794,"train_loss":5.611156360308329,"_runtime":24.464277161,"_step":2}