{"_runtime":8864.361135414,"_step":7,"_timestamp":1.7542212239784658e+09,"_wandb":{"runtime":8864},"evaluate_accuracy":0.4004,"evaluate_loss":1.6208941695056385,"train_loss":11.180207864164164}