{"train_loss":10.814008670173388,"_runtime":40204.600463492,"_step":9,"_timestamp":1.7542157158956432e+09,"_wandb":{"runtime":40204},"evaluate_accuracy":0.4304139172165567,"evaluate_loss":1.5209998982293265}