{"_runtime":56.156970835,"_step":0,"_wandb":{"runtime":56},"train_loss":9.216205725829568,"_timestamp":1.7545846682601326e+09}