{"_timestamp":1.7541763430580723e+09,"_runtime":34.183130149,"_step":0,"_wandb":{"runtime":34},"train_loss":9.256377139411414}