{"evaluate_loss":1.6845902606939813,"train_loss":5.1736347215652465,"_runtime":1236.705386822,"_step":5,"_timestamp":1.7494617344861355e+09,"_wandb":{"runtime":1236},"evaluate_accuracy":0.3658}