{"train_loss":5.0557305903951075,"EXP_100_N8_R4_E3_CLIENT_06_status":0,"_step":7,"evaluate_loss":1.7138487219810483,"_runtime":20,"_timestamp":1.7565721074958193e+09,"_wandb":{"runtime":20},"evaluate_accuracy":0.3872}