{"_step":4,"_timestamp":1.7541756588772206e+09,"_wandb":{"runtime":826},"evaluate_accuracy":0.1832,"evaluate_loss":2.091957172261009,"train_loss":8.668659174023345,"_runtime":826.311808682}