{"_wandb":{"runtime":92},"evaluate_accuracy":0.4008,"train_loss":8.036539759605553,"_runtime":92,"_step":13,"evaluate_loss":1.6101417183876037,"EXP_108_N8_R5_E5_CLIENT_08_status":0,"_timestamp":1.7565759680449405e+09}