{"evaluate_loss":2.350569009780884,"evaluate_accuracy":0.1008,"_step":1,"_wandb":{"runtime":0},"_runtime":0,"EXP_083_N8_R4_E2_CLIENT_05_status":0,"_timestamp":1.7565464410086e+09}