{"_runtime":347.97808898,"_step":4,"_timestamp":1.7492141425618858e+09,"_wandb":{"runtime":347},"evaluate_accuracy":0.17816436712657469,"evaluate_loss":2.05078934941973,"train_loss":3.492435200037144}