{"evaluate_accuracy":0.3604,"evaluate_loss":1.6815068691591673,"train_loss":8.205656036401328,"_runtime":11459.180954991,"_step":8,"_timestamp":1.754177328520642e+09,"_wandb":{"runtime":11459}}