{"_runtime":101780.093142524,"_step":11,"_timestamp":1.7541774152817805e+09,"_wandb":{"runtime":101780},"evaluate_accuracy":0.4016,"evaluate_loss":1.6025205322458773,"train_loss":7.926973275483226}