{"_step":3,"_timestamp":1.7565508958555646e+09,"_wandb":{"runtime":0},"evaluate_accuracy":0.108,"evaluate_loss":2.3058340787887572,"EXP_090_N8_R4_E2_CLIENT_08_status":0,"_runtime":0}