{"EXP_108_N8_R5_E5_CLIENT_06_status":0,"_timestamp":1.7565758864897282e+09,"_wandb":{"runtime":33},"evaluate_accuracy":0.3104,"evaluate_loss":1.791235026717186,"train_loss":8.488339109785239,"_runtime":33,"_step":7}