{"evaluate_loss":1.6357728600502015,"train_loss":6.475380053186113,"_runtime":42,"_step":9,"_timestamp":1.7565749046410282e+09,"_wandb":{"runtime":42},"evaluate_accuracy":0.3864,"EXP_106_N8_R5_E4_CLIENT_08_status":0}