{"_step":8,"_timestamp":1.754215051419303e+09,"_wandb":{"runtime":20932},"evaluate_accuracy":0.41871625674865026,"evaluate_loss":1.5659018414361137,"train_loss":10.875944686450547,"_runtime":20932.226650417}