{"_runtime":1043.364894736,"_step":4,"_timestamp":1.7541718558368948e+09,"_wandb":{"runtime":1043},"evaluate_accuracy":0.2476,"evaluate_loss":1.918823457827234,"train_loss":8.048661750984191}