{"_runtime":20.050365973,"_step":1,"_timestamp":1.7571721157868342e+09,"train_loss":8.886468593597412,"_wandb":{"runtime":20},"evaluate_accuracy":0.1185,"evaluate_loss":2.3704495732746427}