{"_timestamp":1.7565450781548016e+09,"train_loss":3.6095431660921378,"EXP_079_N6_R4_E2_CLIENT_01_status":0,"_runtime":15,"_wandb":{"runtime":15},"evaluate_accuracy":0.23155368926214756,"evaluate_loss":2.0145508838149735,"_step":5}