{"_timestamp":1.756575728608182e+09,"_wandb":{"runtime":31},"_runtime":31,"train_loss":9.548569122697138,"_step":0,"EXP_108_N8_R5_E5_CLIENT_02_status":0}