{"train_loss":3.2829734041213987,"_runtime":4.294967298870944e+09,"_step":41,"_timestamp":1.7479204653844993e+09,"_wandb":{"runtime":4294967298},"evaluate_accuracy":0.4086,"evaluate_loss":1.5810337674086261}