{"_wandb":{"runtime":5138},"evaluate_accuracy":0.4152,"evaluate_loss":1.5823236175730258,"train_loss":6.560290816873788,"_runtime":5138.275660627,"_step":7,"_timestamp":1.754582840239798e+09}