{"accuracy":0.625,"_timestamp":1.7458608719579253e+09,"_runtime":34.42571354,"_step":1874,"loss":1.098233938217163,"epoch":2,"_wandb":{"runtime":35}}