{"EXP_100_N8_R4_E3_CLIENT_02_status":0,"_runtime":9,"_step":2,"_timestamp":1.7565719971250033e+09,"_wandb":{"runtime":9},"train_loss":6.221889181501546,"evaluate_loss":2.2964899837970734,"evaluate_accuracy":0.0992}