{"_step":4,"_wandb":{"runtime":10},"evaluate_loss":2.0285038352012634,"train_loss":7.771279794395349,"_runtime":10,"_timestamp":1.756547100221117e+09,"evaluate_accuracy":0.2088,"EXP_085_N8_R4_E4_CLIENT_05_status":0}