{"_step":0,"_wandb":{"runtime":8},"evaluate_loss":1.8342687822523571,"evaluate_accuracy":0.27624475104979,"_timestamp":1.74774515605841e+09,"_runtime":7.540580679}