{"_runtime":9,"_step":0,"EXP_101_N9_R4_E3_CLIENT_03_status":0,"_timestamp":1.756572420954441e+09,"train_loss":6.912038195905068,"_wandb":{"runtime":9}}