{"_step":7,"_timestamp":1.7545850024867718e+09,"_wandb":{"runtime":9301},"evaluate_accuracy":0.3797240551889622,"evaluate_loss":1.7029141772468135,"train_loss":7.052323057891079,"_runtime":9301.869525752}