{"_wandb":{"runtime":1},"evaluate_accuracy":0.23095380923815237,"evaluate_loss":1.984954980184447,"EXP_078_N6_R3_E2_CLIENT_05_status":0,"_runtime":1,"_step":3,"_timestamp":1.7565438484482613e+09}