{"_runtime":76.753934191,"_step":5,"_timestamp":1.7478306339822845e+09,"_wandb":{"runtime":77},"evaluate_accuracy":0.3898,"evaluate_loss":1.6314594145793064,"train_loss":3.3370457010269163}