{"train_loss":3.6128945525284784,"_timestamp":1.756550971030807e+09,"evaluate_loss":1.7926290184259415,"EXP_090_N8_R4_E2_CLIENT_07_status":0,"_runtime":19,"_step":10,"_wandb":{"runtime":19},"evaluate_accuracy":0.3528}