{"_timestamp":1.7564824506975918e+09,"_wandb":{"runtime":42},"evaluate_accuracy":0.1412,"evaluate_loss":2.270697365833234,"train_loss":5.506549207547221,"_runtime":42,"_step":3}