{"_runtime":7,"_step":2,"_timestamp":1.7565438068676302e+09,"_wandb":{"runtime":7},"train_loss":4.153477751467216,"evaluate_loss":2.3312075363015228,"evaluate_accuracy":0.10437912417516497,"EXP_078_N6_R3_E2_CLIENT_03_status":0}