{"train_loss":8.125845187029261,"_step":9,"evaluate_accuracy":0.3688,"evaluate_loss":1.6659356504678726,"EXP_108_N8_R5_E5_CLIENT_07_status":0,"_runtime":48,"_timestamp":1.7565759516294997e+09,"_wandb":{"runtime":48}}