{"_timestamp":1.7564901230457942e+09,"_wandb":{"runtime":9},"evaluate_accuracy":0.099,"train_loss":5.802380800247192,"evaluate_loss":2.316851243376732,"_runtime":9.229286317,"_step":1}