{"_timestamp":1.756572124252811e+09,"_wandb":{"runtime":0},"evaluate_accuracy":0.4136,"evaluate_loss":1.6177361011505127,"EXP_100_N8_R4_E3_CLIENT_08_status":0,"_runtime":0,"_step":7}