{"_runtime":43,"_timestamp":1.7565739293652256e+09,"_wandb":{"runtime":43},"_step":12,"evaluate_accuracy":0.3888,"evaluate_loss":1.618179726600647,"train_loss":5.1092658703494225,"EXP_104_N8_R5_E3_CLIENT_06_status":0}