{"_runtime":9,"EXP_100_N8_R4_E3_CLIENT_01_status":0,"_timestamp":1.7565719809674196e+09,"train_loss":5.813011711570108,"_step":0,"_wandb":{"runtime":9}}