{"evaluate_loss":1.7832561507821083,"train_loss":5.845536262512207,"_runtime":9,"_step":3,"_timestamp":1.7564901835745318e+09,"_wandb":{"runtime":9},"evaluate_accuracy":0.358}