{"evaluate_accuracy":0.1134,"_runtime":42.83780406,"_step":1,"_timestamp":1.749203466051572e+09,"_wandb":{"runtime":42},"train_loss":3.645862237548828,"evaluate_loss":2.4016161769818347}