{"evaluate_loss":1.519284693400065,"train_loss":4.743573685915922,"_runtime":74618.422608849,"_step":11,"_timestamp":1.7542120529108267e+09,"_wandb":{"runtime":74618},"evaluate_accuracy":0.4379124175164967}