{"_timestamp":1.756574921110288e+09,"_wandb":{"runtime":71},"evaluate_accuracy":0.4152,"train_loss":6.753150182924453,"_step":13,"evaluate_loss":1.6072854399681091,"EXP_106_N8_R5_E4_CLIENT_02_status":0,"_runtime":71}