{"_step":2,"_timestamp":1.7545821679183927e+09,"_wandb":{"runtime":136},"evaluate_accuracy":0.1024,"evaluate_loss":2.3321978683713116,"train_loss":7.71249761215795,"_runtime":136.229373373}