{"evaluate_loss":2.176595550775528,"train_loss":5.678015524414694,"_runtime":19.261689866,"_step":3,"_timestamp":1.7564893025315921e+09,"_wandb":{"runtime":19},"evaluate_accuracy":0.1464}