{"evaluate_accuracy":0.10137972405518897,"_runtime":88.193226887,"_step":1,"_timestamp":1.754172299155761e+09,"_wandb":{"runtime":88},"train_loss":9.473505073885836,"evaluate_loss":2.3253930795760382}