{"evaluate_accuracy":0.452,"evaluate_loss":1.4902540249160574,"train_loss":4.749014782067686,"_runtime":56362.190789373,"_step":11,"_timestamp":1.7542174251260374e+09,"_wandb":{"runtime":56362}}