{"evaluate_accuracy":0.144,"evaluate_loss":2.1838482856750487,"_runtime":10.02936882,"_step":2,"_timestamp":1.756489303436546e+09,"_wandb":{"runtime":10},"train_loss":5.718933304403998}