{"_runtime":36.240640005,"_step":0,"_wandb":{"runtime":36},"train_loss":9.362110532510776,"_timestamp":1.7542183117692947e+09}