{"evaluate_accuracy":0.10077984403119376,"_wandb":{"runtime":13},"train_loss":7.977476462222743,"EXP_081_N6_R4_E4_CLIENT_03_status":0,"_runtime":13,"_step":2,"_timestamp":1.7565456888559968e+09,"evaluate_loss":2.3805398986024677}