{"evaluate_loss":2.176991954303923,"train_loss":5.216239715937516,"_runtime":512.96482266,"_step":4,"_timestamp":1.7492154684318411e+09,"_wandb":{"runtime":512},"evaluate_accuracy":0.1757648470305939}