{"_wandb":{"runtime":3547},"evaluate_accuracy":0.2633473305338932,"evaluate_loss":1.88941786424169,"train_loss":11.036844530174037,"_runtime":3547.967524302,"_step":6,"_timestamp":1.7545863287016265e+09}