{"train_loss":13.046461816412954,"_timestamp":1.7541787528609304e+09,"_runtime":47.280414396,"_step":0,"_wandb":{"runtime":47}}