{"_step":12,"_timestamp":1.7542071145005088e+09,"_wandb":{"runtime":199304},"evaluate_accuracy":0.4338,"evaluate_loss":1.525187761920273,"train_loss":4.650857099533081,"_runtime":199304.126261804}