{"_step":9,"_timestamp":1.7542186086808443e+09,"_wandb":{"runtime":25468},"evaluate_accuracy":0.4084,"evaluate_loss":1.5873667394058615,"train_loss":8.115405990673711,"_runtime":25468.417384274}