{"evaluate_accuracy":0.1,"evaluate_loss":2.30702193081379,"train_loss":4.1657144689559935,"_runtime":611.068961038,"_step":2,"_timestamp":1.747832198328873e+09,"_wandb":{"runtime":611}}