{"evaluate_accuracy":0.3176,"train_loss":7.138384228299378,"_timestamp":1.7571489375902987e+09,"_wandb":{"runtime":61},"evaluate_loss":1.8475222736597061,"EXP_109_N8_R5_E4_CLIENT_08_status":0,"_runtime":61,"_step":7}