{"evaluate_loss":1.7091125741837516,"_runtime":24.056257114,"_step":3,"_timestamp":1.7571722206272964e+09,"_wandb":{"runtime":24},"train_loss":8.294882019519806,"evaluate_accuracy":0.369}