{"_runtime":18,"_step":2,"evaluate_loss":2.639295393228531,"evaluate_accuracy":0.1008,"_timestamp":1.756575742577021e+09,"_wandb":{"runtime":18},"train_loss":9.7630053348602,"EXP_108_N8_R5_E5_CLIENT_01_status":0}