{"_timestamp":1.7565711363711905e+09,"train_loss":5.2350334622227725,"_wandb":{"runtime":15},"evaluate_accuracy":0.1932,"evaluate_loss":2.214460982552058,"EXP_098_N4_R4_E3_CLIENT_04_status":0,"_runtime":15,"_step":2}