{"evaluate_accuracy":0.4338,"evaluate_loss":1.525187761920273,"train_loss":4.68169016160965,"_runtime":99636.934229631,"_step":11,"_timestamp":1.75420706794519e+09,"_wandb":{"runtime":99636}}