{"train_loss":9.11016976491116,"_runtime":1310.928579941,"_step":4,"_timestamp":1.754174577578761e+09,"_wandb":{"runtime":1310},"evaluate_accuracy":0.1895620875824835,"evaluate_loss":2.057130455970764}