{"_wandb":{"runtime":1358},"evaluate_accuracy":0.39802039592081584,"evaluate_loss":1.6426541180837722,"train_loss":3.316596032618333,"_runtime":1358.131722601,"_step":6,"_timestamp":1.7492146232183106e+09}