{"train_loss":7.676194986719994,"_timestamp":1.7571511209607859e+09,"_step":0,"_wandb":{"runtime":31},"_runtime":31.503927474}