{"_runtime":16,"train_loss":9.321090512974248,"_step":0,"EXP_091_N8_R4_E5_CLIENT_03_status":0,"_timestamp":1.756551214913142e+09,"_wandb":{"runtime":16}}