{"_runtime":194.06025397,"_step":3,"_timestamp":1.7542166389837203e+09,"_wandb":{"runtime":194},"evaluate_accuracy":0.1904,"evaluate_loss":2.084383176851876,"train_loss":5.64533440259318}