{"_runtime":33,"_step":7,"_wandb":{"runtime":33},"evaluate_accuracy":0.3152,"evaluate_loss":1.8139114499092102,"EXP_104_N8_R5_E3_CLIENT_01_status":0,"_timestamp":1.7565738334821913e+09,"train_loss":5.321012329144083}