{"evaluate_loss":1.850423743453207,"train_loss":13.133600871402995,"_runtime":7594.069438778,"_step":7,"_timestamp":1.7541782374042842e+09,"_wandb":{"runtime":7594},"evaluate_accuracy":0.2876}