{"_wandb":{"runtime":29},"train_loss":7.888379914311175,"_timestamp":1.7545821094266486e+09,"_runtime":29.138153087,"_step":0}