{"_timestamp":1.7565484026539423e+09,"evaluate_loss":2.2741190969944,"evaluate_accuracy":0.1424,"_step":1,"_wandb":{"runtime":0},"_runtime":0,"EXP_087_N8_R4_E2_CLIENT_08_status":0}