{"evaluate_accuracy":0.18001800180018002,"evaluate_loss":2.168864856447492,"train_loss":5.653042542848656,"_runtime":18.08603317,"_step":3,"_timestamp":1.7564897744264393e+09,"_wandb":{"runtime":18}}