{"train_loss":7.442883804798126,"_runtime":1013.78062005,"_step":5,"_timestamp":1.7563100334273784e+09,"_wandb":{"runtime":1013},"evaluate_accuracy":0.3225,"evaluate_loss":1.8152975487330603}