{"train_loss":5.606807494906785,"_wandb":{"runtime":26},"_runtime":26.2163352,"_timestamp":1.7564633190205874e+09,"_step":0}