{"_runtime":500.903248427,"_step":4,"_timestamp":1.7494644884036627e+09,"_wandb":{"runtime":500},"evaluate_accuracy":0.2147570485902819,"evaluate_loss":2.1441118001937864,"train_loss":5.083465952953275}