{"_wandb":{"runtime":1},"evaluate_accuracy":0.144,"evaluate_loss":2.1838482856750487,"_runtime":1,"_step":1,"_timestamp":1.7564892800244505e+09}