{"evaluate_loss":2.3088973820209504,"evaluate_accuracy":0.108,"EXP_090_N8_R4_E2_CLIENT_03_status":0,"_runtime":6,"_step":2,"_timestamp":1.756550857970288e+09,"_wandb":{"runtime":6},"train_loss":3.975834915592413}