{"evaluate_accuracy":0.212,"evaluate_loss":2.086742510871282,"train_loss":5.535883045196533,"_runtime":24,"_step":3,"_timestamp":1.7571714888416543e+09,"_wandb":{"runtime":24}}