{"_wandb":{"runtime":30},"train_loss":5.507965596008301,"client_name":"EXP_004_N2_R4_E3_CLIENT_02","partition_id":1,"_timestamp":1.7541512339490664e+09,"_runtime":30.067932811,"_step":0}