{"evaluate_loss":2.0967438492593886,"train_loss":9.295720614183445,"_runtime":408.492946948,"_step":3,"_timestamp":1.7541764378522909e+09,"_wandb":{"runtime":408},"evaluate_accuracy":0.1576}