{"train_loss":7.122195076313522,"_timestamp":1.7492162448189723e+09,"_runtime":29.189071567,"_step":0,"_wandb":{"runtime":29}}