{"train_loss":6.913293698501587,"_timestamp":1.7541299284323957e+09,"_wandb":{"runtime":30},"_runtime":30.901238207,"_step":0}