{"EXP_080_N6_R4_E3_CLIENT_04_status":0,"_step":5,"_timestamp":1.756545384040298e+09,"train_loss":4.971401510056126,"_runtime":25,"_wandb":{"runtime":25},"evaluate_accuracy":0.28674265146970607,"evaluate_loss":1.8738537959332735}