{"evaluate_accuracy":0.105,"_step":1,"_timestamp":1.7478320736107647e+09,"_wandb":{"runtime":247},"train_loss":4.618813274383545,"_runtime":247.316689274,"evaluate_loss":2.308479107916355}