{"evaluate_loss":2.4557433431110685,"train_loss":8.652284638404847,"_runtime":46.236248896,"_step":2,"_timestamp":1.7571724405053818e+09,"_wandb":{"runtime":46},"evaluate_accuracy":0.0905}