{"accuracy":0.25,"_timestamp":1.7477429987579706e+09,"_runtime":27.541434294,"_step":1249,"loss":1.5687724351882935,"epoch":1,"_wandb":{"runtime":28}}