{"_timestamp":1.75421712766847e+09,"_runtime":19.439397661,"_step":0,"_wandb":{"runtime":19},"train_loss":5.7132852610688625}