{"_timestamp":1.7477465623930805e+09,"_runtime":2.145428378,"_step":0,"_wandb":{"runtime":3},"evaluate_loss":2.350327609834217,"evaluate_accuracy":0.10437912417516497}