{"_timestamp":1.7479204484015481e+09,"_wandb":{"runtime":4294967317},"evaluate_accuracy":0.3826,"evaluate_loss":1.64170826924075,"train_loss":3.2829734041213987,"_runtime":4.2949673179350605e+09,"_step":40}