{"_runtime":6,"_step":2,"evaluate_loss":2.3700255274772646,"evaluate_accuracy":0.1024,"_timestamp":1.7565464401137764e+09,"_wandb":{"runtime":6},"train_loss":3.978996837974354,"EXP_083_N8_R4_E2_CLIENT_04_status":0}