{"train_loss":12.089194822368576,"_runtime":2640.44851955,"_step":5,"_timestamp":1.7542155358124902e+09,"_wandb":{"runtime":2640},"evaluate_accuracy":0.32933413317336535,"evaluate_loss":1.7019223587853567}