{"EXP_088_N8_R4_E2_CLIENT_08_status":0,"_step":4,"_wandb":{"runtime":8},"evaluate_accuracy":0.1744,"train_loss":3.918325651982787,"_runtime":8,"_timestamp":1.7565500390161185e+09,"evaluate_loss":2.1519631415605547}