{"_timestamp":1.7545828855620844e+09,"_wandb":{"runtime":9596},"evaluate_accuracy":0.4232,"evaluate_loss":1.554934393001508,"train_loss":6.3524778136810935,"_runtime":9596.98030607,"_step":8}