{"_wandb":{"runtime":1644},"evaluate_accuracy":0.3256,"evaluate_loss":1.7813848800297025,"train_loss":8.56586991712308,"_runtime":1644.507159706,"_step":5,"_timestamp":1.7541756737136574e+09}