{"_timestamp":1.7565716346231456e+09,"evaluate_accuracy":0.409,"_runtime":26,"_step":7,"_wandb":{"runtime":26},"evaluate_loss":1.63367217684549,"train_loss":4.929311796665192,"EXP_099_N5_R4_E3_CLIENT_02_status":0}