{"evaluate_loss":1.7229130627974025,"train_loss":6.9652797736619645,"_runtime":9304.016333519,"_step":7,"_timestamp":1.7545850025888042e+09,"_wandb":{"runtime":9304},"evaluate_accuracy":0.3479304139172166}