{"_timestamp":1.756490554284856e+09,"_wandb":{"runtime":8},"train_loss":6.023236950238545,"evaluate_accuracy":0.0956043956043956,"evaluate_loss":2.36663818359375,"_runtime":8,"_step":1}