{"_timestamp":1.7477466335801272e+09,"_runtime":2.260126726,"_step":0,"evaluate_loss":1.8653902292251587,"evaluate_accuracy":0.29934013197360526,"_wandb":{"runtime":3}}