{"evaluate_loss":1.5327982641401745,"train_loss":7.958796591781597,"_runtime":6928.756918036,"_step":7,"_timestamp":1.7541725258194673e+09,"_wandb":{"runtime":6928},"evaluate_accuracy":0.44631073785242953}