{"_step":0,"train_loss":11.989257505065517,"_wandb":{"runtime":45},"_timestamp":1.7545860029717965e+09,"_runtime":45.292303493}