{"evaluate_loss":2.0284638199836587,"train_loss":5.1736347215652465,"_runtime":617.028439414,"_step":4,"_timestamp":1.7494617145157292e+09,"_wandb":{"runtime":617},"evaluate_accuracy":0.2024}