{"_timestamp":1.7542190342251637e+09,"_wandb":{"runtime":347},"evaluate_accuracy":0.2524,"evaluate_loss":2.061540241482892,"train_loss":9.273352976424244,"_runtime":347.923016736,"_step":3}