{"EXP_108_N8_R5_E5_CLIENT_06_status":0,"_wandb":{"runtime":51},"_runtime":51,"_step":10,"_timestamp":1.7565759463124304e+09,"evaluate_accuracy":0.3696,"evaluate_loss":1.7152816832065585,"train_loss":8.088448994478602}