{"_wandb":{"runtime":9},"_runtime":9.992800766,"train_loss":6.071186229848025,"_timestamp":1.7564905401081407e+09,"_step":0}