{"_runtime":11,"_timestamp":1.756550915802087e+09,"_wandb":{"runtime":11},"evaluate_accuracy":0.1104,"_step":5,"evaluate_loss":2.299726361036301,"train_loss":4.032344176511097,"EXP_090_N8_R4_E2_CLIENT_06_status":0}