{"_step":9,"_timestamp":1.7542069941602685e+09,"_wandb":{"runtime":20991},"evaluate_accuracy":0.4258,"evaluate_loss":1.5481898336653497,"train_loss":4.7256270860672,"_runtime":20990.984812607}