{"evaluate_loss":1.655573884646098,"train_loss":6.481919521908108,"_runtime":2374.998988683,"_step":6,"_timestamp":1.7492164301107898e+09,"_wandb":{"runtime":2374},"evaluate_accuracy":0.38182363527294544}