{"evaluate_loss":2.3276285443987166,"evaluate_accuracy":0.09720972097209721,"_runtime":8,"_step":1,"_timestamp":1.7564887727482474e+09,"_wandb":{"runtime":8},"train_loss":6.123063215248877}