{"_runtime":9,"_step":2,"_timestamp":1.7565724363630219e+09,"_wandb":{"runtime":9},"train_loss":6.912038195905068,"evaluate_loss":2.3086999756949287,"evaluate_accuracy":0.10251798561151079,"EXP_101_N9_R4_E3_CLIENT_03_status":0}