{"evaluate_loss":1.93742136657238,"train_loss":9.095254952740518,"_runtime":147,"_step":5,"_timestamp":1.757155546134932e+09,"_wandb":{"runtime":147},"evaluate_accuracy":0.2448}