{"_timestamp":1.7564838621623452e+09,"_wandb":{"runtime":276},"_runtime":276.714432462,"_step":0,"train_loss":6.042914684727895}