{"evaluate_accuracy":0.1608,"train_loss":7.363323165352937,"_runtime":43,"_step":5,"_timestamp":1.7571489118231697e+09,"evaluate_loss":2.1482607245445253,"EXP_109_N8_R5_E4_CLIENT_04_status":0,"_wandb":{"runtime":43}}