{"evaluate_accuracy":0.3346,"evaluate_loss":1.7701113292366075,"train_loss":3.9798297404671175,"_runtime":4.294967314232371e+09,"_step":48,"_timestamp":1.7479230569667797e+09,"_wandb":{"runtime":4294967314}}