{"_wandb":{"runtime":38},"train_loss":6.786652648524874,"EXP_106_N8_R5_E4_CLIENT_07_status":0,"_runtime":38,"evaluate_accuracy":0.372,"evaluate_loss":1.690680295228958,"_step":7,"_timestamp":1.7565748430800796e+09}