{"_timestamp":1.754176420197209e+09,"_wandb":{"runtime":190},"evaluate_accuracy":0.096,"evaluate_loss":2.49397447139402,"train_loss":8.77828593680653,"_runtime":190.403907209,"_step":2}