{"train_loss":3.993640780734787,"EXP_092_N3_R3_E2_CLIENT_01_status":0,"evaluate_loss":2.2592798550923665,"evaluate_accuracy":0.15236952609478105,"_runtime":15,"_step":2,"_timestamp":1.7565681354986947e+09,"_wandb":{"runtime":15}}