{"_runtime":192.239393685,"_step":4,"_timestamp":1.757155705157541e+09,"_wandb":{"runtime":192},"evaluate_accuracy":0.26,"evaluate_loss":1.8831437438726424,"train_loss":8.64841965505272}