{"evaluate_loss":2.279247015337401,"train_loss":7.71249761215795,"_runtime":274.014265066,"_step":3,"_timestamp":1.7545821845097556e+09,"_wandb":{"runtime":274},"evaluate_accuracy":0.1508}