{"_timestamp":1.7541746768526318e+09,"_wandb":{"runtime":5308},"evaluate_accuracy":0.27474505098980206,"evaluate_loss":1.8937564480979487,"train_loss":8.772270372039394,"_runtime":5308.251108541,"_step":6}