{"_step":9,"_timestamp":1.7542213100269005e+09,"_wandb":{"runtime":32896},"evaluate_accuracy":0.4352,"evaluate_loss":1.5010350784168969,"train_loss":10.893853140334352,"_runtime":32896.518372836}