{"_wandb":{"runtime":6173},"evaluate_accuracy":0.3768,"evaluate_loss":1.656334563425392,"train_loss":5.177636545562744,"_runtime":6173.158698764,"_step":7,"_timestamp":1.7541306298662574e+09}