{"train_loss":3.656835997962951,"_step":3,"_timestamp":1.7541482424775865e+09,"client_name":"EXP_001_Nunknown_R3_E2_CLIENT_01","evaluate_loss":1.8870492042249936,"partition_id":1,"_wandb":{"runtime":215},"evaluate_accuracy":0.27,"_runtime":214.983351472}