{"_wandb":{"runtime":125},"evaluate_accuracy":0.1012,"evaluate_loss":2.674113777792378,"train_loss":3.5451476634979247,"_runtime":125.939755113,"_step":2,"_timestamp":1.7541523144077911e+09}