{"_runtime":32,"_timestamp":1.7565734928566403e+09,"_wandb":{"runtime":32},"evaluate_loss":1.6259259104728698,"train_loss":5.019142519136903,"EXP_103_N8_R4_E3_CLIENT_04_status":0,"_step":9,"evaluate_accuracy":0.4088}