{"_timestamp":1.7565746815515776e+09,"train_loss":8.154050756411948,"_step":0,"_wandb":{"runtime":17},"_runtime":17,"EXP_106_N8_R5_E4_CLIENT_05_status":0}