{"evaluate_loss":1.7300975141071138,"train_loss":3.556643665265694,"_runtime":4.294967298455752e+09,"_step":27,"_timestamp":1.7478336778360078e+09,"_wandb":{"runtime":4294967299},"evaluate_accuracy":0.33353329334133175}