{"_step":2,"_timestamp":1.7494616538979778e+09,"_wandb":{"runtime":148},"evaluate_accuracy":0.0862,"evaluate_loss":2.322040447004282,"train_loss":5.208354481506348,"_runtime":148.932746659}