{"_step":3,"_timestamp":1.7564901616411352e+09,"_wandb":{"runtime":17},"evaluate_accuracy":0.187,"evaluate_loss":2.051481120288372,"train_loss":5.382332789421081,"_runtime":17.357488262}