{"_step":9,"_timestamp":1.7542213090651011e+09,"_wandb":{"runtime":33564},"evaluate_accuracy":0.4228,"evaluate_loss":1.5504824405984035,"train_loss":10.81101521192648,"_runtime":33564.339612351}