{"evaluate_loss":2.303137218952179,"train_loss":5.943427842134123,"_timestamp":1.7565467694299045e+09,"evaluate_accuracy":0.1032,"EXP_084_N8_R4_E3_CLIENT_04_status":0,"_runtime":10,"_step":4,"_wandb":{"runtime":10}}