{"evaluate_loss":2.3495116807237455,"_wandb":{"runtime":108},"train_loss":16.128110305950663,"_runtime":108.37698102,"_step":1,"_timestamp":1.7542209704562087e+09,"evaluate_accuracy":0.0968}