{"evaluate_accuracy":0.31853629274145173,"evaluate_loss":1.7529318894980088,"train_loss":6.789747551297457,"_runtime":2153.529184099,"_step":5,"_timestamp":1.7545854451919308e+09,"_wandb":{"runtime":2153}}