{"train_loss":4.7300540727615354,"_runtime":12443.954780609,"_step":8,"_timestamp":1.7542069788834152e+09,"_wandb":{"runtime":12443},"evaluate_accuracy":0.4134,"evaluate_loss":1.5872616411014726}