{"evaluate_accuracy":0.4228,"evaluate_loss":1.5994060160238532,"train_loss":10.968404390560552,"_runtime":4400.947337474,"_step":6,"_timestamp":1.7541790065425086e+09,"_wandb":{"runtime":4400}}