{"_timestamp":1.7565729079630337e+09,"_wandb":{"runtime":0},"evaluate_accuracy":0.191,"evaluate_loss":2.047645151615143,"EXP_102_N10_R4_E3_CLIENT_08_status":0,"_runtime":0,"_step":3}