{"evaluate_accuracy":0.0984,"_wandb":{"runtime":0},"_runtime":0,"_step":1,"EXP_105_N8_R4_E4_CLIENT_06_status":0,"_timestamp":1.7565741963783066e+09,"evaluate_loss":2.3181650638580322}