{"train_loss":7.267163147196245,"_runtime":1171.842676254,"_step":5,"_timestamp":1.7563105631764288e+09,"_wandb":{"runtime":1171},"evaluate_accuracy":0.32273545290941813,"evaluate_loss":1.7913708506890063}