{"evaluate_accuracy":0.1588,"evaluate_loss":2.269030235375568,"train_loss":3.936604125595093,"_runtime":4.294967316151733e+09,"_step":44,"_timestamp":1.7479229014595125e+09,"_wandb":{"runtime":4294967316}}