{"_runtime":0,"_timestamp":1.7564896551026268e+09,"_step":0,"evaluate_loss":2.311912625176566,"evaluate_accuracy":0.10071942446043165,"_wandb":{"runtime":0}}