{"_timestamp":1.7479229576742554e+09,"_wandb":{"runtime":4294967316},"evaluate_accuracy":0.1106,"evaluate_loss":2.5461626235087205,"train_loss":3.589841241836548,"_runtime":4.294967316157165e+09,"_step":46}