{"evaluate_accuracy":0.34743474347434744,"evaluate_loss":1.76064258984157,"_runtime":0,"_step":2,"_timestamp":1.7564888562667096e+09,"_wandb":{"runtime":0}}