{"_step":6,"_timestamp":1.7571557278534265e+09,"_wandb":{"runtime":242},"evaluate_accuracy":0.3592,"evaluate_loss":1.7060869991779328,"train_loss":8.68054672107575,"_runtime":242}