{"_runtime":23.948429814,"_step":1,"_timestamp":1.7541545187771716e+09,"_wandb":{"runtime":23},"train_loss":3.950178597450257,"evaluate_loss":2.435749931940957,"evaluate_accuracy":0.095}