{"_runtime":171,"_wandb":{"runtime":171},"evaluate_loss":1.5948911368846894,"_step":10,"_timestamp":1.757149122045918e+09,"evaluate_accuracy":0.4104,"train_loss":6.420646982587827,"EXP_109_N8_R5_E4_CLIENT_07_status":0}