{"_wandb":{"runtime":5224},"evaluate_accuracy":0.3312,"evaluate_loss":1.773424510714374,"train_loss":7.100436961308074,"_runtime":5224.527523541,"_step":7,"_timestamp":1.7545823128709216e+09}