{"_wandb":{"runtime":6},"_runtime":6,"train_loss":4.437647647159115,"_step":0,"EXP_089_N8_R4_E2_CLIENT_01_status":0,"_timestamp":1.756550616721919e+09}