{"_runtime":64.175725484,"_step":1,"_timestamp":1.7494659652713885e+09,"evaluate_loss":2.326944787161691,"evaluate_accuracy":0.10437912417516497,"_wandb":{"runtime":64},"train_loss":7.131374481484759}