{"_timestamp":1.7565453560260398e+09,"_wandb":{"runtime":13},"EXP_080_N6_R4_E3_CLIENT_04_status":0,"_runtime":13,"_step":4,"evaluate_accuracy":0.28674265146970607,"evaluate_loss":1.8738537959332735,"train_loss":5.339900313381944}