{"train_loss":9.489203291579177,"_timestamp":1.754172925159792e+09,"_runtime":39.246818564,"_step":0,"_wandb":{"runtime":39}}