{"_runtime":13,"_step":7,"_timestamp":1.7565509335927958e+09,"_wandb":{"runtime":13},"evaluate_accuracy":0.2312,"evaluate_loss":1.9819777935743332,"train_loss":4.60666973271947,"EXP_090_N8_R4_E2_CLIENT_01_status":0}