{"_step":1,"evaluate_loss":2.6577816395532516,"evaluate_accuracy":0.10287942411517696,"_timestamp":1.749466838148965e+09,"_wandb":{"runtime":58},"train_loss":7.370702086592749,"_runtime":58.579819171}