{"_runtime":30.249473738,"_wandb":{"runtime":30},"_step":0,"train_loss":7.412245653230223,"_timestamp":1.754129192355576e+09}