{"_runtime":1155.003795629,"_step":4,"_timestamp":1.7545848321919236e+09,"_wandb":{"runtime":1155},"evaluate_accuracy":0.20575884823035392,"evaluate_loss":2.1031545603050374,"train_loss":7.376952145088232}