{"_runtime":20.164262371,"_step":0,"_wandb":{"runtime":20},"train_loss":3.892165403366089,"_timestamp":1.747828165925506e+09}