{"train_loss":3.980220103263855,"_timestamp":1.754154494011481e+09,"_runtime":13.213965836,"_step":0,"_wandb":{"runtime":13}}