{"_timestamp":1.757154081128435e+09,"_wandb":{"runtime":164},"evaluate_loss":2.3967433512210845,"evaluate_accuracy":0.096,"train_loss":9.70748501218808,"_runtime":164,"_step":1}