{"_runtime":143.040615116,"_step":2,"_timestamp":1.7563099494138489e+09,"_wandb":{"runtime":143},"evaluate_accuracy":0.1285,"evaluate_loss":2.28748249250745,"train_loss":7.603923393726349}