{"_timestamp":1.7564910512158341e+09,"_step":0,"_wandb":{"runtime":0},"_runtime":0,"evaluate_loss":2.374613227667632,"evaluate_accuracy":0.09832134292565947}