{"train_loss":11.203635625565012,"_runtime":90.439433847,"evaluate_loss":2.3948408591596384,"evaluate_accuracy":0.0968,"_step":1,"_timestamp":1.7545833330693667e+09,"_wandb":{"runtime":90}}