{"_timestamp":1.747832071490303e+09,"_wandb":{"runtime":368},"evaluate_accuracy":0.108,"evaluate_loss":2.307401604950428,"train_loss":4.150412310600281,"_runtime":367.590595394,"_step":7}