{"_step":8,"_timestamp":1.7545855757092116e+09,"_wandb":{"runtime":10709},"evaluate_accuracy":0.40431913617276544,"evaluate_loss":1.6170447794896252,"train_loss":6.430355312151201,"_runtime":10709.355477469}