{"EXP_082_N6_R4_E5_CLIENT_03_status":0,"_runtime":33,"_step":5,"_timestamp":1.7565461173449202e+09,"evaluate_accuracy":0.28254349130173967,"evaluate_loss":1.8034824132919312,"_wandb":{"runtime":33},"train_loss":8.886759171075228}