{"evaluate_accuracy":0.2872,"train_loss":6.65820720393187,"EXP_109_N8_R5_E4_CLIENT_07_status":0,"_runtime":150,"evaluate_loss":1.845241767168045,"_step":7,"_timestamp":1.7571490680339227e+09,"_wandb":{"runtime":150}}