{"train_loss":7.232685256347382,"_runtime":139.122181918,"_step":2,"_timestamp":1.7492163046029212e+09,"_wandb":{"runtime":139},"evaluate_accuracy":0.09508098380323936,"evaluate_loss":2.3409752073742096}