{"evaluate_accuracy":0.3036,"evaluate_loss":1.8132880971689893,"train_loss":3.5029792039871217,"_runtime":438.142918309,"_step":4,"_timestamp":1.7494603685296197e+09,"_wandb":{"runtime":438}}