{"evaluate_loss":1.6911950021419886,"train_loss":9.832151905201268,"_runtime":6950.340245561,"_step":6,"_timestamp":1.7545870248587086e+09,"_wandb":{"runtime":6950},"evaluate_accuracy":0.3659268146370726}