{"evaluate_loss":2.3254955609639487,"train_loss":8.459931864441156,"_runtime":235.963193249,"_step":2,"_timestamp":1.7542124877815838e+09,"_wandb":{"runtime":235},"evaluate_accuracy":0.09178164367126576}