{"_step":4,"_timestamp":1.754221121807974e+09,"_wandb":{"runtime":1094},"evaluate_accuracy":0.18,"evaluate_loss":2.1918587081040006,"train_loss":11.838976031294266,"_runtime":1094.931299111}