{"_wandb":{"runtime":4294967299},"evaluate_accuracy":0.3827234553089382,"evaluate_loss":1.650438225836981,"train_loss":3.42635936645581,"_runtime":4.2949672984397545e+09,"_step":31,"_timestamp":1.7478337784462597e+09}