{"_step":1,"_timestamp":1.7564824025435276e+09,"_wandb":{"runtime":19},"train_loss":6.04003912838884,"evaluate_loss":2.330781109725373,"evaluate_accuracy":0.1096,"_runtime":19}