{"_wandb":{"runtime":10},"evaluate_loss":1.7162399905068533,"train_loss":5.5140084877288595,"EXP_101_N9_R4_E3_CLIENT_07_status":0,"_runtime":10,"evaluate_accuracy":0.37410071942446044,"_step":8,"_timestamp":1.756572559933604e+09}