{"train_loss":4.610176391601563,"_runtime":528.568502481,"_step":2,"_timestamp":1.7478321832793584e+09,"_wandb":{"runtime":528},"evaluate_accuracy":0.1,"evaluate_loss":2.3118093609809875}