{"_runtime":28,"_step":6,"_timestamp":1.7565720687658992e+09,"_wandb":{"runtime":28},"evaluate_accuracy":0.268,"train_loss":5.410458460734908,"evaluate_loss":1.9143044859170917,"EXP_100_N8_R4_E3_CLIENT_03_status":0}