{"_wandb":{"runtime":20},"evaluate_loss":2.3027681589126585,"_runtime":20,"evaluate_accuracy":0.1048,"train_loss":6.91180813540319,"EXP_084_N8_R4_E3_CLIENT_04_status":0,"_step":7,"_timestamp":1.7565468085487967e+09}