{"EXP_084_N8_R4_E3_CLIENT_06_status":0,"_runtime":10,"_step":2,"_timestamp":1.7565467525910053e+09,"_wandb":{"runtime":10},"evaluate_accuracy":0.1152,"train_loss":6.9149827425646935,"evaluate_loss":2.3435950934886933}