{"_timestamp":1.7571543346669645e+09,"_wandb":{"runtime":39},"evaluate_accuracy":0.32,"evaluate_loss":1.7483396798372268,"train_loss":8.698400520974664,"_runtime":39,"_step":3}