{"evaluate_accuracy":0.3956,"evaluate_loss":1.6257016190999671,"train_loss":8.153918663152872,"_runtime":11818.186150318,"_step":8,"_timestamp":1.7542192221955643e+09,"_wandb":{"runtime":11818}}