{"evaluate_accuracy":0.30845323741007197,"evaluate_loss":1.8404297692435128,"train_loss":6.916916689426779,"_runtime":8,"_step":3,"_timestamp":1.7564897918361595e+09,"_wandb":{"runtime":8}}