{"_runtime":32.186077216,"train_loss":7.403506061074081,"_timestamp":1.7571511222070673e+09,"_step":0,"_wandb":{"runtime":32}}