{"train_loss":5.43545728621723,"_runtime":131.161578439,"_step":2,"_timestamp":1.7542112690927367e+09,"_wandb":{"runtime":131},"evaluate_accuracy":0.09508098380323936,"evaluate_loss":2.4359673091343472}