{"_timestamp":1.7571726147162442e+09,"_wandb":{"runtime":46},"evaluate_accuracy":0.427,"evaluate_loss":1.5471821531416878,"train_loss":7.924812727451324,"_runtime":46,"_step":6}