{"_timestamp":1.7571489389314644e+09,"evaluate_accuracy":0.2776,"EXP_109_N8_R5_E4_CLIENT_04_status":0,"_runtime":43,"_wandb":{"runtime":43},"evaluate_loss":1.8916550874710083,"train_loss":7.363323165352937,"_step":7}