{"train_loss":6.543147856435075,"_runtime":5108.283728813,"_step":7,"_timestamp":1.754582841411843e+09,"_wandb":{"runtime":5108},"evaluate_accuracy":0.412,"evaluate_loss":1.5931670409214647}