{"evaluate_loss":1.9089684527495812,"train_loss":5.457096861119856,"_runtime":17.483154094,"_step":3,"_timestamp":1.7564906279866254e+09,"_wandb":{"runtime":17},"evaluate_accuracy":0.22662266226622663}