{"_timestamp":1.754173070648845e+09,"_wandb":{"runtime":828},"evaluate_accuracy":0.1524,"evaluate_loss":2.2397421794601633,"train_loss":8.385131101257885,"_runtime":828.105509824,"_step":4}