{"evaluate_loss":2.1466694325208664,"train_loss":5.670406718922269,"_runtime":20.88328675,"_step":3,"_timestamp":1.7564893038962958e+09,"_wandb":{"runtime":20},"evaluate_accuracy":0.1688}