{"evaluate_loss":1.6962722437722342,"train_loss":5.004556692332673,"EXP_096_N3_R4_E3_CLIENT_02_status":0,"_wandb":{"runtime":44},"evaluate_accuracy":0.3608278344331134,"_runtime":44,"_step":7,"_timestamp":1.7565704713384635e+09}