{"train_loss":8.386133788015059,"_runtime":418.559251826,"_step":3,"_timestamp":1.7541723704328768e+09,"_wandb":{"runtime":418},"evaluate_accuracy":0.17156568686262746,"evaluate_loss":2.1845145952133906}