{"train_loss":9.512907525221,"_runtime":372.099443526,"_step":3,"_timestamp":1.7542179292195714e+09,"_wandb":{"runtime":372},"evaluate_accuracy":0.2044,"evaluate_loss":2.1269682525079463}