{"_timestamp":1.7541780517580512e+09,"_wandb":{"runtime":265},"evaluate_accuracy":0.1008,"evaluate_loss":2.327966545201555,"train_loss":13.04344439925477,"_runtime":265.972928693,"_step":2}