{"_step":2,"_timestamp":1.7564824346257644e+09,"_wandb":{"runtime":41},"evaluate_accuracy":0.096,"evaluate_loss":2.3362672992899447,"train_loss":5.506549207547221,"_runtime":41.132745971}