{"_step":2,"_timestamp":1.7565733467621675e+09,"_wandb":{"runtime":15},"train_loss":5.977070072653946,"evaluate_accuracy":0.0984,"evaluate_loss":2.3595407009124756,"EXP_103_N8_R4_E3_CLIENT_03_status":0,"_runtime":15}