{"_runtime":61,"_timestamp":1.7565704565787292e+09,"EXP_096_N3_R4_E3_CLIENT_01_status":0,"_step":6,"_wandb":{"runtime":61},"evaluate_accuracy":0.3677264547090582,"evaluate_loss":1.7112817798342024,"train_loss":4.93535278312308}