{"evaluate_loss":1.7440322750019577,"train_loss":6.8971275513252,"_runtime":9346.098690362,"_step":7,"_timestamp":1.7545850030063932e+09,"_wandb":{"runtime":9346},"evaluate_accuracy":0.3395320935812837}