{"_wandb":{"runtime":8},"_runtime":8,"EXP_101_N9_R4_E3_CLIENT_04_status":0,"_timestamp":1.7565724201122472e+09,"train_loss":6.239491591350638,"_step":0}