{"evaluate_accuracy":0.3088,"evaluate_loss":1.8483589500188828,"_runtime":224,"_timestamp":1.7571490703393044e+09,"_wandb":{"runtime":224},"train_loss":6.516649943248481,"EXP_109_N8_R5_E4_CLIENT_01_status":0,"_step":9}