{"_timestamp":1.7565458287019205e+09,"evaluate_accuracy":0.382123575284943,"evaluate_loss":1.7353036786025424,"train_loss":6.849235190729205,"_runtime":45,"_step":10,"_wandb":{"runtime":45},"EXP_081_N6_R4_E4_CLIENT_05_status":0}