{"_step":4,"_timestamp":1.7541756526381094e+09,"_wandb":{"runtime":730},"evaluate_accuracy":0.1856,"evaluate_loss":2.0701181722592703,"train_loss":8.678612421114986,"_runtime":730.410952911}