{"_timestamp":1.7563110147335005e+09,"_wandb":{"runtime":242},"evaluate_accuracy":0.08537438768369489,"evaluate_loss":2.3037606875101724,"train_loss":7.804181485868699,"_runtime":242.187885163,"_step":2}