{"_wandb":{"runtime":22},"_runtime":22.011125454,"_step":0,"train_loss":5.695895922555626,"_timestamp":1.7494651271904216e+09}