{"_timestamp":1.7541781376425128e+09,"_wandb":{"runtime":1116},"evaluate_accuracy":0.1652,"evaluate_loss":2.172222715389879,"train_loss":13.410654702887367,"_runtime":1116.048110464,"_step":4}