{"_runtime":10617.764480953,"_step":7,"_timestamp":1.7541746931227033e+09,"_wandb":{"runtime":10617},"evaluate_accuracy":0.33473305338932213,"evaluate_loss":1.7617219484077309,"train_loss":8.772270372039394}