{"EXP_101_N9_R4_E3_CLIENT_04_status":0,"_runtime":8,"_step":2,"_timestamp":1.7565724354041443e+09,"_wandb":{"runtime":8},"train_loss":6.239491591350638,"evaluate_loss":2.3156717572893415,"evaluate_accuracy":0.08820882088208822}