{"evaluate_accuracy":0.2624,"evaluate_loss":1.982513923553904,"train_loss":3.391548689842224,"_runtime":443.120398287,"_step":4,"_timestamp":1.7494607641861129e+09,"_wandb":{"runtime":443}}