{"_step":1,"_timestamp":1.7545852710526192e+09,"_wandb":{"runtime":99},"train_loss":9.21814673825314,"evaluate_loss":2.322291914022194,"evaluate_accuracy":0.10077984403119376,"_runtime":99.757674667}