{"evaluate_loss":2.2305936654408773,"evaluate_accuracy":0.16286742651469707,"_timestamp":1.7492144913319895e+09,"_wandb":{"runtime":32},"train_loss":3.97803084713092,"_runtime":32.67899149,"_step":1}