{"_timestamp":1.7541723718610146e+09,"_wandb":{"runtime":404},"evaluate_accuracy":0.18056388722255548,"evaluate_loss":2.158266278675624,"train_loss":8.609407219383643,"_runtime":404.417062225,"_step":3}