{"_wandb":{"runtime":212},"evaluate_accuracy":0.20515896820635873,"evaluate_loss":2.14314934526171,"train_loss":5.236037345813047,"_runtime":212.289484319,"_step":3,"_timestamp":1.749464454878804e+09}