{"_wandb":{"runtime":3},"evaluate_loss":1.6384140809377035,"evaluate_accuracy":0.39532093581283745,"_timestamp":1.747745962790956e+09,"_runtime":2.288560245,"_step":0}