{"_wandb":{"runtime":3441},"evaluate_accuracy":0.40461907618476306,"evaluate_loss":1.636486706279573,"train_loss":7.972011857753177,"_runtime":3441.305082139,"_step":6,"_timestamp":1.7542136609148e+09}