{"_runtime":0,"evaluate_accuracy":0.1016,"_step":1,"EXP_100_N8_R4_E3_CLIENT_08_status":0,"_timestamp":1.7565720033700132e+09,"evaluate_loss":2.297762560844421,"_wandb":{"runtime":0}}