{"_step":4,"_timestamp":1.7542078958770807e+09,"_wandb":{"runtime":1040},"evaluate_accuracy":0.2856,"evaluate_loss":1.82797379402598,"train_loss":8.47026656513214,"_runtime":1040.267544997}