{"_runtime":89976.189694765,"_step":11,"_timestamp":1.7545856922657506e+09,"_wandb":{"runtime":89976},"evaluate_accuracy":0.4475104979004199,"evaluate_loss":1.4875290225136955,"train_loss":6.245888888550717}