{"evaluate_loss":1.9794060394262811,"train_loss":3.540820532989502,"_runtime":214.826287325,"_step":3,"_timestamp":1.7492035180742316e+09,"_wandb":{"runtime":214},"evaluate_accuracy":0.2586}