{"evaluate_loss":2.363653326034546,"evaluate_accuracy":0.0928,"_step":1,"_wandb":{"runtime":0},"_runtime":0,"EXP_084_N8_R4_E3_CLIENT_08_status":0,"_timestamp":1.7565467251954365e+09}