{"_timestamp":1.7564640319763668e+09,"_step":0,"_wandb":{"runtime":293},"_runtime":293.502424989,"train_loss":6.117501659620376}