{"evaluate_accuracy":0.35062987402519497,"evaluate_loss":1.6912240550631568,"train_loss":5.245630343469212,"_runtime":1050.520340758,"_step":5,"_timestamp":1.7542113441943886e+09,"_wandb":{"runtime":1050}}