{"evaluate_loss":1.5870441515234452,"train_loss":9.535062642904895,"_runtime":32232.539986825,"_step":9,"_timestamp":1.7545842181688037e+09,"_wandb":{"runtime":32232},"evaluate_accuracy":0.4104}