{"evaluate_accuracy":0.36682663467306537,"evaluate_loss":1.6626283043906802,"train_loss":6.7435518491754145,"_runtime":1360.149783761,"_step":5,"_timestamp":1.7492159509762797e+09,"_wandb":{"runtime":1360}}