{"_timestamp":1.7563094240056722e+09,"_runtime":25.102751628,"_step":0,"_wandb":{"runtime":25},"train_loss":7.4663378045962645}