{"_wandb":{"runtime":3509},"evaluate_accuracy":0.4196,"evaluate_loss":1.5690909774997566,"train_loss":4.953040379304856,"_runtime":3509.89477093,"_step":7,"_timestamp":1.7542173177816513e+09}