{"_step":4,"_wandb":{"runtime":13},"evaluate_loss":1.7433071704137892,"_timestamp":1.7565715665164065e+09,"evaluate_accuracy":0.3255,"train_loss":5.315066148757935,"EXP_099_N5_R4_E3_CLIENT_04_status":0,"_runtime":13}