{"_runtime":537.073403677,"_step":4,"_timestamp":1.754129446424589e+09,"_wandb":{"runtime":537},"evaluate_accuracy":0.289,"evaluate_loss":1.8681760046892104,"train_loss":3.602337672996521}