{"_wandb":{"runtime":872},"evaluate_accuracy":0.0976,"evaluate_loss":2.303132930379005,"train_loss":4.608107730865479,"_runtime":872.75380934,"_step":5,"_timestamp":1.7494610270246937e+09}