{"_step":3,"_timestamp":1.756572891535363e+09,"_wandb":{"runtime":20},"EXP_102_N10_R4_E3_CLIENT_03_status":0,"evaluate_accuracy":0.108,"evaluate_loss":2.306341700255871,"train_loss":5.790590806007385,"_runtime":20}